age,gender,bmi,systolic_bp,diastolic_bp,glucose,cholesterol,smoking,exercise_hours,sleep_hours,alcohol_units,diet_score,heart_rate,ecg_events,sym_fatigue,sym_chest_pain,sym_shortness_of_breath,sym_dizziness,sym_nausea,sym_headache,sym_fever,sym_blurred_vision,sym_frequent_urination,sym_excessive_thirst,sym_weight_gain,sym_weight_loss,sym_joint_pain,sym_itching,sym_cough,sym_wheezing,sym_swelling,sym_palpitations,sym_numbness,sym_abdominal_pain,disease_target
34.0,1,23.0,109.7,75.5,80.2,184.3,0,4.6,7.1,2.6,9.0,77.4,0,0,0,0,0,0,0,0,0,0,0,0,0,0,0,0,0,0,0,0,0,0
47.0,1,20.7,109.9,76.6,90.5,179.6,0,5.1,7.7,0.6,8.0,79.9,0,0,0,0,0,0,0,0,0,0,0,0,0,0,0,0,0,0,0,0,0,0
49.0,0,21.6,114.8,76.3,90.3,183.1,0,4.2,8.2,0.9,7.6,65.9,0,0,0,0,0,0,0,0,0,0,0,0,0,0,0,0,0,0,0,0,0,0
28.0,0,20.0,116.4,72.1,86.1,178.7,0,5.6,7.5,0.3,7.4,69.5,0,0,0,0,0,0,0,0,0,0,0,0,0,0,0,0,0,0,0,0,0,0
35.0,0,23.7,105.4,75.7,87.4,163.7,0,4.9,7.2,1.8,8.0,70.6,0,0,0,0,0,0,0,0,0,0,0,0,0,0,0,0,0,0,0,0,0,0
40.0,0,19.7,117.2,73.1,77.2,157.8,0,5.8,9.0,6.8,10.0,65.5,0,0,0,0,0,0,0,0,0,0,0,0,0,0,0,0,0,0,0,0,0,0
24.0,1,22.7,122.0,74.5,91.9,165.0,0,3.6,7.1,1.5,9.9,60.3,0,0,0,0,0,0,0,0,0,0,0,0,0,0,0,0,0,0,0,0,0,0
48.0,0,22.5,113.4,75.1,93.8,175.1,0,6.1,7.9,2.9,9.3,73.2,0,0,0,0,0,0,0,0,0,0,0,0,0,0,0,0,0,0,0,0,0,0
52.0,1,24.7,114.5,76.6,73.7,171.3,0,3.3,7.0,1.1,7.5,72.0,0,0,0,0,0,0,0,0,0,0,0,0,0,0,0,0,0,0,0,0,0,0
45.0,0,22.4,115.1,80.0,97.3,160.1,0,3.0,7.2,0.1,8.1,73.2,0,1,0,0,0,0,0,0,0,0,0,0,0,0,0,0,0,0,0,0,0,0
54.0,1,25.0,122.0,69.3,83.8,176.8,0,3.6,7.4,5.4,8.6,86.9,0,0,0,0,0,0,0,0,0,0,0,0,0,0,0,0,0,0,0,0,0,0
29.0,0,20.9,115.6,73.6,98.6,194.0,0,3.9,6.8,1.7,9.0,72.4,0,1,0,0,0,0,0,0,0,0,0,0,0,0,0,0,0,0,0,0,0,0
49.0,1,21.8,114.9,75.2,83.8,147.4,0,6.9,6.5,0.5,8.7,73.1,0,0,0,0,0,0,0,0,0,0,0,0,0,0,0,0,0,0,0,0,0,0
33.0,0,20.9,118.9,69.3,90.7,169.3,0,5.7,8.9,5.4,8.5,69.9,0,0,0,0,0,0,0,0,0,0,0,0,0,0,0,0,0,0,0,0,0,0
36.0,0,22.7,114.4,75.7,95.7,143.1,1,5.5,6.5,0.2,9.3,80.1,0,0,0,0,0,0,0,0,0,0,0,0,0,0,0,0,0,0,0,0,0,0
34.0,1,22.0,121.4,71.0,81.1,174.8,0,4.8,8.5,0.5,8.7,79.0,0,0,0,0,0,0,0,0,0,0,0,0,0,0,0,0,0,0,0,0,0,0
38.0,0,22.7,106.9,65.0,86.3,165.4,0,5.6,7.7,5.7,8.6,66.4,0,0,0,0,0,0,0,0,0,0,0,0,0,0,0,0,0,0,0,0,0,0
21.0,1,18.5,110.6,77.0,84.3,174.8,0,6.4,7.6,0.4,9.2,62.9,0,0,0,0,0,0,0,0,0,0,0,0,0,0,0,0,0,0,0,0,0,0
34.0,1,21.1,111.3,69.7,82.1,178.0,0,5.2,7.9,3.5,9.1,71.1,0,0,0,0,0,0,0,0,0,0,0,0,0,0,0,0,0,0,0,0,0,0
40.0,0,22.8,113.9,75.3,81.0,149.7,0,3.5,7.3,0.1,7.5,79.5,0,0,0,0,0,0,0,0,0,0,0,0,0,0,0,0,0,0,0,0,0,0
48.0,0,22.4,116.9,73.8,85.0,161.1,0,3.8,8.1,1.8,8.9,90.2,0,1,0,0,0,0,0,0,0,0,0,0,0,0,0,0,0,0,0,0,0,0
29.0,0,21.2,122.0,75.7,82.6,178.5,0,4.4,7.7,1.0,7.7,61.5,0,0,0,0,0,0,0,0,0,0,0,0,0,0,0,0,0,0,0,0,0,0
21.0,1,25.0,112.2,70.2,83.3,178.3,0,5.6,7.2,1.4,8.9,82.2,0,0,0,0,0,0,0,0,0,0,0,0,0,0,0,0,0,0,0,0,0,0
22.0,0,22.7,122.0,73.7,84.2,161.5,0,3.3,7.0,1.7,7.7,74.7,0,0,0,0,0,0,0,0,0,0,0,0,0,0,0,0,0,0,0,0,0,0
44.0,1,24.6,120.2,73.0,88.2,138.3,1,4.4,6.8,0.1,8.5,65.7,0,0,0,0,0,0,0,0,0,0,0,0,0,0,0,0,0,0,0,0,0,0
35.0,1,19.0,116.6,71.7,93.6,163.2,0,5.4,8.1,9.8,8.2,77.7,0,0,0,0,0,0,0,0,0,0,0,0,0,0,0,0,0,0,0,0,0,0
53.0,0,21.1,116.4,71.9,83.5,191.1,0,2.5,8.7,0.4,10.0,68.9,0,0,0,0,0,0,0,0,0,0,0,0,0,0,0,0,0,0,0,0,0,0
40.0,1,19.9,105.3,74.7,83.7,197.9,0,6.8,6.8,2.3,8.4,76.3,0,1,0,0,0,0,0,0,0,0,0,0,0,0,0,0,0,0,0,0,0,0
54.0,0,23.6,115.4,71.1,78.1,183.7,0,7.7,7.9,0.9,8.2,75.4,0,0,0,0,0,0,0,0,0,0,0,0,0,0,0,0,0,0,0,0,0,0
35.0,1,18.5,109.9,70.9,72.1,158.5,0,4.6,8.4,8.8,7.6,70.3,0,1,0,0,0,0,0,0,0,0,0,0,0,0,0,0,0,0,0,0,0,0
21.0,0,23.4,112.2,69.9,85.4,187.8,0,3.0,7.0,3.0,9.3,70.5,0,0,0,0,0,0,0,0,0,0,0,0,0,0,0,0,0,0,0,0,0,0
52.0,0,24.0,119.9,69.9,74.8,173.4,0,7.0,8.0,0.2,7.4,60.7,0,0,0,0,0,0,0,0,0,0,0,0,0,0,0,0,0,0,0,0,0,0
48.0,0,22.8,105.1,74.3,82.7,154.1,0,6.9,8.6,2.5,8.1,76.4,0,0,0,0,0,0,0,0,0,0,0,0,0,0,0,0,0,0,0,0,0,0
24.0,0,21.8,108.6,73.4,81.5,154.5,0,5.3,6.5,0.5,7.7,73.7,0,0,0,0,0,0,0,0,0,0,0,0,0,0,0,0,0,0,0,0,0,0
52.0,0,21.2,115.3,72.0,82.2,176.4,0,5.1,7.8,3.0,6.7,69.8,0,0,0,0,0,0,0,0,0,0,0,0,0,0,0,0,0,0,0,0,0,0
26.0,1,20.8,109.5,72.7,94.6,197.7,0,7.1,7.6,3.7,9.6,64.1,0,0,0,0,0,0,0,0,0,0,0,0,0,0,0,0,0,0,0,0,0,0
30.0,0,18.7,117.3,70.1,77.3,171.2,0,4.0,8.2,0.4,6.5,72.1,0,0,0,0,0,0,0,0,0,0,0,0,0,0,0,0,0,0,0,0,0,0
36.0,0,23.9,108.4,69.3,79.4,176.0,0,4.3,6.5,1.6,6.1,71.8,0,0,0,0,0,0,0,0,0,0,0,0,0,0,0,0,0,0,0,0,0,0
41.0,1,25.0,112.9,68.9,86.4,156.9,0,5.3,8.0,1.9,7.2,71.0,0,0,0,0,0,0,0,0,0,0,0,0,0,0,0,0,0,0,0,0,0,0
49.0,0,21.8,114.4,74.0,88.7,188.3,1,5.2,8.0,1.8,6.6,70.8,0,0,0,0,0,0,0,0,0,0,0,0,0,0,0,0,0,0,0,0,0,0
43.0,0,20.9,120.9,72.1,99.0,172.0,0,6.7,7.7,3.9,6.8,75.2,0,0,0,0,0,0,0,0,0,0,0,0,0,0,0,0,0,0,0,0,0,0
20.0,1,21.5,106.9,75.8,88.8,150.6,0,5.7,7.9,7.2,8.4,64.7,0,0,0,0,0,0,0,0,0,0,0,0,0,0,0,0,0,0,0,0,0,0
26.0,1,20.9,111.9,76.5,86.0,176.8,0,4.4,8.1,0.4,8.2,72.9,0,0,0,0,0,0,0,0,0,0,0,0,0,0,0,0,0,0,0,0,0,0
26.0,1,18.5,112.2,65.3,86.2,171.9,0,6.2,7.7,1.7,7.3,74.9,0,1,0,0,0,0,0,0,0,0,0,0,0,0,0,0,0,0,0,0,0,0
53.0,0,20.5,116.2,69.0,84.8,173.5,0,3.1,8.6,1.8,7.9,66.0,0,0,0,0,0,0,0,0,0,0,0,0,0,0,0,0,0,0,0,0,0,0
29.0,0,20.2,112.9,67.6,80.5,175.2,0,8.2,7.2,5.8,9.2,71.5,0,1,0,0,0,0,0,0,0,0,0,0,0,0,0,0,0,0,0,0,0,0
20.0,0,24.4,121.9,76.0,91.8,189.4,0,5.5,8.0,1.0,8.3,77.6,0,0,0,0,0,0,0,0,0,0,0,0,0,0,0,0,0,0,0,0,0,0
47.0,0,22.8,109.1,75.8,86.0,161.5,0,4.6,7.4,0.0,9.6,79.9,0,0,0,0,0,0,0,0,0,0,0,0,0,0,0,0,0,0,0,0,0,0
30.0,0,18.6,111.3,74.1,90.1,178.6,0,6.0,8.3,0.9,8.0,72.0,0,0,0,0,0,0,0,0,0,0,0,0,0,0,0,0,0,0,0,0,0,0
24.0,1,20.7,122.0,80.0,83.5,166.9,0,2.5,7.5,7.1,6.8,61.4,0,0,0,0,0,0,0,0,0,0,0,0,0,0,0,0,0,0,0,0,0,0
47.0,1,21.9,121.7,78.0,84.5,182.5,0,7.2,6.7,0.0,6.9,69.8,0,0,0,0,0,0,0,0,0,0,0,0,0,0,0,0,0,0,0,0,0,0
23.0,1,21.9,110.4,65.0,77.7,146.7,0,3.4,8.5,1.1,7.8,78.2,0,0,0,0,0,0,0,0,0,0,0,0,0,0,0,0,0,0,0,0,0,0
47.0,1,22.2,116.9,76.5,95.3,189.9,0,6.8,7.2,3.5,8.8,72.6,0,0,0,0,0,0,0,0,0,0,0,0,0,0,0,0,0,0,0,0,0,0
52.0,0,21.3,119.0,74.4,90.8,165.7,0,4.7,7.0,3.2,8.5,71.7,0,0,0,0,0,0,0,0,0,0,0,0,0,0,0,0,0,0,0,0,0,0
28.0,1,23.6,114.3,75.0,78.0,171.7,0,5.8,7.7,3.8,7.4,80.4,0,0,0,0,0,0,0,0,0,0,0,0,0,0,0,0,0,0,0,0,0,0
37.0,0,20.4,120.2,65.0,83.9,155.5,0,4.0,7.9,2.1,8.4,70.2,0,0,0,0,0,0,0,0,0,0,0,0,0,0,0,0,0,0,0,0,0,0
40.0,0,18.8,108.6,77.5,87.6,177.8,1,5.4,8.1,0.4,10.0,60.9,0,0,0,0,0,0,0,0,0,0,0,0,0,0,0,0,0,0,0,0,0,0
35.0,0,22.8,122.0,75.9,83.7,164.9,0,4.5,7.3,8.2,8.7,75.9,0,0,0,0,0,0,0,0,0,0,0,0,0,0,0,0,0,0,0,0,0,0
30.0,0,22.5,115.5,79.9,93.4,135.0,0,4.6,6.5,2.0,7.9,71.8,0,1,0,0,0,0,0,0,0,0,0,0,0,0,0,0,0,0,0,0,0,0
22.0,1,24.3,112.4,73.2,83.1,163.9,0,5.1,8.1,0.9,7.8,76.0,0,0,0,0,0,0,0,0,0,0,0,0,0,0,0,0,0,0,0,0,0,0
41.0,1,22.5,109.4,77.3,91.5,181.2,0,4.5,6.9,1.0,6.9,70.5,0,0,0,0,0,0,0,0,0,0,0,0,0,0,0,0,0,0,0,0,0,0
38.0,1,24.9,112.5,71.6,84.0,179.1,0,4.3,8.6,0.7,7.7,74.0,0,0,0,0,0,0,0,0,0,0,0,0,0,0,0,0,0,0,0,0,0,0
32.0,1,24.2,113.9,65.0,84.9,169.7,0,3.1,7.3,4.3,9.5,62.0,0,0,0,0,0,0,0,0,0,0,0,0,0,0,0,0,0,0,0,0,0,0
38.0,0,21.6,108.5,75.3,79.1,182.0,0,4.1,7.2,1.1,9.1,67.6,0,0,0,0,0,0,0,0,0,0,0,0,0,0,0,0,0,0,0,0,0,0
32.0,0,21.6,104.3,68.9,70.0,168.7,0,4.3,8.4,0.8,9.0,73.5,0,1,0,0,0,0,0,0,0,0,0,0,0,0,0,0,0,0,0,0,0,0
36.0,1,23.7,115.2,73.6,94.2,168.7,0,3.8,8.0,11.6,8.2,82.6,0,0,0,0,0,0,0,0,0,0,0,0,0,0,0,0,0,0,0,0,0,0
34.0,0,21.1,108.2,74.6,90.4,149.8,0,4.5,7.8,1.6,7.8,66.3,0,0,0,0,0,0,0,0,0,0,0,0,0,0,0,0,0,0,0,0,0,0
27.0,1,20.4,111.7,68.5,77.5,169.6,0,5.3,7.9,2.1,8.1,55.6,0,0,0,0,0,0,0,0,0,0,0,0,0,0,0,0,0,0,0,0,0,0
41.0,0,22.1,114.4,71.3,89.2,198.0,0,5.2,7.1,5.4,8.4,69.3,0,0,0,0,0,0,0,0,0,0,0,0,0,0,0,0,0,0,0,0,0,0
47.0,0,24.2,105.2,77.9,86.0,169.1,0,5.4,6.5,2.1,8.4,71.9,0,0,0,0,0,0,0,0,0,0,0,0,0,0,0,0,0,0,0,0,0,0
20.0,1,22.4,122.0,69.6,85.4,197.2,1,4.0,7.8,0.9,7.8,74.7,0,0,0,0,0,0,0,0,0,0,0,0,0,0,0,0,0,0,0,0,0,0
47.0,1,21.2,120.1,71.4,89.8,164.5,0,4.6,8.2,2.9,7.3,61.5,0,0,0,0,0,0,0,0,0,0,0,0,0,0,0,0,0,0,0,0,0,0
52.0,0,25.0,111.7,75.0,92.1,169.7,0,2.5,8.0,11.1,7.7,73.0,0,0,0,0,0,0,0,0,0,0,0,0,0,0,0,0,0,0,0,0,0,0
51.0,0,22.3,114.2,73.6,85.8,169.0,0,4.2,8.2,0.2,6.4,65.4,0,0,0,0,0,0,0,0,0,0,0,0,0,0,0,0,0,0,0,0,0,0
42.0,1,21.0,111.2,78.4,89.8,195.9,0,3.6,7.6,1.1,6.6,78.2,0,0,0,0,0,0,0,0,0,0,0,0,0,0,0,0,0,0,0,0,0,0
43.0,1,22.7,107.3,74.8,79.3,192.5,0,4.9,6.5,1.9,6.8,83.9,0,0,0,0,0,0,0,0,0,0,0,0,0,0,0,0,0,0,0,0,0,0
23.0,0,21.4,113.8,75.8,84.2,166.3,0,2.5,7.9,1.6,7.8,69.7,0,0,0,0,0,0,0,0,0,0,0,0,0,0,0,0,0,0,0,0,0,0
49.0,0,24.4,117.2,70.5,90.0,184.0,1,3.7,7.4,4.5,8.5,57.2,0,0,0,0,0,0,0,0,0,0,0,0,0,0,0,0,0,0,0,0,0,0
21.0,0,22.3,108.4,72.5,90.0,163.0,0,4.4,8.1,0.9,8.3,61.5,0,0,0,0,0,0,0,0,0,0,0,0,0,0,0,0,0,0,0,0,0,0
20.0,1,22.6,118.4,71.8,82.3,155.3,1,2.6,8.1,0.1,9.6,76.7,0,0,0,0,0,0,0,0,0,0,0,0,0,0,0,0,0,0,0,0,0,0
41.0,0,18.5,112.7,71.7,76.7,178.3,0,3.5,7.2,15.6,8.9,79.2,0,0,0,0,0,0,0,0,0,0,0,0,0,0,0,0,0,0,0,0,0,0
20.0,1,21.1,119.1,72.7,77.2,156.7,0,2.5,8.4,0.3,7.7,80.3,0,0,0,0,0,0,0,0,0,0,0,0,0,0,0,0,0,0,0,0,0,0
40.0,1,19.9,114.5,69.1,72.9,166.7,0,3.9,7.0,1.0,6.9,63.9,0,0,0,0,0,0,0,0,0,0,0,0,0,0,0,0,0,0,0,0,0,0
46.0,1,21.8,110.3,75.9,87.4,170.8,0,5.8,7.4,0.4,7.5,67.5,0,1,0,0,0,0,0,0,0,0,0,0,0,0,0,0,0,0,0,0,0,0
42.0,1,20.8,110.0,68.6,88.3,179.6,0,6.0,7.7,0.3,8.2,66.5,0,0,0,0,0,0,0,0,0,0,0,0,0,0,0,0,0,0,0,0,0,0
42.0,1,19.9,122.0,76.6,85.9,194.3,0,4.8,7.1,0.1,8.4,80.3,0,0,0,0,0,0,0,0,0,0,0,0,0,0,0,0,0,0,0,0,0,0
26.0,1,22.4,117.7,72.1,92.0,158.1,0,5.9,8.1,6.7,9.7,68.5,0,0,0,0,0,0,0,0,0,0,0,0,0,0,0,0,0,0,0,0,0,0
32.0,1,18.9,111.0,69.6,77.3,196.1,0,5.3,7.4,0.8,7.6,76.1,0,0,0,0,0,0,0,0,0,0,0,0,0,0,0,0,0,0,0,0,0,0
31.0,0,22.9,108.2,74.6,92.1,182.9,0,4.2,7.2,1.3,8.3,56.9,0,0,0,0,0,0,0,0,0,0,0,0,0,0,0,0,0,0,0,0,0,0
49.0,1,21.7,111.4,79.6,79.7,160.8,0,5.3,7.9,3.6,8.7,67.0,0,0,0,0,0,0,0,0,0,0,0,0,0,0,0,0,0,0,0,0,0,0
41.0,0,23.0,119.3,74.4,99.0,166.7,1,3.8,7.4,0.7,8.0,73.4,0,0,0,0,0,0,0,0,0,0,0,0,0,0,0,0,0,0,0,0,0,0
48.0,0,23.5,109.8,69.7,87.3,180.4,0,3.8,8.1,3.9,7.1,72.9,0,0,0,0,0,0,0,0,0,0,0,0,0,0,0,0,0,0,0,0,0,0
39.0,0,22.3,116.4,76.0,89.6,166.8,0,5.1,6.5,2.0,6.8,69.9,0,0,0,0,0,0,0,0,0,0,0,0,0,0,0,0,0,0,0,0,0,0
50.0,0,21.8,109.9,71.8,84.9,173.3,0,6.1,7.4,1.9,7.3,70.7,0,0,0,0,0,0,0,0,0,0,0,0,0,0,0,0,0,0,0,0,0,0
52.0,0,22.4,110.0,69.6,87.4,174.1,0,7.4,7.8,5.8,8.3,61.6,0,0,0,0,0,0,0,0,0,0,0,0,0,0,0,0,0,0,0,0,0,0
31.0,1,21.1,106.1,71.0,85.7,188.3,1,4.7,8.1,4.0,5.5,78.6,0,0,0,0,0,0,0,0,0,0,0,0,0,0,0,0,0,0,0,0,0,0
48.0,0,21.4,116.1,69.6,89.8,184.7,0,2.5,6.7,0.8,9.7,76.3,0,0,0,0,0,0,0,0,0,0,0,0,0,0,0,0,0,0,0,0,0,0
37.0,0,24.4,111.9,78.7,91.6,198.0,0,4.2,7.4,0.6,7.3,75.1,0,0,0,0,0,0,0,0,0,0,0,0,0,0,0,0,0,0,0,0,0,0
52.0,0,21.7,116.0,80.0,84.4,177.9,0,6.2,7.6,0.0,5.5,72.4,0,0,0,0,0,0,0,0,0,0,0,0,0,0,0,0,0,0,0,0,0,0
50.0,1,23.7,121.4,73.2,73.7,169.4,0,3.6,7.5,5.3,7.1,77.8,0,0,0,0,0,0,0,0,0,0,0,0,0,0,0,0,0,0,0,0,0,0
37.0,1,23.1,122.0,79.9,92.7,166.6,0,5.7,6.8,1.6,7.6,83.0,0,0,0,0,0,0,0,0,0,0,0,0,0,0,0,0,0,0,0,0,0,0
23.0,1,19.3,117.3,78.5,85.7,144.5,0,2.8,7.8,8.3,6.9,76.8,0,0,0,0,0,0,0,0,0,0,0,0,0,0,0,0,0,0,0,0,0,0
39.0,0,20.6,121.9,67.2,77.4,187.5,0,3.9,7.2,1.3,8.4,69.5,0,0,0,0,0,0,0,0,0,0,0,0,0,0,0,0,0,0,0,0,0,0
45.0,0,22.4,112.8,70.2,80.1,175.9,0,4.6,7.6,1.9,8.4,79.2,0,0,0,0,0,0,0,0,0,0,0,0,0,0,0,0,0,0,0,0,0,0
50.0,0,21.1,104.8,66.3,78.4,153.6,0,3.4,7.1,4.1,7.0,69.1,0,0,0,0,0,0,0,0,0,0,0,0,0,0,0,0,0,0,0,0,0,0
39.0,0,25.0,109.6,74.9,85.8,170.6,0,4.9,8.2,8.5,9.2,77.3,0,0,0,0,0,0,0,0,0,0,0,0,0,0,0,0,0,0,0,0,0,0
28.0,1,24.0,116.4,78.9,91.5,193.3,0,5.9,7.4,2.2,7.2,80.6,0,1,0,0,0,0,0,0,0,0,0,0,0,0,0,0,0,0,0,0,0,0
42.0,0,23.4,113.6,72.5,92.5,164.4,0,5.5,7.8,1.1,7.9,59.4,0,0,0,0,0,0,0,0,0,0,0,0,0,0,0,0,0,0,0,0,0,0
36.0,0,19.1,116.5,67.3,85.4,165.9,0,5.3,7.3,0.3,5.7,68.6,0,0,0,0,0,0,0,0,0,0,0,0,0,0,0,0,0,0,0,0,0,0
50.0,0,23.4,121.4,74.7,85.6,177.3,0,3.6,8.5,2.4,9.2,75.3,0,0,0,0,0,0,0,0,0,0,0,0,0,0,0,0,0,0,0,0,0,0
33.0,1,20.7,120.2,75.1,74.5,186.5,0,6.5,7.5,8.3,8.0,75.3,0,0,0,0,0,0,0,0,0,0,0,0,0,0,0,0,0,0,0,0,0,0
37.0,0,20.8,122.0,71.3,81.9,193.5,0,4.1,7.5,3.1,9.2,71.9,0,0,0,0,0,0,0,0,0,0,0,0,0,0,0,0,0,0,0,0,0,0
20.0,1,20.5,109.2,79.8,85.1,195.0,0,5.1,9.0,4.3,6.7,67.9,0,0,0,0,0,0,0,0,0,0,0,0,0,0,0,0,0,0,0,0,0,0
24.0,1,21.4,114.6,72.4,84.4,171.7,0,5.6,8.6,0.6,7.3,69.6,0,0,0,0,0,0,0,0,0,0,0,0,0,0,0,0,0,0,0,0,0,0
54.0,0,24.5,104.5,68.9,79.8,171.1,0,6.5,8.3,3.2,8.3,73.0,0,0,0,0,0,0,0,0,0,0,0,0,0,0,0,0,0,0,0,0,0,0
42.0,0,20.1,113.3,74.3,86.7,174.3,0,3.5,7.7,1.2,9.1,76.9,0,0,0,0,0,0,0,0,0,0,0,0,0,0,0,0,0,0,0,0,0,0
38.0,1,21.8,122.0,79.6,80.9,181.1,0,2.7,8.3,4.3,9.0,71.8,0,0,0,0,0,0,0,0,0,0,0,0,0,0,0,0,0,0,0,0,0,0
25.0,1,20.9,105.9,71.9,91.3,164.4,0,2.6,8.8,7.2,8.6,77.3,0,0,0,0,0,0,0,0,0,0,0,0,0,0,0,0,0,0,0,0,0,0
51.0,1,22.9,114.5,74.0,85.7,163.9,0,6.6,7.5,5.7,7.0,67.4,0,0,0,0,0,0,0,0,0,0,0,0,0,0,0,0,0,0,0,0,0,0
35.0,1,18.8,115.4,68.5,82.2,166.9,0,4.2,7.6,2.2,7.3,72.8,0,1,0,0,0,0,0,0,0,0,0,0,0,0,0,0,0,0,0,0,0,0
45.0,1,24.0,118.9,70.0,89.0,170.5,1,5.1,8.4,3.0,7.9,60.3,0,0,0,0,0,0,0,0,0,0,0,0,0,0,0,0,0,0,0,0,0,0
53.0,0,20.7,121.9,73.8,86.8,167.2,0,3.0,8.0,0.2,7.0,81.6,0,0,0,0,0,0,0,0,0,0,0,0,0,0,0,0,0,0,0,0,0,0
24.0,1,20.7,116.0,75.2,91.4,182.5,1,4.8,7.8,0.5,8.3,56.3,0,0,0,0,0,0,0,0,0,0,0,0,0,0,0,0,0,0,0,0,0,0
51.0,0,19.7,119.1,71.9,83.5,172.6,1,4.8,6.8,1.2,8.3,77.7,0,0,0,0,0,0,0,0,0,0,0,0,0,0,0,0,0,0,0,0,0,0
52.0,1,23.8,118.0,75.1,77.9,167.6,0,5.8,8.4,2.1,8.9,63.1,0,0,0,0,0,0,0,0,0,0,0,0,0,0,0,0,0,0,0,0,0,0
28.0,0,23.5,119.8,69.3,90.5,167.9,0,2.5,6.9,9.0,8.3,83.2,0,0,0,0,0,0,0,0,0,0,0,0,0,0,0,0,0,0,0,0,0,0
40.0,0,22.1,111.1,74.5,87.9,161.0,0,4.1,9.0,3.9,7.7,71.8,0,1,0,0,0,0,0,0,0,0,0,0,0,0,0,0,0,0,0,0,0,0
42.0,1,20.8,107.9,80.0,90.9,167.3,1,5.6,9.0,0.7,6.3,88.7,0,0,0,0,0,0,0,0,0,0,0,0,0,0,0,0,0,0,0,0,0,0
47.0,0,18.5,107.9,80.0,88.4,161.3,0,4.8,8.1,0.9,6.4,67.6,0,0,0,0,0,0,0,0,0,0,0,0,0,0,0,0,0,0,0,0,0,0
46.0,1,20.6,111.5,74.8,83.8,178.8,0,5.9,8.6,2.5,8.8,80.8,0,0,0,0,0,0,0,0,0,0,0,0,0,0,0,0,0,0,0,0,0,0
21.0,1,22.7,116.2,80.0,80.9,184.0,0,2.9,8.1,6.4,9.1,73.2,0,0,0,0,0,0,0,0,0,0,0,0,0,0,0,0,0,0,0,0,0,0
20.0,0,23.9,120.2,71.3,91.6,161.0,0,3.4,8.5,0.3,7.1,65.7,0,0,0,0,0,0,0,0,0,0,0,0,0,0,0,0,0,0,0,0,0,0
52.0,1,23.6,115.4,77.0,82.0,169.9,0,3.3,7.8,1.8,8.0,73.6,0,0,0,0,0,0,0,0,0,0,0,0,0,0,0,0,0,0,0,0,0,0
23.0,1,24.5,119.3,76.1,97.8,169.4,0,3.8,7.4,0.0,8.1,68.3,0,0,0,0,0,0,0,0,0,0,0,0,0,0,0,0,0,0,0,0,0,0
32.0,0,20.9,113.7,76.2,89.3,181.5,0,5.2,7.0,1.6,7.2,90.7,0,0,0,0,0,0,0,0,0,0,0,0,0,0,0,0,0,0,0,0,0,0
24.0,0,20.9,116.8,76.8,77.8,158.3,0,4.4,6.6,2.1,6.4,65.1,0,0,0,0,0,0,0,0,0,0,0,0,0,0,0,0,0,0,0,0,0,0
42.0,1,23.1,115.6,78.1,82.7,172.6,0,5.6,6.9,2.2,8.8,79.7,0,0,0,0,0,0,0,0,0,0,0,0,0,0,0,0,0,0,0,0,0,0
45.0,1,19.9,117.1,68.2,83.3,193.1,0,5.8,7.3,9.4,8.3,71.6,0,0,0,0,0,0,0,0,0,0,0,0,0,0,0,0,0,0,0,0,0,0
23.0,0,22.1,107.0,77.9,83.8,176.8,0,6.8,7.0,10.7,7.5,78.1,0,0,0,0,0,0,0,0,0,0,0,0,0,0,0,0,0,0,0,0,0,0
30.0,1,18.7,108.3,77.8,73.3,161.3,0,6.9,8.1,1.6,7.2,70.8,0,0,0,0,0,0,0,0,0,0,0,0,0,0,0,0,0,0,0,0,0,0
45.0,0,22.5,116.8,80.0,91.6,185.7,0,5.4,7.9,19.3,8.5,75.1,0,0,0,0,0,0,0,0,0,0,0,0,0,0,0,0,0,0,0,0,0,0
39.0,1,22.5,117.9,77.6,87.7,180.2,0,4.0,7.4,8.2,7.8,60.8,0,0,0,0,0,0,0,0,0,0,0,0,0,0,0,0,0,0,0,0,0,0
29.0,0,22.7,114.9,76.2,80.5,172.9,1,5.8,7.0,0.3,7.5,77.5,0,0,0,0,0,0,0,0,0,0,0,0,0,0,0,0,0,0,0,0,0,0
28.0,0,22.7,114.6,73.0,76.8,151.3,0,4.8,7.2,0.3,8.4,72.2,0,0,0,0,0,0,0,0,0,0,0,0,0,0,0,0,0,0,0,0,0,0
47.0,1,20.8,108.8,76.3,89.6,159.3,0,2.6,7.3,2.9,8.2,68.4,0,0,0,0,0,0,0,0,0,0,0,0,0,0,0,0,0,0,0,0,0,0
35.0,0,22.3,114.6,77.8,86.8,189.2,0,4.7,8.3,9.0,6.8,69.5,0,0,0,0,0,0,0,0,0,0,0,0,0,0,0,0,0,0,0,0,0,0
38.0,1,25.0,122.0,74.2,86.4,166.8,0,4.4,7.3,1.2,8.8,67.4,0,1,0,0,0,0,0,0,0,0,0,0,0,0,0,0,0,0,0,0,0,0
20.0,1,19.8,107.1,76.0,98.4,191.1,0,6.5,8.3,11.8,6.3,72.7,0,0,0,0,0,0,0,0,0,0,0,0,0,0,0,0,0,0,0,0,0,0
20.0,0,23.5,115.3,74.4,84.6,155.0,0,4.5,7.8,0.5,9.2,81.2,0,0,0,0,0,0,0,0,0,0,0,0,0,0,0,0,0,0,0,0,0,0
46.0,1,20.3,116.6,68.4,82.2,187.1,0,4.6,7.8,2.4,7.5,75.1,0,0,0,0,0,0,0,0,0,0,0,0,0,0,0,0,0,0,0,0,0,0
52.0,0,21.9,120.5,75.4,88.8,153.3,0,4.4,8.2,3.1,7.0,61.2,0,0,0,0,0,0,0,0,0,0,0,0,0,0,0,0,0,0,0,0,0,0
39.0,0,23.9,112.7,73.2,88.5,180.1,0,5.7,7.7,3.3,6.5,79.2,0,0,0,0,0,0,0,0,0,0,0,0,0,0,0,0,0,0,0,0,0,0
51.0,0,22.5,116.8,68.6,89.9,198.0,0,4.7,7.8,2.2,9.8,67.7,0,0,0,0,0,0,0,0,0,0,0,0,0,0,0,0,0,0,0,0,0,0
30.0,1,23.9,122.0,68.4,94.7,173.0,0,2.8,8.6,0.6,8.6,59.6,0,0,0,0,0,0,0,0,0,0,0,0,0,0,0,0,0,0,0,0,0,0
45.0,0,22.1,122.0,74.2,80.4,189.2,0,5.7,8.4,3.0,7.1,67.6,0,0,0,0,0,0,0,0,0,0,0,0,0,0,0,0,0,0,0,0,0,0
38.0,1,21.5,120.8,74.2,94.6,175.6,0,5.7,8.0,5.4,8.1,61.7,0,0,0,0,0,0,0,0,0,0,0,0,0,0,0,0,0,0,0,0,0,0
29.0,0,23.1,116.8,66.3,77.8,198.0,0,5.5,7.1,3.3,7.9,59.9,0,0,0,0,0,0,0,0,0,0,0,0,0,0,0,0,0,0,0,0,0,0
43.0,0,24.5,110.1,71.2,85.0,157.1,1,4.7,7.0,0.3,7.1,58.4,0,0,0,0,0,0,0,0,0,0,0,0,0,0,0,0,0,0,0,0,0,0
29.0,0,23.0,115.4,74.2,90.2,185.1,0,4.7,8.6,0.1,8.0,66.0,0,0,0,0,0,0,0,0,0,0,0,0,0,0,0,0,0,0,0,0,0,0
33.0,0,20.8,105.5,76.5,99.0,166.9,0,5.9,7.1,2.2,9.1,68.7,0,1,0,0,0,0,0,0,0,0,0,0,0,0,0,0,0,0,0,0,0,0
49.0,1,24.3,118.6,75.8,91.6,182.5,0,3.2,7.9,1.7,8.3,74.1,0,0,0,0,0,0,0,0,0,0,0,0,0,0,0,0,0,0,0,0,0,0
53.0,0,25.0,111.5,72.1,95.3,166.8,0,3.0,7.5,0.1,6.1,69.7,0,0,0,0,0,0,0,0,0,0,0,0,0,0,0,0,0,0,0,0,0,0
45.0,1,21.3,112.8,78.6,81.6,171.1,0,6.7,7.4,1.7,8.8,74.8,0,0,0,0,0,0,0,0,0,0,0,0,0,0,0,0,0,0,0,0,0,0
33.0,0,22.7,116.9,73.4,84.1,169.6,0,4.7,7.8,3.1,9.7,66.6,0,0,0,0,0,0,0,0,0,0,0,0,0,0,0,0,0,0,0,0,0,0
49.0,0,22.9,107.9,76.9,78.9,195.0,0,3.5,7.9,4.2,9.5,64.0,0,0,0,0,0,0,0,0,0,0,0,0,0,0,0,0,0,0,0,0,0,0
31.0,0,24.7,115.6,78.9,81.5,172.8,0,4.3,7.4,0.2,7.1,74.1,0,0,0,0,0,0,0,0,0,0,0,0,0,0,0,0,0,0,0,0,0,0
43.0,0,25.0,106.0,69.8,79.8,151.0,0,7.7,7.3,0.6,6.5,61.3,0,0,0,0,0,0,0,0,0,0,0,0,0,0,0,0,0,0,0,0,0,0
25.0,1,19.6,110.2,69.8,90.5,176.9,1,5.3,7.7,2.2,9.0,77.5,0,0,0,0,0,0,0,0,0,0,0,0,0,0,0,0,0,0,0,0,0,0
46.0,1,22.1,112.0,74.1,74.0,161.4,0,4.0,7.0,1.8,9.1,71.7,0,0,0,0,0,0,0,0,0,0,0,0,0,0,0,0,0,0,0,0,0,0
30.0,0,22.8,112.7,77.0,90.7,176.6,0,4.4,6.6,0.2,7.0,67.3,0,0,0,0,0,0,0,0,0,0,0,0,0,0,0,0,0,0,0,0,0,0
35.0,0,22.7,118.5,75.1,99.0,192.0,0,4.4,7.9,0.4,7.0,70.3,0,0,0,0,0,0,0,0,0,0,0,0,0,0,0,0,0,0,0,0,0,0
51.0,0,19.4,109.6,70.1,82.1,180.9,0,5.0,6.7,2.5,7.3,74.5,0,0,0,0,0,0,0,0,0,0,0,0,0,0,0,0,0,0,0,0,0,0
42.0,0,21.2,113.1,74.2,91.3,170.6,0,4.2,8.0,0.9,8.2,65.3,0,0,0,0,0,0,0,0,0,0,0,0,0,0,0,0,0,0,0,0,0,0
38.0,0,22.0,102.9,73.1,85.1,169.8,0,3.3,7.0,1.3,5.5,66.2,0,0,0,0,0,0,0,0,0,0,0,0,0,0,0,0,0,0,0,0,0,0
52.0,1,20.8,108.1,76.2,75.4,179.7,0,5.3,7.4,3.0,8.4,77.3,0,0,0,0,0,0,0,0,0,0,0,0,0,0,0,0,0,0,0,0,0,0
26.0,1,21.1,119.6,77.9,81.8,161.7,0,5.7,6.9,0.0,8.2,75.8,0,0,0,0,0,0,0,0,0,0,0,0,0,0,0,0,0,0,0,0,0,0
44.0,0,22.7,113.3,80.0,87.7,166.7,0,2.6,7.7,10.1,9.8,81.7,0,0,0,0,0,0,0,0,0,0,0,0,0,0,0,0,0,0,0,0,0,0
49.0,0,23.2,107.3,73.1,87.8,156.1,0,4.7,8.0,0.1,8.9,62.7,0,0,0,0,0,0,0,0,0,0,0,0,0,0,0,0,0,0,0,0,0,0
21.0,1,22.9,112.2,71.1,98.7,186.0,0,5.5,6.9,0.1,9.1,88.5,0,0,0,0,0,0,0,0,0,0,0,0,0,0,0,0,0,0,0,0,0,0
34.0,0,21.6,114.2,75.2,89.3,170.1,0,4.9,8.6,0.2,9.0,78.2,0,0,0,0,0,0,0,0,0,0,0,0,0,0,0,0,0,0,0,0,0,0
42.0,1,20.5,121.0,78.9,89.6,174.9,0,4.7,8.0,0.9,7.8,78.3,0,0,0,0,0,0,0,0,0,0,0,0,0,0,0,0,0,0,0,0,0,0
39.0,1,18.9,110.0,77.9,75.6,187.6,0,4.4,7.8,0.4,8.9,69.0,0,0,0,0,0,0,0,0,0,0,0,0,0,0,0,0,0,0,0,0,0,0
45.0,0,23.6,112.8,72.5,80.2,191.7,0,5.8,7.3,3.5,7.4,84.9,0,0,0,0,0,0,0,0,0,0,0,0,0,0,0,0,0,0,0,0,0,0
40.0,0,21.9,111.8,78.4,81.7,163.7,0,4.8,7.8,0.5,9.9,67.4,0,1,0,0,0,0,0,0,0,0,0,0,0,0,0,0,0,0,0,0,0,0
39.0,1,22.4,109.3,72.2,92.3,178.6,0,2.7,8.9,6.0,6.6,67.0,0,0,0,0,0,0,0,0,0,0,0,0,0,0,0,0,0,0,0,0,0,0
28.0,0,20.6,102.7,75.6,89.1,169.2,0,4.9,6.6,0.8,6.8,68.1,0,0,0,0,0,0,0,0,0,0,0,0,0,0,0,0,0,0,0,0,0,0
22.0,0,19.4,111.1,69.5,96.6,184.3,1,3.0,7.5,1.0,7.3,70.7,0,0,0,0,0,0,0,0,0,0,0,0,0,0,0,0,0,0,0,0,0,0
50.0,0,20.5,108.2,75.0,86.4,165.5,0,3.3,7.6,0.9,7.3,81.0,0,0,0,0,0,0,0,0,0,0,0,0,0,0,0,0,0,0,0,0,0,0
45.0,0,22.8,115.8,79.4,92.9,182.7,0,4.0,6.9,3.4,8.5,70.8,0,0,0,0,0,0,0,0,0,0,0,0,0,0,0,0,0,0,0,0,0,0
31.0,1,20.5,115.7,65.4,85.8,157.7,0,3.5,7.9,0.4,7.8,77.7,0,0,0,0,0,0,0,0,0,0,0,0,0,0,0,0,0,0,0,0,0,0
27.0,0,21.1,118.9,76.2,85.9,167.6,0,3.8,7.8,4.6,7.0,74.7,0,1,0,0,0,0,0,0,0,0,0,0,0,0,0,0,0,0,0,0,0,0
37.0,1,25.0,108.7,75.7,84.1,196.6,0,3.9,6.9,6.9,8.1,72.4,0,0,0,0,0,0,0,0,0,0,0,0,0,0,0,0,0,0,0,0,0,0
48.0,1,21.7,113.2,79.1,81.5,173.3,0,5.8,7.5,0.9,7.5,64.9,0,1,0,0,0,0,0,0,0,0,0,0,0,0,0,0,0,0,0,0,0,0
41.0,1,22.7,122.0,68.0,86.0,177.1,0,5.2,6.8,2.8,8.5,82.0,0,0,0,0,0,0,0,0,0,0,0,0,0,0,0,0,0,0,0,0,0,0
34.0,0,25.0,115.8,75.8,90.7,154.4,0,4.4,8.1,4.5,7.1,67.2,0,1,0,0,0,0,0,0,0,0,0,0,0,0,0,0,0,0,0,0,0,0
29.0,1,24.1,115.8,70.4,71.4,165.3,0,4.4,8.2,2.7,7.9,74.2,0,0,0,0,0,0,0,0,0,0,0,0,0,0,0,0,0,0,0,0,0,0
35.0,1,24.3,122.0,77.0,86.3,171.2,0,4.7,7.7,0.3,6.7,78.1,0,1,0,0,0,0,0,0,0,0,0,0,0,0,0,0,0,0,0,0,0,0
31.0,1,22.1,114.3,77.4,97.0,177.4,0,5.7,7.1,6.1,6.8,76.1,0,0,0,0,0,0,0,0,0,0,0,0,0,0,0,0,0,0,0,0,0,0
50.0,1,20.7,113.7,70.9,87.0,168.7,0,6.0,7.9,2.8,7.4,78.2,0,0,0,0,0,0,0,0,0,0,0,0,0,0,0,0,0,0,0,0,0,0
20.0,1,18.5,111.8,76.2,86.9,175.9,1,5.3,8.2,4.8,6.9,85.0,0,0,0,0,0,0,0,0,0,0,0,0,0,0,0,0,0,0,0,0,0,0
27.0,1,22.0,115.8,76.9,85.4,187.1,0,5.8,7.3,0.9,6.0,74.1,0,0,0,0,0,0,0,0,0,0,0,0,0,0,0,0,0,0,0,0,0,0
43.0,0,21.6,115.4,74.6,70.0,159.3,0,4.4,7.8,0.7,8.9,83.5,0,0,0,0,0,0,0,0,0,0,0,0,0,0,0,0,0,0,0,0,0,0
41.0,0,22.0,113.5,73.7,84.9,175.5,0,3.3,6.9,0.3,6.1,77.7,0,0,0,0,0,0,0,0,0,0,0,0,0,0,0,0,0,0,0,0,0,0
42.0,1,24.4,115.8,70.0,92.4,151.0,0,5.0,6.5,1.9,7.5,74.1,0,0,0,0,0,0,0,0,0,0,0,0,0,0,0,0,0,0,0,0,0,0
31.0,0,25.0,116.9,67.1,70.0,182.3,0,6.2,7.0,0.8,8.2,61.1,0,0,0,0,0,0,0,0,0,0,0,0,0,0,0,0,0,0,0,0,0,0
43.0,0,22.3,112.1,73.9,85.8,174.4,0,7.1,7.5,1.5,8.4,68.0,0,0,0,0,0,0,0,0,0,0,0,0,0,0,0,0,0,0,0,0,0,0
41.0,0,19.3,110.3,65.9,79.9,188.8,0,5.0,6.9,3.4,6.3,58.4,0,0,0,0,0,0,0,0,0,0,0,0,0,0,0,0,0,0,0,0,0,0
20.0,0,21.0,111.4,73.1,76.4,180.3,0,5.4,7.0,1.3,7.9,80.5,0,0,0,0,0,0,0,0,0,0,0,0,0,0,0,0,0,0,0,0,0,0
38.0,1,22.7,110.9,72.9,88.6,167.1,0,6.7,7.5,1.2,9.0,75.7,0,0,0,0,0,0,0,0,0,0,0,0,0,0,0,0,0,0,0,0,0,0
27.0,0,25.0,120.2,77.1,80.2,164.8,0,3.9,8.0,1.9,8.2,72.2,0,0,0,0,0,0,0,0,0,0,0,0,0,0,0,0,0,0,0,0,0,0
53.0,0,24.9,119.3,76.7,80.5,196.2,0,4.3,7.1,0.5,8.1,79.9,0,0,0,0,0,0,0,0,0,0,0,0,0,0,0,0,0,0,0,0,0,0
21.0,1,20.7,113.6,66.7,92.7,198.0,0,2.5,8.0,0.3,6.9,77.9,0,0,0,0,0,0,0,0,0,0,0,0,0,0,0,0,0,0,0,0,0,0
20.0,0,21.1,114.7,76.2,92.8,162.0,0,5.0,6.5,1.7,9.7,78.9,0,0,0,0,0,0,0,0,0,0,0,0,0,0,0,0,0,0,0,0,0,0
25.0,1,22.3,109.5,73.0,84.2,162.2,0,5.1,6.5,2.4,6.1,69.6,0,0,0,0,0,0,0,0,0,0,0,0,0,0,0,0,0,0,0,0,0,0
46.0,1,21.5,108.8,72.3,70.3,170.3,0,5.8,6.5,4.5,9.0,78.2,0,0,0,0,0,0,0,0,0,0,0,0,0,0,0,0,0,0,0,0,0,0
22.0,0,24.7,118.5,69.8,86.0,186.3,0,5.0,8.4,2.7,7.1,59.3,0,1,0,0,0,0,0,0,0,0,0,0,0,0,0,0,0,0,0,0,0,0
27.0,1,24.4,111.6,73.8,97.5,168.1,0,4.8,7.9,0.9,7.9,57.2,0,0,0,0,0,0,0,0,0,0,0,0,0,0,0,0,0,0,0,0,0,0
25.0,1,19.8,114.0,76.0,84.5,187.1,0,3.7,6.9,2.7,6.9,74.1,0,0,0,0,0,0,0,0,0,0,0,0,0,0,0,0,0,0,0,0,0,0
44.0,0,23.6,113.0,71.2,89.9,174.4,0,4.4,7.5,6.4,7.3,77.6,0,1,0,0,0,0,0,0,0,0,0,0,0,0,0,0,0,0,0,0,0,0
48.0,1,23.0,113.1,65.0,83.1,187.1,0,4.9,8.7,0.7,7.0,75.2,0,0,0,0,0,0,0,0,0,0,0,0,0,0,0,0,0,0,0,0,0,0
47.0,1,22.5,109.5,71.2,74.7,156.6,0,7.5,8.1,1.1,7.7,71.6,0,0,0,0,0,0,0,0,0,0,0,0,0,0,0,0,0,0,0,0,0,0
54.0,0,23.3,114.0,74.4,79.7,173.5,0,5.2,8.0,1.1,9.2,64.5,0,1,0,0,0,0,0,0,0,0,0,0,0,0,0,0,0,0,0,0,0,0
34.0,1,22.9,117.7,71.8,83.4,179.5,0,3.9,8.4,9.5,8.7,65.0,0,0,0,0,0,0,0,0,0,0,0,0,0,0,0,0,0,0,0,0,0,0
22.0,0,25.0,110.9,73.0,80.7,176.7,0,4.6,8.2,3.2,7.1,60.9,0,0,0,0,0,0,0,0,0,0,0,0,0,0,0,0,0,0,0,0,0,0
51.0,1,20.0,106.6,75.0,89.1,184.6,0,5.4,6.9,1.9,7.7,77.5,0,0,0,0,0,0,0,0,0,0,0,0,0,0,0,0,0,0,0,0,0,0
36.0,0,19.5,115.9,70.0,91.4,176.2,0,3.7,7.1,1.1,8.7,68.9,0,0,0,0,0,0,0,0,0,0,0,0,0,0,0,0,0,0,0,0,0,0
25.0,0,24.9,122.0,74.5,84.1,190.9,0,3.6,6.9,3.3,8.3,66.3,0,0,0,0,0,0,0,0,0,0,0,0,0,0,0,0,0,0,0,0,0,0
24.0,0,20.7,116.6,76.2,88.3,177.6,0,6.8,8.4,1.6,6.7,83.4,0,1,0,0,0,0,0,0,0,0,0,0,0,0,0,0,0,0,0,0,0,0
52.0,1,22.7,119.0,70.7,86.0,184.2,0,4.7,7.3,3.7,7.7,75.5,0,0,0,0,0,0,0,0,0,0,0,0,0,0,0,0,0,0,0,0,0,0
34.0,1,22.3,118.5,73.9,84.1,168.5,0,6.3,7.1,1.5,7.1,71.5,0,0,0,0,0,0,0,0,0,0,0,0,0,0,0,0,0,0,0,0,0,0
24.0,0,23.3,119.9,66.9,93.1,167.6,0,3.2,7.6,2.7,8.0,76.3,0,0,0,0,0,0,0,0,0,0,0,0,0,0,0,0,0,0,0,0,0,0
32.0,0,20.0,118.7,69.2,84.9,171.4,0,4.0,7.1,7.2,7.9,78.7,0,0,0,0,0,0,0,0,0,0,0,0,0,0,0,0,0,0,0,0,0,0
49.0,0,22.1,119.8,71.2,76.4,171.5,0,5.0,7.5,1.2,6.9,72.0,0,0,0,0,0,0,0,0,0,0,0,0,0,0,0,0,0,0,0,0,0,0
53.0,0,23.7,121.4,75.5,91.5,167.8,0,5.4,7.3,1.2,8.1,65.2,0,0,0,0,0,0,0,0,0,0,0,0,0,0,0,0,0,0,0,0,0,0
29.0,0,21.7,102.2,73.2,82.7,183.0,0,4.1,8.0,0.6,8.5,67.1,0,0,0,0,0,0,0,0,0,0,0,0,0,0,0,0,0,0,0,0,0,0
34.0,1,24.5,106.3,71.5,83.6,166.4,0,6.5,8.2,0.5,6.8,72.1,0,0,0,0,0,0,0,0,0,0,0,0,0,0,0,0,0,0,0,0,0,0
32.0,0,20.1,109.5,65.2,89.4,155.0,0,5.2,8.0,1.2,6.6,71.7,0,0,0,0,0,0,0,0,0,0,0,0,0,0,0,0,0,0,0,0,0,0
32.0,0,21.2,107.3,80.0,99.0,178.3,0,3.9,8.0,4.3,9.1,73.7,0,1,0,0,0,0,0,0,0,0,0,0,0,0,0,0,0,0,0,0,0,0
38.0,1,24.9,108.7,71.8,86.9,164.1,0,4.6,6.9,9.0,7.9,79.2,0,0,0,0,0,0,0,0,0,0,0,0,0,0,0,0,0,0,0,0,0,0
31.0,1,19.9,112.9,74.4,87.4,178.6,0,4.0,7.1,1.7,9.3,74.6,0,0,0,0,0,0,0,0,0,0,0,0,0,0,0,0,0,0,0,0,0,0
32.0,0,19.0,117.4,80.0,74.0,193.3,0,5.9,7.6,0.3,5.5,74.8,0,0,0,0,0,0,0,0,0,0,0,0,0,0,0,0,0,0,0,0,0,0
27.0,0,22.9,106.8,77.1,89.6,164.3,0,2.5,7.4,3.2,7.8,60.8,0,0,0,0,0,0,0,0,0,0,0,0,0,0,0,0,0,0,0,0,0,0
48.0,1,21.6,111.5,67.4,88.3,175.2,0,4.2,8.9,0.2,7.4,74.7,0,0,0,0,0,0,0,0,0,0,0,0,0,0,0,0,0,0,0,0,0,0
49.0,0,21.5,110.9,66.6,84.3,188.0,0,4.8,6.9,1.6,8.0,87.4,0,0,0,0,0,0,0,0,0,0,0,0,0,0,0,0,0,0,0,0,0,0
43.0,0,23.6,114.1,80.0,86.9,174.7,0,4.1,8.4,1.4,6.5,79.3,0,0,0,0,0,0,0,0,0,0,0,0,0,0,0,0,0,0,0,0,0,0
24.0,0,23.1,118.3,66.7,77.0,161.7,0,5.3,7.8,0.2,8.9,76.1,0,0,0,0,0,0,0,0,0,0,0,0,0,0,0,0,0,0,0,0,0,0
48.0,1,22.0,114.7,78.8,89.5,171.2,1,7.8,7.8,4.3,7.9,72.9,0,0,0,0,0,0,0,0,0,0,0,0,0,0,0,0,0,0,0,0,0,0
40.0,1,22.3,111.8,78.5,80.0,177.5,0,4.5,7.7,1.2,7.0,81.6,0,0,0,0,0,0,0,0,0,0,0,0,0,0,0,0,0,0,0,0,0,0
28.0,1,23.6,111.9,75.1,84.4,178.1,0,4.3,6.7,2.8,7.9,75.3,0,0,0,0,0,0,0,0,0,0,0,0,0,0,0,0,0,0,0,0,0,0
37.0,1,20.8,113.8,68.3,82.5,168.1,0,5.4,8.6,0.1,8.5,58.1,0,0,0,0,0,0,0,0,0,0,0,0,0,0,0,0,0,0,0,0,0,0
22.0,0,24.4,108.8,75.9,82.4,148.9,0,6.4,7.9,2.6,9.8,80.0,0,0,0,0,0,0,0,0,0,0,0,0,0,0,0,0,0,0,0,0,0,0
44.0,1,23.6,121.8,75.5,97.8,184.6,0,5.8,8.8,2.6,9.8,71.6,0,0,0,0,0,0,0,0,0,0,0,0,0,0,0,0,0,0,0,0,0,0
45.0,1,23.5,120.8,80.0,87.2,180.0,0,5.4,7.8,2.7,7.9,70.3,0,0,0,0,0,0,0,0,0,0,0,0,0,0,0,0,0,0,0,0,0,0
34.0,1,21.0,112.8,73.9,76.5,155.7,0,5.7,7.8,8.0,8.4,73.2,0,1,0,0,0,0,0,0,0,0,0,0,0,0,0,0,0,0,0,0,0,0
20.0,0,22.4,109.4,77.1,77.3,189.4,0,3.1,8.7,9.8,7.7,59.3,0,0,0,0,0,0,0,0,0,0,0,0,0,0,0,0,0,0,0,0,0,0
41.0,1,21.2,107.0,71.0,95.0,169.1,0,2.5,8.0,4.0,7.6,69.2,0,0,0,0,0,0,0,0,0,0,0,0,0,0,0,0,0,0,0,0,0,0
33.0,0,23.8,117.0,65.0,89.3,158.0,0,4.6,7.9,0.8,6.2,62.3,0,0,0,0,0,0,0,0,0,0,0,0,0,0,0,0,0,0,0,0,0,0
21.0,1,23.1,114.4,71.4,91.1,141.2,0,6.7,8.6,3.8,8.2,76.3,0,1,0,0,0,0,0,0,0,0,0,0,0,0,0,0,0,0,0,0,0,0
46.0,1,21.9,110.3,72.4,78.8,198.0,0,5.6,7.2,0.5,6.7,78.1,0,0,0,0,0,0,0,0,0,0,0,0,0,0,0,0,0,0,0,0,0,0
30.0,0,23.6,115.5,74.3,70.4,198.0,0,7.3,6.6,1.2,7.0,64.4,0,0,0,0,0,0,0,0,0,0,0,0,0,0,0,0,0,0,0,0,0,0
37.0,1,24.0,109.8,78.0,85.7,167.5,0,4.1,8.8,0.4,8.1,68.4,0,0,0,0,0,0,0,0,0,0,0,0,0,0,0,0,0,0,0,0,0,0
42.0,1,21.4,122.0,78.0,91.7,168.3,0,3.1,8.1,4.2,8.3,64.1,0,0,0,0,0,0,0,0,0,0,0,0,0,0,0,0,0,0,0,0,0,0
49.0,0,25.0,113.8,77.8,83.3,164.8,0,2.5,8.5,1.4,7.2,82.1,0,0,0,0,0,0,0,0,0,0,0,0,0,0,0,0,0,0,0,0,0,0
23.0,1,23.2,117.3,65.0,85.6,198.0,0,2.6,7.4,7.0,6.6,68.7,0,0,0,0,0,0,0,0,0,0,0,0,0,0,0,0,0,0,0,0,0,0
31.0,0,21.8,113.1,77.4,78.0,168.9,0,4.6,8.2,5.3,8.4,73.6,0,0,0,0,0,0,0,0,0,0,0,0,0,0,0,0,0,0,0,0,0,0
31.0,0,21.1,120.1,78.0,87.3,182.7,0,4.8,7.1,1.0,8.7,79.2,0,0,0,0,0,0,0,0,0,0,0,0,0,0,0,0,0,0,0,0,0,0
33.0,1,21.9,112.8,73.3,78.1,157.5,0,6.2,7.6,1.4,7.3,78.1,0,0,0,0,0,0,0,0,0,0,0,0,0,0,0,0,0,0,0,0,0,0
45.0,0,22.2,108.4,70.1,82.6,178.7,0,4.0,7.6,1.2,6.7,78.5,0,0,0,0,0,0,0,0,0,0,0,0,0,0,0,0,0,0,0,0,0,0
44.0,0,25.0,117.1,69.4,87.7,154.1,0,3.7,7.7,1.5,6.9,78.8,0,0,0,0,0,0,0,0,0,0,0,0,0,0,0,0,0,0,0,0,0,0
37.0,1,24.0,122.0,67.0,83.9,189.7,1,5.5,8.5,0.8,7.9,70.3,0,0,0,0,0,0,0,0,0,0,0,0,0,0,0,0,0,0,0,0,0,0
42.0,0,24.0,115.2,79.8,87.0,168.5,0,2.9,6.5,4.1,8.2,90.0,0,0,0,0,0,0,0,0,0,0,0,0,0,0,0,0,0,0,0,0,0,0
40.0,0,20.7,122.0,71.7,95.3,169.4,1,5.7,8.4,1.5,7.0,72.1,0,0,0,0,0,0,0,0,0,0,0,0,0,0,0,0,0,0,0,0,0,0
21.0,1,21.0,114.7,66.9,90.1,176.5,0,4.3,7.0,1.4,8.5,86.8,0,0,0,0,0,0,0,0,0,0,0,0,0,0,0,0,0,0,0,0,0,0
29.0,1,19.9,108.9,76.9,92.5,158.6,0,3.1,7.5,3.6,8.6,70.2,0,0,0,0,0,0,0,0,0,0,0,0,0,0,0,0,0,0,0,0,0,0
39.0,1,23.4,100.6,74.8,85.7,192.8,0,3.4,8.5,5.6,7.5,85.2,0,1,0,0,0,0,0,0,0,0,0,0,0,0,0,0,0,0,0,0,0,0
33.0,0,22.3,122.0,80.0,86.0,165.7,0,5.8,7.8,0.7,7.5,80.7,0,0,0,0,0,0,0,0,0,0,0,0,0,0,0,0,0,0,0,0,0,0
35.0,0,25.0,121.3,76.8,87.5,174.3,0,2.7,7.0,0.1,7.8,63.3,0,1,0,0,0,0,0,0,0,0,0,0,0,0,0,0,0,0,0,0,0,0
22.0,0,21.4,108.5,73.8,86.7,144.4,0,5.8,7.9,1.4,10.0,66.6,0,0,0,0,0,0,0,0,0,0,0,0,0,0,0,0,0,0,0,0,0,0
37.0,1,19.6,108.3,70.5,88.5,175.1,0,5.7,8.4,0.1,8.4,74.9,0,0,0,0,0,0,0,0,0,0,0,0,0,0,0,0,0,0,0,0,0,0
48.0,1,21.8,112.4,67.8,89.9,181.5,0,4.3,7.6,2.0,7.8,63.8,0,0,0,0,0,0,0,0,0,0,0,0,0,0,0,0,0,0,0,0,0,0
22.0,1,23.0,111.7,79.0,89.5,188.4,1,4.4,6.7,2.5,7.1,70.8,0,0,0,0,0,0,0,0,0,0,0,0,0,0,0,0,0,0,0,0,0,0
40.0,0,21.5,118.2,75.1,82.1,172.5,0,6.9,8.2,3.8,9.0,74.9,0,0,0,0,0,0,0,0,0,0,0,0,0,0,0,0,0,0,0,0,0,0
49.0,1,21.1,101.5,69.7,85.6,172.9,0,5.5,7.7,0.2,7.8,71.0,0,0,0,0,0,0,0,0,0,0,0,0,0,0,0,0,0,0,0,0,0,0
45.0,1,21.4,107.3,74.3,84.9,167.5,0,5.7,8.1,1.0,8.4,74.4,0,0,0,0,0,0,0,0,0,0,0,0,0,0,0,0,0,0,0,0,0,0
46.0,0,21.5,112.9,78.3,75.1,198.0,0,2.5,7.5,4.0,7.1,64.3,0,0,0,0,0,0,0,0,0,0,0,0,0,0,0,0,0,0,0,0,0,0
25.0,1,25.0,116.9,67.9,77.7,166.4,0,2.7,8.2,5.6,6.7,69.2,0,0,0,0,0,0,0,0,0,0,0,0,0,0,0,0,0,0,0,0,0,0
31.0,0,25.0,108.9,74.0,83.1,167.2,0,6.6,8.4,1.3,7.4,66.5,0,0,0,0,0,0,0,0,0,0,0,0,0,0,0,0,0,0,0,0,0,0
48.0,0,24.2,112.9,80.0,75.6,184.9,0,4.4,6.6,0.2,8.4,75.2,0,0,0,0,0,0,0,0,0,0,0,0,0,0,0,0,0,0,0,0,0,0
25.0,1,23.5,113.3,70.8,89.6,171.1,0,4.3,6.8,1.8,9.5,76.6,0,0,0,0,0,0,0,0,0,0,0,0,0,0,0,0,0,0,0,0,0,0
40.0,1,21.7,108.2,78.3,81.4,170.7,0,6.7,8.4,1.8,7.8,86.5,0,0,0,0,0,0,0,0,0,0,0,0,0,0,0,0,0,0,0,0,0,0
48.0,0,22.9,106.2,80.0,83.1,186.7,0,5.5,8.1,0.2,7.3,72.5,0,0,0,0,0,0,0,0,0,0,0,0,0,0,0,0,0,0,0,0,0,0
53.0,1,22.0,109.0,80.0,92.4,175.8,0,2.5,6.5,0.6,7.4,72.9,0,0,0,0,0,0,0,0,0,0,0,0,0,0,0,0,0,0,0,0,0,0
37.0,1,21.6,117.2,72.8,70.0,135.0,0,6.3,8.9,0.0,7.8,66.5,0,0,0,0,0,0,0,0,0,0,0,0,0,0,0,0,0,0,0,0,0,0
51.0,1,22.5,106.8,78.3,85.4,188.2,0,4.6,6.8,2.2,8.6,75.4,0,0,0,0,0,0,0,0,0,0,0,0,0,0,0,0,0,0,0,0,0,0
50.0,0,21.5,107.1,77.8,85.4,160.1,0,4.3,6.8,0.9,6.8,71.7,0,0,0,0,0,0,0,0,0,0,0,0,0,0,0,0,0,0,0,0,0,0
54.0,0,25.0,105.9,70.6,84.6,166.2,0,3.2,8.6,2.3,6.4,67.8,0,1,0,0,0,0,0,0,0,0,0,0,0,0,0,0,0,0,0,0,0,0
22.0,0,21.2,113.0,73.6,81.0,143.7,0,5.2,7.7,1.0,9.0,82.1,0,0,0,0,0,0,0,0,0,0,0,0,0,0,0,0,0,0,0,0,0,0
30.0,0,18.5,122.0,73.1,88.7,192.4,0,6.5,6.7,1.4,10.0,67.0,0,0,0,0,0,0,0,0,0,0,0,0,0,0,0,0,0,0,0,0,0,0
54.0,1,20.2,116.0,69.6,90.4,162.7,0,4.2,7.8,5.3,7.5,68.1,0,0,0,0,0,0,0,0,0,0,0,0,0,0,0,0,0,0,0,0,0,0
39.0,0,19.4,112.3,73.3,77.3,163.5,0,4.3,7.7,4.5,7.1,76.9,0,0,0,0,0,0,0,0,0,0,0,0,0,0,0,0,0,0,0,0,0,0
32.0,1,22.3,112.0,72.2,78.7,179.8,0,6.1,6.7,1.0,7.9,75.5,0,0,0,0,0,0,0,0,0,0,0,0,0,0,0,0,0,0,0,0,0,0
27.0,0,18.9,122.0,71.7,95.0,172.4,0,4.0,8.0,2.9,7.5,85.8,0,0,0,0,0,0,0,0,0,0,0,0,0,0,0,0,0,0,0,0,0,0
31.0,1,22.8,120.1,78.2,85.2,184.3,0,4.7,7.1,2.3,7.2,76.1,0,0,0,0,0,0,0,0,0,0,0,0,0,0,0,0,0,0,0,0,0,0
42.0,0,23.2,119.2,73.3,85.2,177.9,0,5.5,8.0,0.7,6.8,80.7,0,0,0,0,0,0,0,0,0,0,0,0,0,0,0,0,0,0,0,0,0,0
52.0,0,21.5,110.0,70.9,82.8,172.3,0,4.6,7.3,0.4,7.4,74.5,0,0,0,0,0,0,0,0,0,0,0,0,0,0,0,0,0,0,0,0,0,0
30.0,0,23.0,111.8,76.4,93.3,173.9,0,5.8,7.7,9.0,8.1,76.0,0,0,0,0,0,0,0,0,0,0,0,0,0,0,0,0,0,0,0,0,0,0
22.0,0,21.3,121.7,79.5,88.7,170.5,0,4.9,7.5,1.3,8.1,71.0,0,0,0,0,0,0,0,0,0,0,0,0,0,0,0,0,0,0,0,0,0,0
46.0,1,21.2,113.1,70.0,91.0,183.9,0,5.4,7.7,2.6,7.3,67.1,0,1,0,0,0,0,0,0,0,0,0,0,0,0,0,0,0,0,0,0,0,0
42.0,0,23.4,113.7,76.3,84.9,161.0,0,3.3,8.0,1.5,6.9,69.4,0,0,0,0,0,0,0,0,0,0,0,0,0,0,0,0,0,0,0,0,0,0
46.0,1,18.5,108.4,75.9,78.1,178.0,0,4.2,6.9,0.9,7.3,65.4,0,0,0,0,0,0,0,0,0,0,0,0,0,0,0,0,0,0,0,0,0,0
46.0,0,23.3,122.0,75.9,89.4,181.4,1,5.4,6.9,0.7,7.2,75.9,0,1,0,0,0,0,0,0,0,0,0,0,0,0,0,0,0,0,0,0,0,0
42.0,0,25.0,109.7,73.2,88.3,160.0,0,4.5,7.4,4.6,7.8,67.8,0,0,0,0,0,0,0,0,0,0,0,0,0,0,0,0,0,0,0,0,0,0
45.0,1,22.5,111.6,73.9,78.7,169.6,0,4.5,6.5,0.2,6.7,66.0,0,0,0,0,0,0,0,0,0,0,0,0,0,0,0,0,0,0,0,0,0,0
41.0,1,25.0,108.9,72.1,79.8,154.8,0,4.6,7.6,2.3,8.4,70.9,0,1,0,0,0,0,0,0,0,0,0,0,0,0,0,0,0,0,0,0,0,0
36.0,0,21.2,112.0,72.1,93.4,171.4,0,4.3,7.9,11.4,9.1,69.5,0,0,0,0,0,0,0,0,0,0,0,0,0,0,0,0,0,0,0,0,0,0
52.0,1,21.4,119.5,73.4,90.2,174.8,0,4.7,6.7,2.7,7.7,66.4,0,1,0,0,0,0,0,0,0,0,0,0,0,0,0,0,0,0,0,0,0,0
52.0,0,21.2,100.2,75.0,90.9,159.2,0,5.9,6.5,6.9,6.5,91.6,0,0,0,0,0,0,0,0,0,0,0,0,0,0,0,0,0,0,0,0,0,0
40.0,0,20.9,120.8,79.8,90.5,158.3,0,6.1,7.7,3.1,7.1,70.8,0,1,0,0,0,0,0,0,0,0,0,0,0,0,0,0,0,0,0,0,0,0
37.0,1,21.6,115.7,79.9,82.5,163.0,0,5.2,7.5,0.0,8.8,64.3,0,0,0,0,0,0,0,0,0,0,0,0,0,0,0,0,0,0,0,0,0,0
48.0,1,20.4,114.9,65.0,82.6,185.5,0,4.9,6.5,1.1,7.4,80.6,0,0,0,0,0,0,0,0,0,0,0,0,0,0,0,0,0,0,0,0,0,0
46.0,0,23.9,103.1,71.8,85.7,175.2,0,2.6,7.0,3.9,7.1,73.5,0,0,0,0,0,0,0,0,0,0,0,0,0,0,0,0,0,0,0,0,0,0
23.0,0,23.1,111.4,80.0,83.2,177.9,0,6.9,7.4,1.0,7.1,74.6,0,0,0,0,0,0,0,0,0,0,0,0,0,0,0,0,0,0,0,0,0,0
22.0,1,21.8,117.8,75.9,87.7,181.6,0,5.6,8.1,2.5,8.0,62.2,0,0,0,0,0,0,0,0,0,0,0,0,0,0,0,0,0,0,0,0,0,0
40.0,1,18.5,117.2,71.8,88.7,171.8,0,4.7,7.6,2.6,9.1,80.9,0,0,0,0,0,0,0,0,0,0,0,0,0,0,0,0,0,0,0,0,0,0
27.0,1,22.1,107.5,73.9,79.5,166.5,0,5.1,6.6,2.6,8.7,80.0,0,0,0,0,0,0,0,0,0,0,0,0,0,0,0,0,0,0,0,0,0,0
26.0,1,23.7,112.7,79.5,90.5,168.3,0,5.2,7.0,4.6,7.8,67.2,0,0,0,0,0,0,0,0,0,0,0,0,0,0,0,0,0,0,0,0,0,0
34.0,0,23.7,107.3,70.7,88.7,189.2,0,6.4,7.5,4.9,5.9,69.1,0,0,0,0,0,0,0,0,0,0,0,0,0,0,0,0,0,0,0,0,0,0
31.0,0,21.2,119.4,73.5,81.8,185.0,0,5.1,8.5,2.1,8.8,67.7,0,1,0,0,0,0,0,0,0,0,0,0,0,0,0,0,0,0,0,0,0,0
21.0,0,22.7,110.1,75.0,83.2,156.1,0,5.8,8.3,0.3,7.2,61.4,0,0,0,0,0,0,0,0,0,0,0,0,0,0,0,0,0,0,0,0,0,0
44.0,0,24.1,121.4,71.2,81.7,155.8,0,6.1,7.5,1.0,6.4,65.7,0,0,0,0,0,0,0,0,0,0,0,0,0,0,0,0,0,0,0,0,0,0
22.0,0,20.4,119.4,72.3,85.8,179.9,0,5.5,6.5,2.3,8.2,65.3,0,0,0,0,0,0,0,0,0,0,0,0,0,0,0,0,0,0,0,0,0,0
30.0,0,23.1,115.1,71.8,74.4,173.9,0,4.1,7.9,3.9,9.2,74.2,0,0,0,0,0,0,0,0,0,0,0,0,0,0,0,0,0,0,0,0,0,0
27.0,0,22.7,113.1,73.3,84.6,156.4,1,4.5,8.0,1.6,7.5,64.4,0,0,0,0,0,0,0,0,0,0,0,0,0,0,0,0,0,0,0,0,0,0
52.0,0,19.7,107.2,77.4,78.4,177.5,0,5.3,7.9,1.4,6.9,78.8,0,0,0,0,0,0,0,0,0,0,0,0,0,0,0,0,0,0,0,0,0,0
42.0,1,21.9,119.8,72.3,98.4,198.0,0,5.5,8.4,2.1,6.6,64.6,0,0,0,0,0,0,0,0,0,0,0,0,0,0,0,0,0,0,0,0,0,0
32.0,1,23.3,120.2,80.0,75.8,166.6,0,5.0,7.6,0.8,7.6,61.5,0,0,0,0,0,0,0,0,0,0,0,0,0,0,0,0,0,0,0,0,0,0
35.0,1,22.2,117.6,72.4,89.1,160.6,0,4.1,8.2,2.7,7.9,70.6,0,0,0,0,0,0,0,0,0,0,0,0,0,0,0,0,0,0,0,0,0,0
54.0,1,23.6,112.9,80.0,82.8,183.8,0,4.2,7.1,1.0,8.5,66.9,0,0,0,0,0,0,0,0,0,0,0,0,0,0,0,0,0,0,0,0,0,0
52.0,0,24.2,109.9,67.3,83.9,149.6,0,3.9,6.5,0.6,9.5,76.1,0,0,0,0,0,0,0,0,0,0,0,0,0,0,0,0,0,0,0,0,0,0
32.0,0,21.9,106.8,76.4,86.3,166.2,0,3.1,8.8,1.5,7.8,77.2,0,0,0,0,0,0,0,0,0,0,0,0,0,0,0,0,0,0,0,0,0,0
39.0,1,20.7,122.0,74.3,88.8,168.3,1,6.7,7.5,2.4,9.5,65.5,0,0,0,0,0,0,0,0,0,0,0,0,0,0,0,0,0,0,0,0,0,0
40.0,0,21.0,122.0,68.4,82.5,164.9,0,3.2,7.9,2.8,8.0,69.4,0,0,0,0,0,0,0,0,0,0,0,0,0,0,0,0,0,0,0,0,0,0
30.0,1,20.7,119.8,76.4,92.9,193.8,0,6.6,6.6,0.8,8.5,60.1,0,0,0,0,0,0,0,0,0,0,0,0,0,0,0,0,0,0,0,0,0,0
30.0,1,19.7,115.4,80.0,83.2,173.8,0,2.5,7.2,2.8,8.2,60.6,0,0,0,0,0,0,0,0,0,0,0,0,0,0,0,0,0,0,0,0,0,0
38.0,0,20.5,120.4,76.2,88.0,163.1,0,3.5,8.0,6.8,9.2,82.7,0,0,0,0,0,0,0,0,0,0,0,0,0,0,0,0,0,0,0,0,0,0
32.0,1,21.8,113.7,78.1,89.7,178.4,0,6.3,9.0,1.9,8.5,80.6,0,1,0,0,0,0,0,0,0,0,0,0,0,0,0,0,0,0,0,0,0,0
34.0,1,18.5,109.9,73.6,90.4,164.8,0,5.7,7.3,3.7,8.3,59.9,0,0,0,0,0,0,0,0,0,0,0,0,0,0,0,0,0,0,0,0,0,0
30.0,1,21.8,107.5,70.2,89.9,181.1,0,5.6,7.9,2.9,9.3,67.2,0,0,0,0,0,0,0,0,0,0,0,0,0,0,0,0,0,0,0,0,0,0
38.0,1,20.4,113.0,67.0,86.2,169.2,0,6.7,6.8,4.3,8.5,66.8,0,0,0,0,0,0,0,0,0,0,0,0,0,0,0,0,0,0,0,0,0,0
24.0,1,21.8,122.0,74.9,76.3,177.9,0,4.6,6.8,0.2,9.6,67.2,0,0,0,0,0,0,0,0,0,0,0,0,0,0,0,0,0,0,0,0,0,0
43.0,1,23.1,109.9,79.1,83.9,156.3,0,3.7,8.5,5.8,7.8,72.4,0,0,0,0,0,0,0,0,0,0,0,0,0,0,0,0,0,0,0,0,0,0
30.0,1,21.4,116.9,68.6,82.0,173.5,0,4.7,7.8,1.5,7.9,84.4,0,0,0,0,0,0,0,0,0,0,0,0,0,0,0,0,0,0,0,0,0,0
31.0,0,20.2,120.5,74.7,82.0,169.7,0,6.4,7.5,0.0,8.0,73.6,0,0,0,0,0,0,0,0,0,0,0,0,0,0,0,0,0,0,0,0,0,0
52.0,0,23.1,116.3,80.0,89.7,187.8,0,3.6,7.4,0.3,8.5,69.6,0,0,0,0,0,0,0,0,0,0,0,0,0,0,0,0,0,0,0,0,0,0
20.0,1,23.3,109.6,73.7,84.4,164.8,0,6.1,7.2,3.3,8.4,83.0,0,0,0,0,0,0,0,0,0,0,0,0,0,0,0,0,0,0,0,0,0,0
28.0,1,18.5,122.0,76.1,90.2,170.0,0,5.6,7.2,1.9,8.3,75.2,0,0,0,0,0,0,0,0,0,0,0,0,0,0,0,0,0,0,0,0,0,0
49.0,0,22.1,107.9,71.7,75.1,185.2,0,5.1,7.0,0.6,6.4,61.1,0,0,0,0,0,0,0,0,0,0,0,0,0,0,0,0,0,0,0,0,0,0
25.0,1,22.6,113.9,71.7,82.8,176.1,1,5.3,7.3,0.6,7.9,78.1,0,0,0,0,0,0,0,0,0,0,0,0,0,0,0,0,0,0,0,0,0,0
33.0,0,23.0,120.6,72.6,81.6,168.8,0,5.4,7.3,0.8,7.1,74.3,0,0,0,0,0,0,0,0,0,0,0,0,0,0,0,0,0,0,0,0,0,0
54.0,0,23.4,110.1,70.3,89.9,167.8,0,4.6,8.3,0.3,8.2,71.4,0,0,0,0,0,0,0,0,0,0,0,0,0,0,0,0,0,0,0,0,0,0
24.0,1,23.7,117.7,69.6,91.9,170.8,0,6.4,8.6,1.8,8.1,67.1,0,0,0,0,0,0,0,0,0,0,0,0,0,0,0,0,0,0,0,0,0,0
53.0,1,20.2,115.9,71.9,86.9,153.2,0,5.7,8.0,1.0,7.0,77.2,0,0,0,0,0,0,0,0,0,0,0,0,0,0,0,0,0,0,0,0,0,0
46.0,0,22.5,119.7,74.3,93.7,170.4,0,4.0,6.5,2.7,8.1,72.2,0,0,0,0,0,0,0,0,0,0,0,0,0,0,0,0,0,0,0,0,0,0
25.0,1,22.3,112.5,68.1,85.8,167.5,0,4.4,7.4,0.3,7.2,61.9,0,0,0,0,0,0,0,0,0,0,0,0,0,0,0,0,0,0,0,0,0,0
53.0,0,23.2,117.2,76.9,87.7,174.7,0,4.1,7.8,0.7,9.8,71.6,0,0,0,0,0,0,0,0,0,0,0,0,0,0,0,0,0,0,0,0,0,0
34.0,1,21.7,118.7,79.4,79.8,167.1,0,4.6,7.3,0.6,8.8,73.4,0,0,0,0,0,0,0,0,0,0,0,0,0,0,0,0,0,0,0,0,0,0
34.0,1,19.0,114.2,80.0,96.0,146.7,0,3.6,6.8,2.1,7.7,64.9,0,0,0,0,0,0,0,0,0,0,0,0,0,0,0,0,0,0,0,0,0,0
31.0,0,21.7,116.0,77.3,82.7,171.2,0,3.5,8.9,2.6,6.5,75.8,0,0,0,0,0,0,0,0,0,0,0,0,0,0,0,0,0,0,0,0,0,0
37.0,0,23.7,108.5,77.1,82.6,155.4,0,6.5,7.7,0.8,9.3,79.3,0,0,0,0,0,0,0,0,0,0,0,0,0,0,0,0,0,0,0,0,0,0
44.0,1,22.0,116.8,72.2,84.4,170.6,1,4.8,6.7,8.9,6.6,75.5,0,0,0,0,0,0,0,0,0,0,0,0,0,0,0,0,0,0,0,0,0,0
48.0,1,22.3,117.8,74.3,95.0,187.8,0,4.6,6.5,2.0,7.5,70.3,0,0,0,0,0,0,0,0,0,0,0,0,0,0,0,0,0,0,0,0,0,0
47.0,1,21.9,111.8,77.2,89.8,188.3,0,6.2,6.6,1.0,6.4,65.4,0,0,0,0,0,0,0,0,0,0,0,0,0,0,0,0,0,0,0,0,0,0
43.0,1,21.1,121.1,79.6,86.3,151.0,0,5.3,7.4,2.6,8.8,72.6,0,0,0,0,0,0,0,0,0,0,0,0,0,0,0,0,0,0,0,0,0,0
53.0,0,23.2,116.2,74.0,76.8,153.8,0,2.5,8.6,1.4,8.2,82.4,0,1,0,0,0,0,0,0,0,0,0,0,0,0,0,0,0,0,0,0,0,0
53.0,1,21.0,121.0,75.1,88.6,173.8,0,4.8,7.3,5.1,8.8,81.9,0,0,0,0,0,0,0,0,0,0,0,0,0,0,0,0,0,0,0,0,0,0
48.0,1,25.0,122.0,68.5,83.9,150.1,0,6.0,7.8,1.0,8.0,69.7,0,0,0,0,0,0,0,0,0,0,0,0,0,0,0,0,0,0,0,0,0,0
50.0,0,21.3,122.0,75.7,89.2,196.6,0,4.7,6.7,7.1,7.6,70.2,0,1,0,0,0,0,0,0,0,0,0,0,0,0,0,0,0,0,0,0,0,0
31.0,0,24.8,108.2,67.4,86.8,166.2,1,5.4,6.5,0.4,6.8,71.2,0,0,0,0,0,0,0,0,0,0,0,0,0,0,0,0,0,0,0,0,0,0
29.0,1,23.9,111.8,69.3,95.2,178.5,0,3.4,9.0,1.7,7.8,85.5,0,0,0,0,0,0,0,0,0,0,0,0,0,0,0,0,0,0,0,0,0,0
44.0,0,21.3,113.6,69.9,95.4,178.9,0,4.6,7.2,0.8,9.6,68.7,0,0,0,0,0,0,0,0,0,0,0,0,0,0,0,0,0,0,0,0,0,0
22.0,1,25.0,114.9,78.0,74.0,165.0,0,5.7,6.5,3.4,6.5,61.3,0,0,0,0,0,0,0,0,0,0,0,0,0,0,0,0,0,0,0,0,0,0
53.0,0,21.3,112.5,71.2,91.3,152.1,0,4.4,8.7,0.2,8.9,76.8,0,0,0,0,0,0,0,0,0,0,0,0,0,0,0,0,0,0,0,0,0,0
50.0,0,23.9,107.2,77.5,89.1,148.6,0,4.1,8.3,1.7,7.6,69.1,0,0,0,0,0,0,0,0,0,0,0,0,0,0,0,0,0,0,0,0,0,0
20.0,0,20.1,108.4,80.0,86.4,174.9,0,4.1,7.9,1.1,8.0,62.7,0,0,0,0,0,0,0,0,0,0,0,0,0,0,0,0,0,0,0,0,0,0
28.0,0,19.3,121.2,74.4,86.6,156.3,0,3.4,8.4,0.1,10.0,72.1,0,0,0,0,0,0,0,0,0,0,0,0,0,0,0,0,0,0,0,0,0,0
25.0,1,22.9,114.9,80.0,88.6,188.1,0,5.4,7.1,8.9,8.2,67.6,0,0,0,0,0,0,0,0,0,0,0,0,0,0,0,0,0,0,0,0,0,0
26.0,0,21.3,114.5,73.3,91.1,198.0,0,3.9,6.7,2.0,7.5,75.9,0,0,0,0,0,0,0,0,0,0,0,0,0,0,0,0,0,0,0,0,0,0
36.0,0,23.8,121.6,67.3,80.6,183.5,0,5.4,8.3,0.3,7.2,67.3,0,0,0,0,0,0,0,0,0,0,0,0,0,0,0,0,0,0,0,0,0,0
23.0,0,20.0,114.9,78.3,75.3,164.3,0,4.5,8.4,3.1,7.4,67.9,0,0,0,0,0,0,0,0,0,0,0,0,0,0,0,0,0,0,0,0,0,0
39.0,1,21.7,118.7,70.5,78.1,135.0,0,3.8,7.9,0.5,5.8,77.8,0,0,0,0,0,0,0,0,0,0,0,0,0,0,0,0,0,0,0,0,0,0
22.0,1,22.0,109.0,66.6,89.1,185.5,1,5.2,8.4,1.6,8.4,64.9,0,0,0,0,0,0,0,0,0,0,0,0,0,0,0,0,0,0,0,0,0,0
35.0,0,20.9,119.5,78.9,84.2,195.3,0,3.7,7.3,6.3,8.9,67.6,0,0,0,0,0,0,0,0,0,0,0,0,0,0,0,0,0,0,0,0,0,0
50.0,0,20.8,109.6,76.3,82.3,168.2,0,4.1,6.5,0.6,6.5,68.8,0,0,0,0,0,0,0,0,0,0,0,0,0,0,0,0,0,0,0,0,0,0
44.0,0,24.3,97.7,72.2,85.7,162.7,0,6.2,6.6,3.0,9.9,70.0,0,0,0,0,0,0,0,0,0,0,0,0,0,0,0,0,0,0,0,0,0,0
25.0,0,22.4,122.0,65.2,88.8,172.1,0,5.7,7.5,8.9,8.0,64.0,0,0,0,0,0,0,0,0,0,0,0,0,0,0,0,0,0,0,0,0,0,0
26.0,0,20.5,107.7,73.7,90.8,149.4,1,5.5,7.6,1.0,9.2,76.4,0,0,0,0,0,0,0,0,0,0,0,0,0,0,0,0,0,0,0,0,0,0
34.0,1,19.2,113.1,68.9,77.9,179.4,0,6.5,7.7,4.4,7.8,79.7,0,0,0,0,0,0,0,0,0,0,0,0,0,0,0,0,0,0,0,0,0,0
40.0,1,20.5,115.9,73.7,82.2,172.6,0,4.6,7.3,6.9,6.5,76.0,0,0,0,0,0,0,0,0,0,0,0,0,0,0,0,0,0,0,0,0,0,0
25.0,0,25.0,117.5,75.4,74.8,174.2,0,3.8,7.7,6.0,7.3,62.1,0,0,0,0,0,0,0,0,0,0,0,0,0,0,0,0,0,0,0,0,0,0
24.0,0,21.7,110.9,80.0,88.5,166.6,0,3.6,7.3,1.2,7.5,66.6,0,0,0,0,0,0,0,0,0,0,0,0,0,0,0,0,0,0,0,0,0,0
26.0,0,21.7,114.9,77.5,88.4,162.5,0,7.2,7.8,7.0,8.7,81.0,0,0,0,0,0,0,0,0,0,0,0,0,0,0,0,0,0,0,0,0,0,0
38.0,1,25.0,109.2,71.1,85.9,160.1,0,4.2,8.1,1.4,6.5,66.0,0,0,0,0,0,0,0,0,0,0,0,0,0,0,0,0,0,0,0,0,0,0
43.0,1,23.5,116.3,70.7,84.0,168.8,0,3.4,9.0,3.8,7.0,70.5,0,0,0,0,0,0,0,0,0,0,0,0,0,0,0,0,0,0,0,0,0,0
27.0,0,19.6,108.3,68.9,93.8,179.4,0,4.1,7.0,1.6,6.9,73.5,0,0,0,0,0,0,0,0,0,0,0,0,0,0,0,0,0,0,0,0,0,0
45.0,0,25.0,113.1,68.4,81.5,148.9,0,3.6,7.7,0.2,8.9,72.9,0,0,0,0,0,0,0,0,0,0,0,0,0,0,0,0,0,0,0,0,0,0
25.0,0,22.9,108.2,76.9,85.9,146.4,0,2.8,8.1,3.2,7.6,65.3,0,0,0,0,0,0,0,0,0,0,0,0,0,0,0,0,0,0,0,0,0,0
20.0,1,25.0,112.5,72.2,70.0,180.9,0,4.9,7.3,1.6,7.2,79.7,0,0,0,0,0,0,0,0,0,0,0,0,0,0,0,0,0,0,0,0,0,0
47.0,0,25.0,113.4,76.6,99.0,177.7,0,4.0,7.6,1.3,7.2,57.9,0,0,0,0,0,0,0,0,0,0,0,0,0,0,0,0,0,0,0,0,0,0
32.0,0,18.5,114.6,73.3,93.6,172.1,0,4.5,6.5,2.3,6.6,67.2,0,1,0,0,0,0,0,0,0,0,0,0,0,0,0,0,0,0,0,0,0,0
21.0,1,23.6,106.5,76.3,86.6,187.0,0,4.9,8.0,6.4,7.1,64.7,0,0,0,0,0,0,0,0,0,0,0,0,0,0,0,0,0,0,0,0,0,0
26.0,0,24.2,118.9,80.0,85.0,153.4,0,5.7,8.7,0.1,9.1,72.8,0,0,0,0,0,0,0,0,0,0,0,0,0,0,0,0,0,0,0,0,0,0
26.0,1,25.0,117.7,80.0,87.0,172.0,0,4.8,7.1,3.3,7.3,73.3,0,1,0,0,0,0,0,0,0,0,0,0,0,0,0,0,0,0,0,0,0,0
52.0,0,23.5,117.5,80.0,72.0,165.5,0,4.4,8.5,6.3,7.8,75.8,0,1,0,0,0,0,0,0,0,0,0,0,0,0,0,0,0,0,0,0,0,0
51.0,1,21.2,116.1,76.9,77.8,191.2,0,4.7,7.6,4.6,8.9,92.3,0,0,0,0,0,0,0,0,0,0,0,0,0,0,0,0,0,0,0,0,0,0
36.0,1,25.0,111.3,79.6,89.6,171.5,0,5.1,7.8,5.2,7.6,68.9,0,0,0,0,0,0,0,0,0,0,0,0,0,0,0,0,0,0,0,0,0,0
51.0,1,18.5,118.1,71.9,75.4,169.8,0,3.3,9.0,1.4,7.0,81.4,0,0,0,0,0,0,0,0,0,0,0,0,0,0,0,0,0,0,0,0,0,0
22.0,1,22.2,116.2,73.0,95.1,182.1,0,3.3,8.8,0.6,7.0,78.3,0,0,0,0,0,0,0,0,0,0,0,0,0,0,0,0,0,0,0,0,0,0
31.0,1,24.3,111.6,76.1,84.7,175.4,1,5.5,6.5,1.5,6.0,58.8,0,0,0,0,0,0,0,0,0,0,0,0,0,0,0,0,0,0,0,0,0,0
20.0,0,21.8,116.9,74.1,89.5,154.6,0,3.2,7.9,0.8,5.9,59.2,0,0,0,0,0,0,0,0,0,0,0,0,0,0,0,0,0,0,0,0,0,0
41.0,1,21.7,108.6,72.2,78.1,160.2,0,4.7,9.0,1.9,6.5,76.2,0,0,0,0,0,0,0,0,0,0,0,0,0,0,0,0,0,0,0,0,0,0
38.0,0,19.1,116.7,71.2,90.5,190.4,0,3.6,7.6,6.6,8.1,75.9,0,0,0,0,0,0,0,0,0,0,0,0,0,0,0,0,0,0,0,0,0,0
48.0,1,22.4,104.1,79.1,88.5,155.2,0,5.1,8.1,3.4,7.3,75.6,0,0,0,0,0,0,0,0,0,0,0,0,0,0,0,0,0,0,0,0,0,0
38.0,1,20.9,114.1,75.1,82.2,173.1,1,7.2,7.5,4.1,7.8,68.0,0,1,0,0,0,0,0,0,0,0,0,0,0,0,0,0,0,0,0,0,0,0
36.0,0,22.6,116.2,75.7,80.1,149.0,0,4.2,8.9,2.0,9.7,69.3,0,0,0,0,0,0,0,0,0,0,0,0,0,0,0,0,0,0,0,0,0,0
25.0,0,22.1,117.9,73.2,77.3,180.0,0,3.2,6.9,2.4,8.1,75.3,0,0,0,0,0,0,0,0,0,0,0,0,0,0,0,0,0,0,0,0,0,0
50.0,1,19.0,114.0,72.9,89.9,187.0,0,4.5,8.0,1.9,7.5,89.2,0,0,0,0,0,0,0,0,0,0,0,0,0,0,0,0,0,0,0,0,0,0
21.0,0,22.2,118.8,77.7,90.8,176.2,0,6.4,7.9,0.0,6.0,63.0,0,0,0,0,0,0,0,0,0,0,0,0,0,0,0,0,0,0,0,0,0,0
22.0,1,24.8,106.1,67.2,90.6,184.1,0,5.3,8.1,2.2,7.0,77.8,0,0,0,0,0,0,0,0,0,0,0,0,0,0,0,0,0,0,0,0,0,0
47.0,1,22.8,117.0,76.2,98.5,161.5,0,3.5,7.1,9.0,6.8,60.9,0,0,0,0,0,0,0,0,0,0,0,0,0,0,0,0,0,0,0,0,0,0
46.0,0,22.2,119.0,74.1,81.0,154.5,0,5.3,7.8,1.3,7.0,70.7,0,0,0,0,0,0,0,0,0,0,0,0,0,0,0,0,0,0,0,0,0,0
38.0,0,25.0,121.6,75.6,86.8,150.3,0,7.0,7.7,0.4,7.2,59.7,0,0,0,0,0,0,0,0,0,0,0,0,0,0,0,0,0,0,0,0,0,0
27.0,0,21.2,109.5,69.9,84.7,147.9,0,2.5,7.7,0.0,6.4,69.5,0,0,0,0,0,0,0,0,0,0,0,0,0,0,0,0,0,0,0,0,0,0
35.0,1,21.5,110.0,77.2,76.2,153.2,0,5.6,8.5,2.5,9.2,64.9,0,0,0,0,0,0,0,0,0,0,0,0,0,0,0,0,0,0,0,0,0,0
20.0,1,22.4,111.0,73.2,99.0,174.6,0,4.0,8.3,2.1,8.6,73.4,0,0,0,0,0,0,0,0,0,0,0,0,0,0,0,0,0,0,0,0,0,0
36.0,1,22.3,112.3,73.7,85.6,165.7,1,6.1,6.5,1.3,7.6,65.3,0,0,0,0,0,0,0,0,0,0,0,0,0,0,0,0,0,0,0,0,0,0
26.0,1,25.0,111.9,75.8,81.4,179.4,0,4.1,7.6,1.1,6.9,71.9,0,0,0,0,0,0,0,0,0,0,0,0,0,0,0,0,0,0,0,0,0,0
34.0,1,21.3,114.1,66.7,88.8,174.3,0,4.8,6.9,2.7,7.7,70.8,0,0,0,0,0,0,0,0,0,0,0,0,0,0,0,0,0,0,0,0,0,0
36.0,0,23.2,117.7,72.1,84.8,170.3,0,6.2,6.5,2.9,7.8,73.4,0,0,0,0,0,0,0,0,0,0,0,0,0,0,0,0,0,0,0,0,0,0
49.0,0,22.1,106.9,75.7,84.4,179.4,0,4.1,8.0,1.8,7.3,66.8,0,0,0,0,0,0,0,0,0,0,0,0,0,0,0,0,0,0,0,0,0,0
26.0,0,24.5,114.8,79.1,89.0,167.7,0,5.5,8.2,11.9,8.8,67.9,0,0,0,0,0,0,0,0,0,0,0,0,0,0,0,0,0,0,0,0,0,0
26.0,1,19.7,116.4,73.4,82.1,168.4,0,3.6,7.0,3.6,9.1,77.6,0,0,0,0,0,0,0,0,0,0,0,0,0,0,0,0,0,0,0,0,0,0
48.0,0,23.2,112.7,77.4,86.8,164.0,0,5.3,7.5,9.9,6.4,70.8,0,0,0,0,0,0,0,0,0,0,0,0,0,0,0,0,0,0,0,0,0,0
22.0,1,21.8,102.6,73.6,92.2,194.7,0,3.8,7.0,1.7,7.9,60.0,0,0,0,0,0,0,0,0,0,0,0,0,0,0,0,0,0,0,0,0,0,0
26.0,1,23.8,107.2,67.7,82.6,198.0,0,4.3,7.1,4.2,6.2,73.9,0,0,0,0,0,0,0,0,0,0,0,0,0,0,0,0,0,0,0,0,0,0
37.0,1,21.7,106.8,72.4,83.8,190.3,0,6.0,7.8,2.3,7.3,77.6,0,0,0,0,0,0,0,0,0,0,0,0,0,0,0,0,0,0,0,0,0,0
35.0,1,20.4,110.2,74.5,89.7,188.7,0,4.8,8.3,0.1,7.1,79.2,0,0,0,0,0,0,0,0,0,0,0,0,0,0,0,0,0,0,0,0,0,0
22.0,1,20.9,117.6,77.8,85.9,160.6,0,4.5,7.4,4.3,7.3,66.5,0,0,0,0,0,0,0,0,0,0,0,0,0,0,0,0,0,0,0,0,0,0
39.0,0,22.7,116.6,78.6,87.9,165.5,0,3.2,8.8,0.2,7.3,71.3,0,0,0,0,0,0,0,0,0,0,0,0,0,0,0,0,0,0,0,0,0,0
52.0,1,23.3,111.5,72.7,85.0,198.0,0,5.4,7.4,0.9,7.2,72.3,0,0,0,0,0,0,0,0,0,0,0,0,0,0,0,0,0,0,0,0,0,0
43.0,1,22.7,108.1,78.2,86.9,190.9,0,3.5,7.9,2.6,8.5,57.8,0,0,0,0,0,0,0,0,0,0,0,0,0,0,0,0,0,0,0,0,0,0
20.0,0,19.9,113.4,76.1,84.7,158.0,0,5.7,6.9,4.1,6.5,69.2,0,1,0,0,0,0,0,0,0,0,0,0,0,0,0,0,0,0,0,0,0,0
28.0,1,20.9,118.1,65.0,82.6,169.6,0,3.4,8.1,3.0,8.9,68.0,0,0,0,0,0,0,0,0,0,0,0,0,0,0,0,0,0,0,0,0,0,0
23.0,0,20.7,108.9,72.7,86.4,147.2,0,6.3,8.0,3.2,7.1,82.7,0,1,0,0,0,0,0,0,0,0,0,0,0,0,0,0,0,0,0,0,0,0
47.0,1,22.0,112.7,67.1,94.0,167.5,0,5.6,6.7,5.5,6.9,81.8,0,0,0,0,0,0,0,0,0,0,0,0,0,0,0,0,0,0,0,0,0,0
22.0,0,25.0,114.1,71.0,79.9,196.8,0,6.5,7.8,0.2,9.1,75.3,0,0,0,0,0,0,0,0,0,0,0,0,0,0,0,0,0,0,0,0,0,0
46.0,0,23.2,122.0,76.0,87.8,175.4,1,5.9,6.5,6.4,7.2,77.8,0,1,0,0,0,0,0,0,0,0,0,0,0,0,0,0,0,0,0,0,0,0
23.0,1,21.5,122.0,74.0,90.3,164.4,1,3.1,7.3,0.8,6.6,75.1,0,0,0,0,0,0,0,0,0,0,0,0,0,0,0,0,0,0,0,0,0,0
53.0,1,24.0,119.6,71.9,73.2,162.6,0,4.7,7.7,3.0,7.3,65.3,0,0,0,0,0,0,0,0,0,0,0,0,0,0,0,0,0,0,0,0,0,0
31.0,0,22.0,108.4,69.5,73.4,135.0,0,7.6,8.9,2.5,6.8,66.3,0,0,0,0,0,0,0,0,0,0,0,0,0,0,0,0,0,0,0,0,0,0
49.0,0,21.6,104.6,73.7,78.5,195.2,0,5.6,8.4,10.5,6.8,61.5,0,0,0,0,0,0,0,0,0,0,0,0,0,0,0,0,0,0,0,0,0,0
28.0,0,22.5,118.7,72.0,78.0,178.9,0,3.4,8.0,0.0,9.2,76.8,0,0,0,0,0,0,0,0,0,0,0,0,0,0,0,0,0,0,0,0,0,0
31.0,0,20.5,108.8,78.5,86.2,164.2,0,4.1,7.3,0.9,6.5,63.3,0,0,0,0,0,0,0,0,0,0,0,0,0,0,0,0,0,0,0,0,0,0
49.0,0,25.0,113.9,76.8,89.1,163.8,0,3.8,8.5,1.9,7.2,79.4,0,0,0,0,0,0,0,0,0,0,0,0,0,0,0,0,0,0,0,0,0,0
50.0,1,20.9,108.4,68.1,87.8,174.8,0,6.0,9.0,0.3,7.7,82.4,0,0,0,0,0,0,0,0,0,0,0,0,0,0,0,0,0,0,0,0,0,0
25.0,0,23.4,104.6,71.9,78.1,169.0,0,2.6,7.3,3.5,7.3,64.2,0,0,0,0,0,0,0,0,0,0,0,0,0,0,0,0,0,0,0,0,0,0
51.0,1,22.0,114.7,80.0,86.1,187.3,0,4.5,7.6,1.5,7.0,81.7,0,0,0,0,0,0,0,0,0,0,0,0,0,0,0,0,0,0,0,0,0,0
51.0,0,20.0,113.4,78.9,80.7,185.5,0,5.1,7.4,4.5,6.8,84.2,0,0,0,0,0,0,0,0,0,0,0,0,0,0,0,0,0,0,0,0,0,0
22.0,1,23.1,122.0,66.2,99.0,168.7,0,3.1,8.3,2.7,7.8,69.7,0,0,0,0,0,0,0,0,0,0,0,0,0,0,0,0,0,0,0,0,0,0
33.0,1,19.7,122.0,80.0,91.1,168.7,0,4.0,9.0,2.0,7.1,72.5,0,0,0,0,0,0,0,0,0,0,0,0,0,0,0,0,0,0,0,0,0,0
21.0,1,20.4,122.0,80.0,86.0,175.9,0,5.6,8.8,0.7,6.3,70.7,0,0,0,0,0,0,0,0,0,0,0,0,0,0,0,0,0,0,0,0,0,0
27.0,0,20.7,115.6,75.7,91.9,160.0,0,6.7,7.5,0.3,7.8,65.8,0,0,0,0,0,0,0,0,0,0,0,0,0,0,0,0,0,0,0,0,0,0
30.0,1,23.2,117.9,80.0,81.5,192.1,0,3.3,7.5,2.4,7.8,82.3,0,0,0,0,0,0,0,0,0,0,0,0,0,0,0,0,0,0,0,0,0,0
52.0,1,25.0,114.7,77.1,77.3,178.0,0,4.7,9.0,1.3,8.1,73.2,0,0,0,0,0,0,0,0,0,0,0,0,0,0,0,0,0,0,0,0,0,0
44.0,0,22.8,119.4,75.9,90.5,166.1,0,5.1,8.6,0.2,7.2,88.9,0,0,0,0,0,0,0,0,0,0,0,0,0,0,0,0,0,0,0,0,0,0
41.0,1,21.1,114.1,76.3,90.9,180.7,0,5.7,8.5,1.0,8.7,82.6,0,0,0,0,0,0,0,0,0,0,0,0,0,0,0,0,0,0,0,0,0,0
53.0,0,22.9,109.8,73.0,88.8,161.3,0,3.0,7.3,1.1,6.5,66.9,0,0,0,0,0,0,0,0,0,0,0,0,0,0,0,0,0,0,0,0,0,0
22.0,1,21.4,109.5,78.3,82.9,177.6,0,4.9,7.7,0.8,6.6,62.3,0,0,0,0,0,0,0,0,0,0,0,0,0,0,0,0,0,0,0,0,0,0
45.0,1,21.2,115.6,77.3,77.1,161.5,0,5.6,8.6,7.8,7.6,69.8,0,0,0,0,0,0,0,0,0,0,0,0,0,0,0,0,0,0,0,0,0,0
40.0,0,21.2,113.8,71.6,83.6,173.4,0,4.3,6.9,2.4,6.6,63.9,0,0,0,0,0,0,0,0,0,0,0,0,0,0,0,0,0,0,0,0,0,0
33.0,0,20.5,110.4,72.7,93.3,154.0,0,7.4,7.8,8.9,8.3,84.3,0,1,0,0,0,0,0,0,0,0,0,0,0,0,0,0,0,0,0,0,0,0
30.0,0,22.3,112.5,72.2,73.1,181.6,0,4.9,7.0,0.8,7.4,73.0,0,0,0,0,0,0,0,0,0,0,0,0,0,0,0,0,0,0,0,0,0,0
28.0,0,23.0,118.1,67.2,76.3,140.0,0,4.3,8.1,4.9,8.7,80.1,0,0,0,0,0,0,0,0,0,0,0,0,0,0,0,0,0,0,0,0,0,0
52.0,0,23.2,121.1,67.5,97.4,150.0,0,4.1,8.5,0.3,8.0,70.8,0,0,0,0,0,0,0,0,0,0,0,0,0,0,0,0,0,0,0,0,0,0
35.0,1,23.0,116.5,71.5,87.1,153.3,0,2.5,6.5,2.7,7.5,64.3,0,0,0,0,0,0,0,0,0,0,0,0,0,0,0,0,0,0,0,0,0,0
54.0,0,21.8,105.8,70.1,93.2,169.1,0,3.7,7.6,0.8,6.4,60.8,0,0,0,0,0,0,0,0,0,0,0,0,0,0,0,0,0,0,0,0,0,0
28.0,0,21.3,107.9,66.1,82.3,179.4,0,4.9,6.6,1.6,7.6,76.6,0,0,0,0,0,0,0,0,0,0,0,0,0,0,0,0,0,0,0,0,0,0
31.0,1,23.1,119.2,75.8,77.8,158.8,0,3.8,8.3,2.0,7.4,66.7,0,0,0,0,0,0,0,0,0,0,0,0,0,0,0,0,0,0,0,0,0,0
54.0,0,23.0,113.6,67.4,79.6,186.8,0,2.8,7.8,5.1,7.2,71.2,0,0,0,0,0,0,0,0,0,0,0,0,0,0,0,0,0,0,0,0,0,0
54.0,1,21.3,117.5,66.6,88.0,166.2,0,4.7,8.5,0.4,8.3,75.4,0,0,0,0,0,0,0,0,0,0,0,0,0,0,0,0,0,0,0,0,0,0
22.0,1,20.6,110.0,70.0,93.3,168.6,0,6.5,8.0,1.8,6.9,68.0,0,0,0,0,0,0,0,0,0,0,0,0,0,0,0,0,0,0,0,0,0,0
26.0,1,21.8,116.0,75.1,86.7,198.0,0,3.5,7.9,2.4,7.0,70.1,0,0,0,0,0,0,0,0,0,0,0,0,0,0,0,0,0,0,0,0,0,0
53.0,0,25.0,113.9,74.3,88.9,170.6,0,5.3,7.6,0.5,9.6,71.6,0,0,0,0,0,0,0,0,0,0,0,0,0,0,0,0,0,0,0,0,0,0
53.0,1,23.6,110.0,78.3,92.5,189.6,0,4.2,7.7,6.9,8.2,81.0,0,0,0,0,0,0,0,0,0,0,0,0,0,0,0,0,0,0,0,0,0,0
45.0,1,22.8,116.7,76.9,81.6,182.2,0,4.6,7.4,2.8,8.3,80.5,0,0,0,0,0,0,0,0,0,0,0,0,0,0,0,0,0,0,0,0,0,0
41.0,0,23.6,113.8,75.8,80.1,198.0,0,5.0,8.0,3.2,7.4,73.3,0,0,0,0,0,0,0,0,0,0,0,0,0,0,0,0,0,0,0,0,0,0
28.0,0,23.1,109.8,78.0,79.4,155.1,0,6.0,7.6,4.8,7.9,80.4,0,0,0,0,0,0,0,0,0,0,0,0,0,0,0,0,0,0,0,0,0,0
24.0,1,24.2,115.5,72.3,86.4,173.1,0,3.2,8.5,2.4,8.9,65.1,0,0,0,0,0,0,0,0,0,0,0,0,0,0,0,0,0,0,0,0,0,0
29.0,0,22.5,116.1,80.0,81.1,135.0,0,5.4,7.6,2.9,6.6,59.1,0,0,0,0,0,0,0,0,0,0,0,0,0,0,0,0,0,0,0,0,0,0
42.0,0,25.0,107.3,72.3,86.6,167.8,0,4.4,7.4,1.7,8.6,64.8,0,0,0,0,0,0,0,0,0,0,0,0,0,0,0,0,0,0,0,0,0,0
22.0,0,21.2,115.4,80.0,89.4,192.3,1,6.2,8.9,0.4,7.1,58.7,0,1,0,0,0,0,0,0,0,0,0,0,0,0,0,0,0,0,0,0,0,0
48.0,0,22.0,106.7,80.0,86.4,179.0,0,4.0,8.9,0.7,5.9,67.4,0,0,0,0,0,0,0,0,0,0,0,0,0,0,0,0,0,0,0,0,0,0
32.0,1,22.1,120.5,80.0,90.5,187.2,0,5.1,8.7,3.0,8.6,70.3,0,1,0,0,0,0,0,0,0,0,0,0,0,0,0,0,0,0,0,0,0,0
30.0,1,20.0,113.1,78.4,91.8,160.8,0,3.6,7.1,0.7,6.4,78.3,0,0,0,0,0,0,0,0,0,0,0,0,0,0,0,0,0,0,0,0,0,0
38.0,1,24.6,105.8,76.6,87.4,165.5,0,2.7,8.6,4.5,8.3,72.4,0,0,0,0,0,0,0,0,0,0,0,0,0,0,0,0,0,0,0,0,0,0
50.0,0,22.6,114.0,74.8,76.9,181.3,0,7.9,7.3,7.4,8.1,64.4,0,0,0,0,0,0,0,0,0,0,0,0,0,0,0,0,0,0,0,0,0,0
33.0,0,21.3,115.7,77.4,88.8,141.2,0,4.7,7.4,0.6,7.7,63.5,0,0,0,0,0,0,0,0,0,0,0,0,0,0,0,0,0,0,0,0,0,0
37.0,0,21.0,109.5,74.9,81.9,172.1,0,4.9,7.7,0.5,8.0,73.9,0,0,0,0,0,0,0,0,0,0,0,0,0,0,0,0,0,0,0,0,0,0
25.0,0,23.8,121.7,67.8,77.5,167.5,0,4.6,6.5,2.0,9.0,83.5,0,1,0,0,0,0,0,0,0,0,0,0,0,0,0,0,0,0,0,0,0,0
39.0,0,24.2,110.0,78.4,86.6,198.0,0,4.7,8.0,1.0,7.5,70.2,0,1,0,0,0,0,0,0,0,0,0,0,0,0,0,0,0,0,0,0,0,0
42.0,0,20.6,115.3,75.0,85.0,198.0,0,4.5,7.4,2.7,7.4,72.1,0,0,0,0,0,0,0,0,0,0,0,0,0,0,0,0,0,0,0,0,0,0
36.0,1,22.3,113.9,80.0,86.0,162.9,0,3.8,8.0,6.1,8.2,75.7,0,0,0,0,0,0,0,0,0,0,0,0,0,0,0,0,0,0,0,0,0,0
28.0,1,23.3,114.1,74.6,87.4,176.7,0,6.1,7.6,3.3,7.0,74.4,0,0,0,0,0,0,0,0,0,0,0,0,0,0,0,0,0,0,0,0,0,0
25.0,0,20.2,117.9,72.3,83.5,176.0,0,5.8,6.9,0.4,6.4,64.2,0,0,0,0,0,0,0,0,0,0,0,0,0,0,0,0,0,0,0,0,0,0
41.0,1,22.9,108.3,73.5,88.2,146.9,0,3.5,7.8,0.3,7.8,70.5,0,0,0,0,0,0,0,0,0,0,0,0,0,0,0,0,0,0,0,0,0,0
33.0,1,24.4,103.8,75.0,82.6,180.0,0,5.2,6.9,1.6,7.7,57.4,0,0,0,0,0,0,0,0,0,0,0,0,0,0,0,0,0,0,0,0,0,0
44.0,0,23.2,108.3,78.8,85.7,158.9,0,2.9,7.2,4.1,7.2,68.8,0,0,0,0,0,0,0,0,0,0,0,0,0,0,0,0,0,0,0,0,0,0
46.0,1,21.4,112.8,76.9,83.7,154.3,0,5.1,7.7,1.1,7.2,67.4,0,0,0,0,0,0,0,0,0,0,0,0,0,0,0,0,0,0,0,0,0,0
47.0,0,22.2,120.9,80.0,93.7,155.5,0,4.2,7.8,1.3,7.0,75.9,0,0,0,0,0,0,0,0,0,0,0,0,0,0,0,0,0,0,0,0,0,0
40.0,1,21.4,115.0,72.0,85.1,160.9,0,5.5,7.5,3.0,5.8,72.3,0,0,0,0,0,0,0,0,0,0,0,0,0,0,0,0,0,0,0,0,0,0
29.0,0,18.9,120.4,73.0,81.6,156.2,0,3.2,7.7,0.8,7.2,71.1,0,0,0,0,0,0,0,0,0,0,0,0,0,0,0,0,0,0,0,0,0,0
29.0,1,24.6,118.6,66.3,77.2,180.3,0,6.6,8.0,0.3,8.1,73.8,0,0,0,0,0,0,0,0,0,0,0,0,0,0,0,0,0,0,0,0,0,0
53.0,1,22.3,122.0,66.8,84.3,190.0,0,4.6,7.0,0.7,6.9,61.4,0,0,0,0,0,0,0,0,0,0,0,0,0,0,0,0,0,0,0,0,0,0
36.0,0,18.5,113.3,72.4,80.4,161.5,0,6.0,8.4,0.0,6.9,72.9,0,0,0,0,0,0,0,0,0,0,0,0,0,0,0,0,0,0,0,0,0,0
25.0,0,21.1,110.2,76.6,80.8,183.5,0,3.8,7.5,1.0,7.3,69.0,0,0,0,0,0,0,0,0,0,0,0,0,0,0,0,0,0,0,0,0,0,0
37.0,0,18.9,120.4,70.5,87.3,163.8,0,6.4,8.9,4.1,7.6,72.7,0,0,0,0,0,0,0,0,0,0,0,0,0,0,0,0,0,0,0,0,0,0
42.0,1,19.1,110.4,77.6,86.4,177.1,0,7.4,7.3,0.9,9.4,71.9,0,0,0,0,0,0,0,0,0,0,0,0,0,0,0,0,0,0,0,0,0,0
25.0,1,24.4,112.2,79.7,86.1,181.1,0,3.8,7.9,2.1,9.7,71.7,0,0,0,0,0,0,0,0,0,0,0,0,0,0,0,0,0,0,0,0,0,0
54.0,1,23.6,106.9,66.3,91.4,174.2,0,4.3,6.6,1.0,6.6,66.9,0,0,0,0,0,0,0,0,0,0,0,0,0,0,0,0,0,0,0,0,0,0
20.0,0,19.9,112.4,69.6,90.5,152.3,0,5.4,7.2,1.1,6.9,76.5,0,0,0,0,0,0,0,0,0,0,0,0,0,0,0,0,0,0,0,0,0,0
22.0,0,20.9,104.8,76.9,81.4,168.2,0,3.7,6.5,0.1,7.4,74.8,0,0,0,0,0,0,0,0,0,0,0,0,0,0,0,0,0,0,0,0,0,0
28.0,1,20.3,113.7,69.5,75.7,167.2,0,4.8,7.7,0.5,5.7,70.7,0,0,0,0,0,0,0,0,0,0,0,0,0,0,0,0,0,0,0,0,0,0
37.0,0,25.0,116.9,71.3,87.5,164.1,0,6.6,6.6,0.0,8.3,63.4,0,0,0,0,0,0,0,0,0,0,0,0,0,0,0,0,0,0,0,0,0,0
25.0,0,23.3,113.8,70.4,83.8,160.9,0,8.0,8.0,0.7,7.7,65.5,0,0,0,0,0,0,0,0,0,0,0,0,0,0,0,0,0,0,0,0,0,0
48.0,0,23.0,108.6,77.1,87.9,155.2,0,5.9,6.7,2.2,6.7,77.9,0,0,0,0,0,0,0,0,0,0,0,0,0,0,0,0,0,0,0,0,0,0
20.0,1,23.2,113.7,71.5,83.1,151.4,0,5.0,8.8,0.0,8.3,72.4,0,0,0,0,0,0,0,0,0,0,0,0,0,0,0,0,0,0,0,0,0,0
53.0,1,21.2,112.8,75.0,88.7,186.8,0,5.2,8.8,1.6,7.9,70.1,0,0,0,0,0,0,0,0,0,0,0,0,0,0,0,0,0,0,0,0,0,0
37.0,1,21.2,110.3,71.3,89.2,198.0,0,6.1,7.3,5.1,7.9,66.2,0,1,0,0,0,0,0,0,0,0,0,0,0,0,0,0,0,0,0,0,0,0
22.0,0,22.7,108.0,73.0,88.5,194.1,0,5.5,8.2,0.8,7.6,73.7,0,0,0,0,0,0,0,0,0,0,0,0,0,0,0,0,0,0,0,0,0,0
20.0,0,21.9,109.9,73.1,99.0,196.0,0,5.5,8.2,2.1,7.5,64.4,0,0,0,0,0,0,0,0,0,0,0,0,0,0,0,0,0,0,0,0,0,0
46.0,0,21.6,116.9,70.9,97.6,148.3,0,4.9,8.0,3.3,9.1,67.1,0,0,0,0,0,0,0,0,0,0,0,0,0,0,0,0,0,0,0,0,0,0
22.0,1,21.8,110.8,72.7,88.1,173.0,0,5.0,7.6,5.3,6.7,70.2,0,0,0,0,0,0,0,0,0,0,0,0,0,0,0,0,0,0,0,0,0,0
52.0,0,21.3,108.9,73.3,84.5,160.7,0,5.2,7.9,1.6,7.3,70.0,0,0,0,0,0,0,0,0,0,0,0,0,0,0,0,0,0,0,0,0,0,0
35.0,0,23.9,109.9,74.1,85.4,158.0,0,4.1,7.7,4.6,7.0,60.9,0,0,0,0,0,0,0,0,0,0,0,0,0,0,0,0,0,0,0,0,0,0
36.0,0,20.9,112.9,80.0,84.3,160.0,0,6.2,8.3,1.3,7.3,67.2,0,0,0,0,0,0,0,0,0,0,0,0,0,0,0,0,0,0,0,0,0,0
33.0,0,19.4,122.0,71.1,96.4,166.9,0,6.3,8.6,3.1,6.9,61.6,0,0,0,0,0,0,0,0,0,0,0,0,0,0,0,0,0,0,0,0,0,0
49.0,0,23.5,114.2,75.0,81.6,167.1,0,4.2,7.8,1.9,8.3,81.9,0,0,0,0,0,0,0,0,0,0,0,0,0,0,0,0,0,0,0,0,0,0
22.0,0,25.0,112.2,67.6,77.5,192.6,0,5.0,7.2,1.9,7.3,79.8,0,0,0,0,0,0,0,0,0,0,0,0,0,0,0,0,0,0,0,0,0,0
47.0,1,19.8,111.1,79.3,91.0,158.4,0,5.7,7.2,2.7,7.9,72.1,0,0,0,0,0,0,0,0,0,0,0,0,0,0,0,0,0,0,0,0,0,0
26.0,1,23.2,104.6,76.6,81.5,181.7,0,4.7,7.2,4.7,7.8,59.1,0,0,0,0,0,0,0,0,0,0,0,0,0,0,0,0,0,0,0,0,0,0
20.0,1,22.4,116.5,75.6,93.4,182.1,0,4.0,7.6,2.4,7.0,69.9,0,0,0,0,0,0,0,0,0,0,0,0,0,0,0,0,0,0,0,0,0,0
25.0,0,20.7,120.4,80.0,87.2,167.8,0,3.6,7.6,1.8,8.3,73.9,0,0,0,0,0,0,0,0,0,0,0,0,0,0,0,0,0,0,0,0,0,0
26.0,1,21.9,112.4,72.2,90.6,147.2,0,5.0,8.0,2.7,8.5,69.2,0,0,0,0,0,0,0,0,0,0,0,0,0,0,0,0,0,0,0,0,0,0
46.0,1,24.1,111.1,72.1,72.0,149.2,0,5.5,6.7,7.7,7.2,67.4,0,0,0,0,0,0,0,0,0,0,0,0,0,0,0,0,0,0,0,0,0,0
30.0,0,24.3,115.6,68.1,88.8,165.7,0,3.9,8.0,7.3,7.0,67.4,0,0,0,0,0,0,0,0,0,0,0,0,0,0,0,0,0,0,0,0,0,0
48.0,0,22.0,108.1,73.9,72.1,150.4,1,5.2,7.4,1.2,6.9,75.8,0,0,0,0,0,0,0,0,0,0,0,0,0,0,0,0,0,0,0,0,0,0
54.0,1,24.9,114.7,78.6,89.7,187.2,0,4.6,7.5,1.4,8.3,68.6,0,0,0,0,0,0,0,0,0,0,0,0,0,0,0,0,0,0,0,0,0,0
24.0,0,21.4,114.2,71.1,86.5,172.9,0,5.5,7.1,0.0,10.0,62.7,0,0,0,0,0,0,0,0,0,0,0,0,0,0,0,0,0,0,0,0,0,0
23.0,1,19.1,109.9,73.0,99.0,197.2,0,3.8,7.1,2.1,7.0,73.9,0,0,0,0,0,0,0,0,0,0,0,0,0,0,0,0,0,0,0,0,0,0
44.0,0,20.6,117.4,73.2,83.1,160.9,0,7.0,7.6,7.7,6.7,73.5,0,0,0,0,0,0,0,0,0,0,0,0,0,0,0,0,0,0,0,0,0,0
20.0,1,25.0,106.4,67.4,81.2,183.4,0,5.5,8.0,1.9,9.8,70.1,0,0,0,0,0,0,0,0,0,0,0,0,0,0,0,0,0,0,0,0,0,0
25.0,1,20.6,104.9,76.7,80.8,184.1,1,2.9,8.0,2.9,9.1,75.8,0,0,0,0,0,0,0,0,0,0,0,0,0,0,0,0,0,0,0,0,0,0
49.0,1,22.2,114.3,76.5,90.2,173.2,0,4.4,6.6,18.2,8.3,69.4,0,0,0,0,0,0,0,0,0,0,0,0,0,0,0,0,0,0,0,0,0,0
44.0,1,22.2,118.0,76.6,92.6,165.2,0,6.3,7.1,0.6,8.4,70.7,0,0,0,0,0,0,0,0,0,0,0,0,0,0,0,0,0,0,0,0,0,0
25.0,1,22.4,115.8,72.8,80.0,161.0,0,3.9,8.5,2.9,7.8,85.8,0,0,0,0,0,0,0,0,0,0,0,0,0,0,0,0,0,0,0,0,0,0
53.0,0,19.4,109.5,72.5,83.9,170.2,0,6.3,9.0,9.4,6.2,66.7,0,0,0,0,0,0,0,0,0,0,0,0,0,0,0,0,0,0,0,0,0,0
47.0,0,21.6,120.5,71.5,75.0,186.1,0,4.6,7.7,9.8,8.2,82.3,0,1,0,0,0,0,0,0,0,0,0,0,0,0,0,0,0,0,0,0,0,0
32.0,1,21.4,113.3,78.9,91.5,156.1,1,5.4,7.8,3.1,6.7,68.3,0,0,0,0,0,0,0,0,0,0,0,0,0,0,0,0,0,0,0,0,0,0
54.0,0,22.7,110.9,74.7,99.0,188.4,0,4.2,6.5,2.9,8.9,74.0,0,1,0,0,0,0,0,0,0,0,0,0,0,0,0,0,0,0,0,0,0,0
26.0,0,24.1,122.0,73.3,82.3,144.6,0,4.1,9.0,3.4,7.1,63.4,0,0,0,0,0,0,0,0,0,0,0,0,0,0,0,0,0,0,0,0,0,0
45.0,1,22.5,113.5,68.8,84.0,167.6,0,5.1,8.3,2.5,7.7,73.2,0,1,0,0,0,0,0,0,0,0,0,0,0,0,0,0,0,0,0,0,0,0
53.0,0,21.3,112.9,75.5,77.1,154.4,0,6.2,7.6,3.9,7.0,59.3,0,0,0,0,0,0,0,0,0,0,0,0,0,0,0,0,0,0,0,0,0,0
26.0,0,22.5,108.8,74.4,90.6,173.4,0,2.5,7.0,0.0,9.3,60.1,0,0,0,0,0,0,0,0,0,0,0,0,0,0,0,0,0,0,0,0,0,0
38.0,0,24.9,118.7,70.7,85.1,179.2,0,4.4,7.6,1.0,6.7,80.2,0,1,0,0,0,0,0,0,0,0,0,0,0,0,0,0,0,0,0,0,0,0
38.0,1,23.9,112.7,66.6,81.5,170.6,0,3.5,7.6,5.1,10.0,71.6,0,0,0,0,0,0,0,0,0,0,0,0,0,0,0,0,0,0,0,0,0,0
47.0,1,22.9,105.3,75.1,87.3,177.1,0,6.6,7.9,2.4,7.8,75.2,0,0,0,0,0,0,0,0,0,0,0,0,0,0,0,0,0,0,0,0,0,0
32.0,1,23.2,114.5,69.9,94.8,187.3,0,5.1,7.6,0.2,8.5,70.7,0,0,0,0,0,0,0,0,0,0,0,0,0,0,0,0,0,0,0,0,0,0
34.0,0,23.3,115.6,69.8,93.8,185.2,0,6.3,7.8,3.0,7.6,66.2,0,0,0,0,0,0,0,0,0,0,0,0,0,0,0,0,0,0,0,0,0,0
37.0,1,22.0,122.0,71.1,84.1,154.7,0,4.1,7.3,6.4,7.3,73.4,0,0,0,0,0,0,0,0,0,0,0,0,0,0,0,0,0,0,0,0,0,0
45.0,0,23.2,111.4,75.3,91.8,170.8,0,4.2,8.3,0.7,8.6,55.4,0,0,0,0,0,0,0,0,0,0,0,0,0,0,0,0,0,0,0,0,0,0
25.0,0,25.0,118.6,70.1,98.2,165.9,0,5.9,6.5,3.5,7.6,70.3,0,0,0,0,0,0,0,0,0,0,0,0,0,0,0,0,0,0,0,0,0,0
39.0,0,22.0,111.2,75.4,82.6,159.2,0,6.4,6.8,0.3,8.0,58.6,0,0,0,0,0,0,0,0,0,0,0,0,0,0,0,0,0,0,0,0,0,0
23.0,0,24.4,122.0,71.0,92.6,179.7,0,4.7,7.5,6.2,8.7,69.2,0,0,0,0,0,0,0,0,0,0,0,0,0,0,0,0,0,0,0,0,0,0
26.0,1,22.6,118.5,77.4,85.8,148.3,0,4.8,7.8,0.2,7.1,80.4,0,0,0,0,0,0,0,0,0,0,0,0,0,0,0,0,0,0,0,0,0,0
50.0,1,20.8,113.1,78.5,76.9,176.9,0,4.6,7.2,1.2,8.7,68.6,0,0,0,0,0,0,0,0,0,0,0,0,0,0,0,0,0,0,0,0,0,0
32.0,0,20.3,120.9,76.1,80.1,176.4,0,6.6,7.2,0.6,7.1,69.3,0,0,0,0,0,0,0,0,0,0,0,0,0,0,0,0,0,0,0,0,0,0
51.0,0,19.2,113.5,80.0,75.7,171.7,0,5.1,6.9,0.9,6.4,71.6,0,0,0,0,0,0,0,0,0,0,0,0,0,0,0,0,0,0,0,0,0,0
47.0,1,23.0,117.1,76.7,80.9,164.6,0,6.3,7.4,8.7,7.8,85.5,0,0,0,0,0,0,0,0,0,0,0,0,0,0,0,0,0,0,0,0,0,0
23.0,1,25.0,110.9,76.7,87.1,170.3,0,4.3,8.5,4.7,8.2,65.7,0,0,0,0,0,0,0,0,0,0,0,0,0,0,0,0,0,0,0,0,0,0
21.0,1,23.4,112.7,80.0,90.7,179.6,1,6.2,8.3,3.2,7.7,71.8,0,0,0,0,0,0,0,0,0,0,0,0,0,0,0,0,0,0,0,0,0,0
33.0,0,21.6,112.4,71.0,87.6,177.5,0,2.8,7.8,0.1,8.3,70.1,0,0,0,0,0,0,0,0,0,0,0,0,0,0,0,0,0,0,0,0,0,0
34.0,1,21.8,118.2,72.1,84.3,180.0,0,6.1,7.0,1.0,6.7,70.1,0,0,0,0,0,0,0,0,0,0,0,0,0,0,0,0,0,0,0,0,0,0
47.0,1,20.7,112.9,80.0,85.4,198.0,0,6.6,6.5,1.0,7.5,65.3,0,0,0,0,0,0,0,0,0,0,0,0,0,0,0,0,0,0,0,0,0,0
36.0,0,22.9,114.5,76.0,78.0,180.6,0,5.2,8.0,1.2,7.7,75.2,0,1,0,0,0,0,0,0,0,0,0,0,0,0,0,0,0,0,0,0,0,0
46.0,1,22.6,117.2,79.7,94.4,180.1,0,3.1,7.7,0.8,8.9,67.7,0,0,0,0,0,0,0,0,0,0,0,0,0,0,0,0,0,0,0,0,0,0
40.0,0,24.4,117.6,67.2,78.0,174.3,0,4.2,8.9,1.0,7.9,66.2,0,0,0,0,0,0,0,0,0,0,0,0,0,0,0,0,0,0,0,0,0,0
53.0,1,22.1,116.6,75.2,82.3,170.0,1,5.4,8.1,4.1,8.8,74.5,0,0,0,0,0,0,0,0,0,0,0,0,0,0,0,0,0,0,0,0,0,0
33.0,1,22.5,113.5,78.7,98.1,178.4,1,5.6,7.6,3.8,7.6,71.2,0,0,0,0,0,0,0,0,0,0,0,0,0,0,0,0,0,0,0,0,0,0
36.0,1,25.0,115.8,72.5,88.4,144.7,0,6.3,7.5,5.2,6.0,54.1,0,0,0,0,0,0,0,0,0,0,0,0,0,0,0,0,0,0,0,0,0,0
45.0,1,23.1,115.2,75.1,85.3,173.4,0,6.1,9.0,3.6,8.0,69.3,0,0,0,0,0,0,0,0,0,0,0,0,0,0,0,0,0,0,0,0,0,0
40.0,1,21.4,114.0,75.5,88.9,176.2,0,6.0,7.1,1.1,10.0,77.8,0,0,0,0,0,0,0,0,0,0,0,0,0,0,0,0,0,0,0,0,0,0
54.0,0,23.1,110.0,71.9,88.1,168.4,0,2.5,7.9,0.4,7.9,67.1,0,0,0,0,0,0,0,0,0,0,0,0,0,0,0,0,0,0,0,0,0,0
44.0,0,24.3,115.5,72.5,75.8,140.2,0,5.2,7.2,2.9,8.1,65.7,0,0,0,0,0,0,0,0,0,0,0,0,0,0,0,0,0,0,0,0,0,0
46.0,0,25.0,121.2,65.4,83.4,172.1,0,2.7,6.5,2.2,9.1,72.9,0,0,0,0,0,0,0,0,0,0,0,0,0,0,0,0,0,0,0,0,0,0
41.0,0,24.3,111.1,74.2,88.4,164.3,0,4.1,7.9,1.7,6.5,82.3,0,0,0,0,0,0,0,0,0,0,0,0,0,0,0,0,0,0,0,0,0,0
28.0,0,20.5,117.7,71.6,82.1,182.8,0,2.5,7.5,7.2,7.9,82.7,0,0,0,0,0,0,0,0,0,0,0,0,0,0,0,0,0,0,0,0,0,0
42.0,0,22.2,112.9,77.7,88.8,176.0,0,4.4,8.2,3.1,7.5,71.2,0,1,0,0,0,0,0,0,0,0,0,0,0,0,0,0,0,0,0,0,0,0
45.0,1,22.8,110.6,80.0,90.9,163.2,1,4.5,7.4,0.6,9.1,64.1,0,0,0,0,0,0,0,0,0,0,0,0,0,0,0,0,0,0,0,0,0,0
50.0,1,22.8,107.3,73.0,84.9,174.5,1,3.2,8.0,2.3,6.3,61.7,0,0,0,0,0,0,0,0,0,0,0,0,0,0,0,0,0,0,0,0,0,0
54.0,1,21.6,109.8,77.1,83.5,160.5,0,3.7,7.4,0.3,7.9,81.0,0,0,0,0,0,0,0,0,0,0,0,0,0,0,0,0,0,0,0,0,0,0
52.0,1,20.2,115.1,68.3,94.2,165.4,0,3.8,7.5,1.6,9.1,82.2,0,0,0,0,0,0,0,0,0,0,0,0,0,0,0,0,0,0,0,0,0,0
49.0,0,19.6,110.0,80.0,90.0,161.3,0,4.2,7.4,11.4,9.8,75.7,0,0,0,0,0,0,0,0,0,0,0,0,0,0,0,0,0,0,0,0,0,0
31.0,0,25.0,118.0,66.8,75.4,158.2,1,5.9,8.7,3.4,7.8,74.2,0,0,0,0,0,0,0,0,0,0,0,0,0,0,0,0,0,0,0,0,0,0
40.0,0,23.8,110.4,71.2,86.3,170.4,0,4.0,8.6,4.2,8.5,78.1,0,0,0,0,0,0,0,0,0,0,0,0,0,0,0,0,0,0,0,0,0,0
52.0,0,20.2,115.6,76.9,84.1,164.5,0,5.8,7.3,4.1,6.7,68.9,0,0,0,0,0,0,0,0,0,0,0,0,0,0,0,0,0,0,0,0,0,0
50.0,1,19.5,122.0,75.3,81.1,178.5,0,5.5,6.5,2.7,10.0,75.8,0,0,0,0,0,0,0,0,0,0,0,0,0,0,0,0,0,0,0,0,0,0
24.0,1,23.1,117.0,69.7,80.4,173.9,0,5.0,8.6,1.2,7.7,67.8,0,0,0,0,0,0,0,0,0,0,0,0,0,0,0,0,0,0,0,0,0,0
46.0,1,22.5,111.1,73.0,80.2,186.8,0,5.0,7.6,0.6,7.1,72.9,0,0,0,0,0,0,0,0,0,0,0,0,0,0,0,0,0,0,0,0,0,0
40.0,1,22.4,105.7,70.4,92.6,142.9,0,5.4,7.1,2.5,7.0,79.6,0,0,0,0,0,0,0,0,0,0,0,0,0,0,0,0,0,0,0,0,0,0
29.0,1,19.3,117.5,69.8,86.3,167.3,0,5.0,9.0,0.2,8.4,72.9,0,0,0,0,0,0,0,0,0,0,0,0,0,0,0,0,0,0,0,0,0,0
51.0,0,20.5,118.1,76.2,82.7,193.9,0,6.8,7.8,2.2,5.7,65.7,0,0,0,0,0,0,0,0,0,0,0,0,0,0,0,0,0,0,0,0,0,0
44.0,1,21.4,113.7,71.0,82.5,163.5,1,6.1,8.1,2.7,6.9,75.2,0,0,0,0,0,0,0,0,0,0,0,0,0,0,0,0,0,0,0,0,0,0
52.0,0,24.6,122.0,78.9,82.0,183.9,0,7.1,6.9,5.4,8.4,78.3,0,0,0,0,0,0,0,0,0,0,0,0,0,0,0,0,0,0,0,0,0,0
32.0,1,21.2,122.0,72.8,76.4,161.6,0,2.6,7.3,3.3,7.7,73.4,0,0,0,0,0,0,0,0,0,0,0,0,0,0,0,0,0,0,0,0,0,0
23.0,0,21.4,112.2,76.6,87.7,186.1,0,3.8,7.2,0.1,7.2,67.8,0,1,0,0,0,0,0,0,0,0,0,0,0,0,0,0,0,0,0,0,0,0
20.0,0,22.1,117.8,71.4,87.5,186.0,0,4.2,7.4,0.7,8.8,71.9,0,0,0,0,0,0,0,0,0,0,0,0,0,0,0,0,0,0,0,0,0,0
44.0,0,21.1,122.0,66.4,76.5,196.5,0,5.2,7.9,1.2,8.4,72.8,0,0,0,0,0,0,0,0,0,0,0,0,0,0,0,0,0,0,0,0,0,0
42.0,1,23.6,115.2,76.1,81.1,169.6,0,4.6,7.5,0.6,9.6,74.4,0,1,0,0,0,0,0,0,0,0,0,0,0,0,0,0,0,0,0,0,0,0
32.0,1,20.4,109.4,80.0,85.6,148.5,0,5.0,7.3,2.9,6.8,73.1,0,0,0,0,0,0,0,0,0,0,0,0,0,0,0,0,0,0,0,0,0,0
45.0,0,20.8,120.4,74.2,92.3,183.0,1,5.5,8.3,1.6,7.8,77.9,0,0,0,0,0,0,0,0,0,0,0,0,0,0,0,0,0,0,0,0,0,0
48.0,1,24.1,116.8,74.8,91.2,184.1,0,4.5,7.3,2.1,8.2,64.3,0,0,0,0,0,0,0,0,0,0,0,0,0,0,0,0,0,0,0,0,0,0
44.0,1,22.9,108.2,80.0,89.3,198.0,0,6.7,6.5,2.3,8.0,56.9,0,1,0,0,0,0,0,0,0,0,0,0,0,0,0,0,0,0,0,0,0,0
38.0,1,20.6,118.7,71.9,81.3,178.8,0,4.2,7.2,2.9,6.7,77.0,0,0,0,0,0,0,0,0,0,0,0,0,0,0,0,0,0,0,0,0,0,0
29.0,1,20.8,122.0,80.0,84.6,178.6,0,4.7,7.5,9.3,7.2,78.9,0,0,0,0,0,0,0,0,0,0,0,0,0,0,0,0,0,0,0,0,0,0
37.0,0,23.1,110.8,67.9,91.7,181.6,0,5.3,8.5,9.5,8.9,73.3,0,1,0,0,0,0,0,0,0,0,0,0,0,0,0,0,0,0,0,0,0,0
29.0,1,25.0,121.0,72.4,83.6,159.1,0,4.8,7.6,2.2,6.2,71.0,0,0,0,0,0,0,0,0,0,0,0,0,0,0,0,0,0,0,0,0,0,0
43.0,0,24.0,115.6,73.4,84.9,170.5,0,4.7,7.2,5.3,8.6,73.6,0,0,0,0,0,0,0,0,0,0,0,0,0,0,0,0,0,0,0,0,0,0
28.0,1,21.5,118.1,77.4,75.0,186.6,0,5.1,6.9,9.2,8.2,77.1,0,0,0,0,0,0,0,0,0,0,0,0,0,0,0,0,0,0,0,0,0,0
29.0,1,20.5,111.7,80.0,77.7,161.8,0,5.1,7.0,0.1,8.8,79.8,0,0,0,0,0,0,0,0,0,0,0,0,0,0,0,0,0,0,0,0,0,0
25.0,1,23.1,111.5,80.0,95.8,160.6,0,3.9,7.5,1.0,7.6,82.9,0,0,0,0,0,0,0,0,0,0,0,0,0,0,0,0,0,0,0,0,0,0
50.0,1,20.4,112.2,71.8,90.9,169.8,0,3.4,7.6,3.5,7.2,67.8,0,0,0,0,0,0,0,0,0,0,0,0,0,0,0,0,0,0,0,0,0,0
29.0,0,21.6,115.5,70.9,88.0,150.7,0,5.2,7.6,3.1,8.9,67.6,0,0,0,0,0,0,0,0,0,0,0,0,0,0,0,0,0,0,0,0,0,0
30.0,1,20.4,110.7,77.7,91.8,182.5,0,5.3,7.8,1.8,8.2,72.0,0,0,0,0,0,0,0,0,0,0,0,0,0,0,0,0,0,0,0,0,0,0
30.0,0,23.1,112.9,76.6,85.6,163.7,0,4.3,7.7,2.5,5.8,73.5,0,0,0,0,0,0,0,0,0,0,0,0,0,0,0,0,0,0,0,0,0,0
32.0,0,24.2,111.2,74.8,87.0,170.2,0,3.8,7.8,5.3,8.0,72.2,0,0,0,0,0,0,0,0,0,0,0,0,0,0,0,0,0,0,0,0,0,0
34.0,1,25.0,113.2,68.6,92.0,174.0,0,5.1,7.6,2.4,9.3,79.4,0,0,0,0,0,0,0,0,0,0,0,0,0,0,0,0,0,0,0,0,0,0
47.0,1,20.9,108.0,74.8,82.7,171.0,0,4.3,7.8,0.2,8.4,78.4,0,1,0,0,0,0,0,0,0,0,0,0,0,0,0,0,0,0,0,0,0,0
28.0,0,22.9,119.0,75.7,77.2,170.0,0,5.6,8.6,1.7,6.6,61.2,0,0,0,0,0,0,0,0,0,0,0,0,0,0,0,0,0,0,0,0,0,0
54.0,0,20.2,114.1,77.4,93.8,165.2,0,4.7,7.2,1.0,8.5,66.7,0,0,0,0,0,0,0,0,0,0,0,0,0,0,0,0,0,0,0,0,0,0
36.0,1,21.3,111.3,70.0,75.6,181.5,0,2.9,6.9,0.2,8.6,64.7,0,0,0,0,0,0,0,0,0,0,0,0,0,0,0,0,0,0,0,0,0,0
40.0,0,25.0,120.8,73.1,78.2,171.4,0,6.7,7.8,7.4,7.8,67.6,0,0,0,0,0,0,0,0,0,0,0,0,0,0,0,0,0,0,0,0,0,0
38.0,0,21.8,110.9,73.9,82.5,198.0,0,4.4,7.2,1.1,9.6,62.8,0,0,0,0,0,0,0,0,0,0,0,0,0,0,0,0,0,0,0,0,0,0
43.0,1,22.5,115.6,80.0,86.0,155.9,0,6.3,7.8,0.5,7.6,70.0,0,0,0,0,0,0,0,0,0,0,0,0,0,0,0,0,0,0,0,0,0,0
22.0,0,20.8,113.1,72.3,82.6,149.4,0,5.4,7.5,4.4,7.8,73.5,0,0,0,0,0,0,0,0,0,0,0,0,0,0,0,0,0,0,0,0,0,0
41.0,0,21.1,112.4,72.8,83.1,167.2,0,3.3,6.5,2.2,9.0,70.1,0,0,0,0,0,0,0,0,0,0,0,0,0,0,0,0,0,0,0,0,0,0
27.0,0,22.9,109.2,69.3,85.4,162.5,0,5.3,7.1,2.2,7.5,75.3,0,0,0,0,0,0,0,0,0,0,0,0,0,0,0,0,0,0,0,0,0,0
46.0,1,20.0,114.1,78.9,87.6,179.8,0,7.1,7.0,1.1,5.8,80.1,0,0,0,0,0,0,0,0,0,0,0,0,0,0,0,0,0,0,0,0,0,0
28.0,0,21.7,111.2,71.0,81.3,195.5,1,2.5,6.8,2.9,8.7,90.2,0,0,0,0,0,0,0,0,0,0,0,0,0,0,0,0,0,0,0,0,0,0
46.0,1,21.4,122.0,76.4,83.7,162.9,1,4.9,7.5,1.6,7.9,77.2,0,0,0,0,0,0,0,0,0,0,0,0,0,0,0,0,0,0,0,0,0,0
26.0,0,21.8,112.2,66.0,94.2,157.6,0,3.1,8.0,0.6,7.0,85.7,0,0,0,0,0,0,0,0,0,0,0,0,0,0,0,0,0,0,0,0,0,0
51.0,0,25.0,109.0,71.0,88.3,163.9,0,5.1,8.7,2.1,6.5,69.8,0,0,0,0,0,0,0,0,0,0,0,0,0,0,0,0,0,0,0,0,0,0
53.0,0,19.4,110.5,69.6,94.9,158.1,0,5.1,8.8,0.3,7.7,64.9,0,0,0,0,0,0,0,0,0,0,0,0,0,0,0,0,0,0,0,0,0,0
53.0,1,21.9,107.7,73.0,96.6,177.6,0,3.6,6.5,0.1,6.6,63.5,0,0,0,0,0,0,0,0,0,0,0,0,0,0,0,0,0,0,0,0,0,0
51.0,1,21.6,115.6,69.6,84.3,179.4,0,5.3,7.4,1.1,8.5,82.4,0,0,0,0,0,0,0,0,0,0,0,0,0,0,0,0,0,0,0,0,0,0
41.0,0,19.7,105.8,73.5,80.9,154.4,1,3.9,7.6,8.8,7.2,67.1,0,0,0,0,0,0,0,0,0,0,0,0,0,0,0,0,0,0,0,0,0,0
35.0,0,19.9,118.0,71.0,75.5,184.0,0,4.7,7.0,3.5,7.7,74.4,0,0,0,0,0,0,0,0,0,0,0,0,0,0,0,0,0,0,0,0,0,0
22.0,0,19.8,113.3,74.9,77.3,173.0,0,3.5,7.2,0.7,6.7,62.9,0,0,0,0,0,0,0,0,0,0,0,0,0,0,0,0,0,0,0,0,0,0
37.0,1,21.2,109.3,78.4,81.4,171.6,0,4.8,6.8,0.9,6.6,69.7,0,1,0,0,0,0,0,0,0,0,0,0,0,0,0,0,0,0,0,0,0,0
27.0,1,21.4,120.5,69.8,94.0,165.9,0,4.0,7.5,0.7,6.9,68.2,0,0,0,0,0,0,0,0,0,0,0,0,0,0,0,0,0,0,0,0,0,0
46.0,0,24.9,122.0,72.5,76.0,152.6,0,7.2,7.6,0.0,7.2,78.1,0,0,0,0,0,0,0,0,0,0,0,0,0,0,0,0,0,0,0,0,0,0
23.0,1,22.4,112.5,69.3,87.8,168.9,0,3.9,8.0,1.8,9.4,69.3,0,0,0,0,0,0,0,0,0,0,0,0,0,0,0,0,0,0,0,0,0,0
31.0,1,20.8,115.9,72.8,78.6,198.0,0,3.6,7.4,3.6,9.1,74.9,0,1,0,0,0,0,0,0,0,0,0,0,0,0,0,0,0,0,0,0,0,0
22.0,1,21.6,117.0,71.3,90.0,172.4,0,6.2,6.5,4.6,7.1,72.0,0,0,0,0,0,0,0,0,0,0,0,0,0,0,0,0,0,0,0,0,0,0
21.0,0,19.2,111.9,72.9,86.6,179.8,0,4.5,7.0,6.2,8.7,69.7,0,0,0,0,0,0,0,0,0,0,0,0,0,0,0,0,0,0,0,0,0,0
30.0,0,21.3,118.1,71.4,77.2,193.4,0,5.3,7.0,2.3,8.9,75.9,0,1,0,0,0,0,0,0,0,0,0,0,0,0,0,0,0,0,0,0,0,0
51.0,0,20.8,109.7,65.0,80.9,169.6,1,5.3,8.6,3.9,8.3,62.3,0,1,0,0,0,0,0,0,0,0,0,0,0,0,0,0,0,0,0,0,0,0
52.0,0,20.5,109.1,76.1,81.2,163.6,1,5.1,8.7,0.6,6.8,73.5,0,0,0,0,0,0,0,0,0,0,0,0,0,0,0,0,0,0,0,0,0,0
44.0,0,22.2,108.0,74.0,93.6,178.5,0,4.2,7.6,5.6,8.4,72.7,0,0,0,0,0,0,0,0,0,0,0,0,0,0,0,0,0,0,0,0,0,0
38.0,0,25.0,122.0,68.9,78.3,135.0,1,5.6,7.7,2.0,6.6,82.1,0,1,0,0,0,0,0,0,0,0,0,0,0,0,0,0,0,0,0,0,0,0
32.0,0,24.4,111.6,78.4,86.7,154.6,0,6.0,7.5,0.6,7.2,74.0,0,0,0,0,0,0,0,0,0,0,0,0,0,0,0,0,0,0,0,0,0,0
48.0,1,23.0,112.1,70.2,97.8,158.6,0,4.6,7.1,6.0,7.8,80.3,0,0,0,0,0,0,0,0,0,0,0,0,0,0,0,0,0,0,0,0,0,0
42.0,0,22.1,112.8,65.3,90.3,175.4,0,4.7,8.1,0.2,6.4,81.0,0,1,0,0,0,0,0,0,0,0,0,0,0,0,0,0,0,0,0,0,0,0
54.0,0,24.5,113.6,80.0,83.4,178.0,0,6.2,8.5,4.9,7.5,70.8,0,0,0,0,0,0,0,0,0,0,0,0,0,0,0,0,0,0,0,0,0,0
43.0,0,22.9,114.5,69.6,85.4,168.4,0,3.5,7.8,0.2,6.7,69.1,0,0,0,0,0,0,0,0,0,0,0,0,0,0,0,0,0,0,0,0,0,0
21.0,1,21.6,108.7,68.3,76.0,196.7,0,6.2,7.0,2.9,9.0,74.2,0,0,0,0,0,0,0,0,0,0,0,0,0,0,0,0,0,0,0,0,0,0
52.0,1,21.2,106.1,72.3,89.8,177.5,0,5.9,7.5,0.2,7.9,74.9,0,0,0,0,0,0,0,0,0,0,0,0,0,0,0,0,0,0,0,0,0,0
53.0,0,22.9,122.0,72.9,86.1,159.4,0,4.1,8.3,3.0,6.2,79.5,0,0,0,0,0,0,0,0,0,0,0,0,0,0,0,0,0,0,0,0,0,0
30.0,1,18.5,108.0,72.5,81.7,149.6,0,5.1,7.7,3.1,7.1,71.9,0,0,0,0,0,0,0,0,0,0,0,0,0,0,0,0,0,0,0,0,0,0
51.0,0,21.9,113.5,79.6,93.9,162.4,0,4.2,8.1,2.8,8.6,59.3,0,0,0,0,0,0,0,0,0,0,0,0,0,0,0,0,0,0,0,0,0,0
36.0,1,20.5,114.3,80.0,89.0,170.4,0,6.2,8.2,2.4,8.1,72.2,0,0,0,0,0,0,0,0,0,0,0,0,0,0,0,0,0,0,0,0,0,0
39.0,1,21.7,120.2,78.2,77.9,170.0,0,3.1,6.6,0.5,7.0,68.0,0,0,0,0,0,0,0,0,0,0,0,0,0,0,0,0,0,0,0,0,0,0
25.0,0,20.3,109.4,77.6,93.3,195.0,0,5.2,6.5,6.5,6.4,74.7,0,1,0,0,0,0,0,0,0,0,0,0,0,0,0,0,0,0,0,0,0,0
27.0,1,23.8,115.1,70.5,87.9,177.0,0,6.0,7.2,0.6,8.5,73.6,0,0,0,0,0,0,0,0,0,0,0,0,0,0,0,0,0,0,0,0,0,0
33.0,0,22.9,114.4,65.0,82.6,186.3,0,6.3,6.9,9.6,9.1,72.9,0,0,0,0,0,0,0,0,0,0,0,0,0,0,0,0,0,0,0,0,0,0
23.0,1,22.1,113.7,68.9,83.3,178.0,0,4.2,7.3,0.3,7.9,65.5,0,0,0,0,0,0,0,0,0,0,0,0,0,0,0,0,0,0,0,0,0,0
28.0,0,24.2,108.4,80.0,82.9,167.1,0,3.4,8.3,3.3,10.0,79.3,0,0,0,0,0,0,0,0,0,0,0,0,0,0,0,0,0,0,0,0,0,0
30.0,1,21.8,115.3,78.8,75.8,165.8,0,5.2,6.8,1.0,7.9,80.0,0,1,0,0,0,0,0,0,0,0,0,0,0,0,0,0,0,0,0,0,0,0
36.0,0,20.3,112.1,76.9,89.0,165.3,0,4.0,7.3,0.7,6.9,78.0,0,0,0,0,0,0,0,0,0,0,0,0,0,0,0,0,0,0,0,0,0,0
52.0,0,20.3,115.3,80.0,88.5,166.8,0,4.8,9.0,0.9,9.0,69.0,0,0,0,0,0,0,0,0,0,0,0,0,0,0,0,0,0,0,0,0,0,0
41.0,0,21.7,121.8,68.8,81.5,187.5,0,4.7,8.4,2.6,7.1,94.4,0,0,0,0,0,0,0,0,0,0,0,0,0,0,0,0,0,0,0,0,0,0
23.0,1,25.0,115.1,73.8,91.2,181.7,1,7.6,7.6,5.0,8.0,69.4,0,0,0,0,0,0,0,0,0,0,0,0,0,0,0,0,0,0,0,0,0,0
42.0,0,21.4,115.8,76.6,76.4,177.3,0,2.5,7.7,0.7,8.5,81.4,0,0,0,0,0,0,0,0,0,0,0,0,0,0,0,0,0,0,0,0,0,0
40.0,1,25.0,112.8,70.5,80.5,162.4,0,5.7,8.4,0.5,7.6,72.9,0,0,0,0,0,0,0,0,0,0,0,0,0,0,0,0,0,0,0,0,0,0
37.0,0,24.2,107.7,80.0,85.6,177.8,0,6.2,7.5,4.7,7.4,72.7,0,0,0,0,0,0,0,0,0,0,0,0,0,0,0,0,0,0,0,0,0,0
42.0,0,19.1,112.9,72.5,79.8,164.1,0,3.4,7.1,0.4,9.3,74.7,0,0,0,0,0,0,0,0,0,0,0,0,0,0,0,0,0,0,0,0,0,0
20.0,0,24.1,118.5,80.0,86.6,168.0,0,3.7,7.6,0.4,6.1,75.3,0,0,0,0,0,0,0,0,0,0,0,0,0,0,0,0,0,0,0,0,0,0
25.0,1,19.6,113.5,79.6,92.5,170.2,0,3.3,6.9,1.3,9.7,72.8,0,0,0,0,0,0,0,0,0,0,0,0,0,0,0,0,0,0,0,0,0,0
40.0,1,21.7,113.6,75.6,83.5,190.5,0,4.4,8.2,1.7,7.0,87.2,0,0,0,0,0,0,0,0,0,0,0,0,0,0,0,0,0,0,0,0,0,0
40.0,0,25.0,109.6,80.0,88.2,172.2,0,5.3,8.9,5.1,8.3,65.3,0,0,0,0,0,0,0,0,0,0,0,0,0,0,0,0,0,0,0,0,0,0
34.0,1,25.0,112.7,76.3,82.0,185.1,0,5.3,6.9,2.9,7.0,70.2,0,0,0,0,0,0,0,0,0,0,0,0,0,0,0,0,0,0,0,0,0,0
23.0,0,23.4,118.1,73.9,87.6,196.5,0,3.7,8.0,0.0,6.7,71.8,0,0,0,0,0,0,0,0,0,0,0,0,0,0,0,0,0,0,0,0,0,0
34.0,0,21.4,121.7,75.8,84.5,191.4,0,5.4,7.1,2.9,7.2,58.5,0,0,0,0,0,0,0,0,0,0,0,0,0,0,0,0,0,0,0,0,0,0
46.0,0,21.8,112.4,74.4,88.5,181.5,0,2.9,8.5,3.7,8.2,61.9,0,0,0,0,0,0,0,0,0,0,0,0,0,0,0,0,0,0,0,0,0,0
47.0,0,23.1,116.2,72.6,87.6,158.2,0,3.4,7.3,2.8,7.2,65.4,0,0,0,0,0,0,0,0,0,0,0,0,0,0,0,0,0,0,0,0,0,0
34.0,1,25.0,121.9,74.9,77.5,188.9,0,5.4,6.7,6.8,10.0,77.0,0,1,0,0,0,0,0,0,0,0,0,0,0,0,0,0,0,0,0,0,0,0
44.0,1,23.4,109.5,75.6,95.6,148.5,0,5.6,8.6,1.0,8.5,74.6,0,0,0,0,0,0,0,0,0,0,0,0,0,0,0,0,0,0,0,0,0,0
22.0,1,20.6,117.1,77.8,92.7,196.4,0,6.9,8.6,2.7,9.3,50.1,0,0,0,0,0,0,0,0,0,0,0,0,0,0,0,0,0,0,0,0,0,0
40.0,0,25.0,117.5,72.2,78.4,197.6,0,4.8,6.5,1.1,6.9,64.3,0,0,0,0,0,0,0,0,0,0,0,0,0,0,0,0,0,0,0,0,0,0
46.0,0,22.4,112.6,75.1,96.2,165.0,0,3.7,6.5,2.5,8.0,81.3,0,0,0,0,0,0,0,0,0,0,0,0,0,0,0,0,0,0,0,0,0,0
34.0,1,24.6,107.6,78.6,95.7,168.9,0,6.0,7.5,5.2,5.5,78.2,0,0,0,0,0,0,0,0,0,0,0,0,0,0,0,0,0,0,0,0,0,0
34.0,0,22.0,108.1,65.0,95.1,175.5,0,5.9,8.0,0.1,7.5,71.2,0,0,0,0,0,0,0,0,0,0,0,0,0,0,0,0,0,0,0,0,0,0
29.0,1,19.5,121.9,76.7,85.5,178.2,0,4.6,8.6,1.7,9.2,65.5,0,0,0,0,0,0,0,0,0,0,0,0,0,0,0,0,0,0,0,0,0,0
24.0,1,23.8,104.1,75.1,86.3,164.4,1,3.6,7.5,0.1,8.9,78.7,0,0,0,0,0,0,0,0,0,0,0,0,0,0,0,0,0,0,0,0,0,0
20.0,0,23.5,118.9,75.8,85.4,168.1,0,6.2,7.6,5.1,9.9,67.9,0,1,0,0,0,0,0,0,0,0,0,0,0,0,0,0,0,0,0,0,0,0
45.0,0,22.7,113.1,77.1,85.9,172.1,0,6.5,7.6,0.4,9.8,82.0,0,0,0,0,0,0,0,0,0,0,0,0,0,0,0,0,0,0,0,0,0,0
51.0,0,23.9,110.4,79.6,81.8,178.4,0,5.3,7.4,0.6,7.0,75.0,0,0,0,0,0,0,0,0,0,0,0,0,0,0,0,0,0,0,0,0,0,0
36.0,0,20.9,112.6,75.3,77.5,179.7,0,6.4,8.0,0.8,9.7,80.8,0,0,0,0,0,0,0,0,0,0,0,0,0,0,0,0,0,0,0,0,0,0
26.0,0,19.2,106.8,71.5,93.9,185.4,0,6.0,7.5,4.0,8.2,73.4,0,1,0,0,0,0,0,0,0,0,0,0,0,0,0,0,0,0,0,0,0,0
47.0,0,21.7,116.6,78.0,90.6,182.1,0,2.5,8.5,3.2,8.2,83.3,0,0,0,0,0,0,0,0,0,0,0,0,0,0,0,0,0,0,0,0,0,0
43.0,0,21.9,109.1,80.0,78.2,169.2,0,5.2,7.6,1.0,7.4,70.9,0,0,0,0,0,0,0,0,0,0,0,0,0,0,0,0,0,0,0,0,0,0
41.0,1,18.5,110.1,80.0,89.6,195.0,0,2.5,6.8,5.4,8.2,74.5,0,0,0,0,0,0,0,0,0,0,0,0,0,0,0,0,0,0,0,0,0,0
21.0,0,24.2,118.5,74.5,83.8,151.5,0,6.2,7.1,0.5,7.0,79.1,0,0,0,0,0,0,0,0,0,0,0,0,0,0,0,0,0,0,0,0,0,0
32.0,1,21.4,121.3,78.0,85.5,159.0,0,5.0,7.5,2.3,9.3,68.8,0,0,0,0,0,0,0,0,0,0,0,0,0,0,0,0,0,0,0,0,0,0
35.0,1,25.0,113.2,76.4,90.3,171.1,0,4.8,7.7,3.2,7.2,73.7,0,0,0,0,0,0,0,0,0,0,0,0,0,0,0,0,0,0,0,0,0,0
50.0,0,21.9,122.0,72.0,93.0,180.8,0,5.1,7.1,2.8,5.5,70.7,0,0,0,0,0,0,0,0,0,0,0,0,0,0,0,0,0,0,0,0,0,0
54.0,0,19.0,111.0,68.1,77.4,173.6,0,4.8,7.3,0.1,6.9,70.1,0,1,0,0,0,0,0,0,0,0,0,0,0,0,0,0,0,0,0,0,0,0
38.0,0,25.0,122.0,75.2,84.5,158.6,0,4.3,7.2,0.3,6.9,79.7,0,0,0,0,0,0,0,0,0,0,0,0,0,0,0,0,0,0,0,0,0,0
52.0,1,23.0,112.4,69.5,93.5,186.5,0,6.4,7.5,0.2,8.0,66.9,0,1,0,0,0,0,0,0,0,0,0,0,0,0,0,0,0,0,0,0,0,0
32.0,1,21.8,122.0,68.3,89.3,157.3,0,5.0,8.2,4.1,7.5,79.5,0,0,0,0,0,0,0,0,0,0,0,0,0,0,0,0,0,0,0,0,0,0
48.0,1,21.5,113.0,78.8,91.1,167.9,0,4.6,7.1,2.6,9.5,81.9,0,0,0,0,0,0,0,0,0,0,0,0,0,0,0,0,0,0,0,0,0,0
45.0,0,22.9,116.0,74.5,78.2,137.3,1,7.0,8.9,1.4,7.5,81.2,0,1,0,0,0,0,0,0,0,0,0,0,0,0,0,0,0,0,0,0,0,0
38.0,1,23.5,115.7,75.2,94.4,149.6,1,4.8,7.1,0.5,7.4,75.2,0,0,0,0,0,0,0,0,0,0,0,0,0,0,0,0,0,0,0,0,0,0
51.0,0,22.9,118.1,72.5,95.1,181.4,0,5.5,7.1,2.6,5.7,70.0,0,0,0,0,0,0,0,0,0,0,0,0,0,0,0,0,0,0,0,0,0,0
40.0,0,21.1,112.5,70.9,78.1,182.9,0,5.5,7.8,0.3,8.3,65.2,0,0,0,0,0,0,0,0,0,0,0,0,0,0,0,0,0,0,0,0,0,0
25.0,0,19.7,116.2,80.0,84.9,186.6,0,5.2,6.5,2.6,6.8,91.6,0,0,0,0,0,0,0,0,0,0,0,0,0,0,0,0,0,0,0,0,0,0
37.0,0,22.6,117.0,78.4,78.0,178.1,0,4.6,8.6,1.7,6.4,79.8,0,0,0,0,0,0,0,0,0,0,0,0,0,0,0,0,0,0,0,0,0,0
30.0,0,23.9,113.2,73.2,84.2,181.5,0,6.9,7.1,3.4,8.0,76.1,0,0,0,0,0,0,0,0,0,0,0,0,0,0,0,0,0,0,0,0,0,0
35.0,0,21.3,109.4,67.8,81.8,184.7,0,4.4,7.3,0.4,9.0,72.2,0,0,0,0,0,0,0,0,0,0,0,0,0,0,0,0,0,0,0,0,0,0
53.0,0,22.9,114.2,73.0,73.3,144.7,0,4.1,8.3,0.9,6.2,60.1,0,0,0,0,0,0,0,0,0,0,0,0,0,0,0,0,0,0,0,0,0,0
41.0,0,23.1,113.8,73.5,99.0,164.6,0,6.5,8.0,1.7,5.9,69.6,0,0,0,0,0,0,0,0,0,0,0,0,0,0,0,0,0,0,0,0,0,0
53.0,1,21.3,117.3,73.6,88.4,179.1,0,5.5,7.0,1.8,6.9,75.2,0,0,0,0,0,0,0,0,0,0,0,0,0,0,0,0,0,0,0,0,0,0
49.0,1,19.8,122.0,74.1,92.3,163.9,0,4.9,8.2,5.4,7.6,68.1,0,0,0,0,0,0,0,0,0,0,0,0,0,0,0,0,0,0,0,0,0,0
50.0,0,25.0,118.7,72.6,82.7,189.4,0,4.3,7.4,1.9,8.2,81.2,0,0,0,0,0,0,0,0,0,0,0,0,0,0,0,0,0,0,0,0,0,0
35.0,1,22.2,116.5,74.2,73.1,169.2,0,3.9,8.2,2.0,8.0,89.4,0,0,0,0,0,0,0,0,0,0,0,0,0,0,0,0,0,0,0,0,0,0
24.0,0,19.4,113.5,68.3,83.9,194.6,0,5.6,7.5,0.6,6.8,75.4,0,0,0,0,0,0,0,0,0,0,0,0,0,0,0,0,0,0,0,0,0,0
41.0,1,23.1,112.6,79.1,87.7,177.3,0,4.9,7.6,6.7,6.8,87.3,0,0,0,0,0,0,0,0,0,0,0,0,0,0,0,0,0,0,0,0,0,0
34.0,0,24.2,121.5,79.5,95.4,155.9,0,6.3,8.6,1.8,7.0,74.0,0,0,0,0,0,0,0,0,0,0,0,0,0,0,0,0,0,0,0,0,0,0
36.0,0,22.0,117.7,77.7,93.8,176.7,0,5.7,7.2,2.2,7.2,74.6,0,0,0,0,0,0,0,0,0,0,0,0,0,0,0,0,0,0,0,0,0,0
37.0,1,25.0,110.1,71.7,95.7,185.1,0,4.1,8.4,8.5,8.6,73.9,0,0,0,0,0,0,0,0,0,0,0,0,0,0,0,0,0,0,0,0,0,0
46.0,0,24.1,109.9,72.2,88.0,170.9,0,5.0,7.4,0.8,9.3,73.9,0,0,0,0,0,0,0,0,0,0,0,0,0,0,0,0,0,0,0,0,0,0
38.0,0,23.4,112.1,76.1,85.1,156.6,0,5.6,8.0,0.1,8.0,63.6,0,0,0,0,0,0,0,0,0,0,0,0,0,0,0,0,0,0,0,0,0,0
52.0,1,18.5,113.4,70.8,83.3,153.3,0,6.9,7.8,0.6,5.6,58.7,0,0,0,0,0,0,0,0,0,0,0,0,0,0,0,0,0,0,0,0,0,0
42.0,1,22.6,118.1,71.4,79.4,164.7,0,2.5,7.2,1.1,8.9,76.0,0,0,0,0,0,0,0,0,0,0,0,0,0,0,0,0,0,0,0,0,0,0
34.0,1,24.9,112.5,72.8,94.6,185.8,0,2.9,7.0,6.6,6.7,65.9,0,0,0,0,0,0,0,0,0,0,0,0,0,0,0,0,0,0,0,0,0,0
47.0,1,20.7,117.2,80.0,93.5,171.6,0,4.8,8.6,1.0,7.4,69.1,0,0,0,0,0,0,0,0,0,0,0,0,0,0,0,0,0,0,0,0,0,0
21.0,0,21.2,120.5,72.4,74.6,168.9,0,5.2,7.8,0.0,9.3,64.5,0,1,0,0,0,0,0,0,0,0,0,0,0,0,0,0,0,0,0,0,0,0
47.0,1,21.3,115.0,75.7,96.7,178.1,0,5.6,7.0,2.8,8.7,64.0,0,1,0,0,0,0,0,0,0,0,0,0,0,0,0,0,0,0,0,0,0,0
33.0,0,21.1,119.3,77.6,91.3,169.8,0,3.8,7.0,5.8,6.9,76.1,0,0,0,0,0,0,0,0,0,0,0,0,0,0,0,0,0,0,0,0,0,0
24.0,1,23.8,117.1,80.0,79.5,169.8,0,2.8,7.1,5.4,9.7,74.0,0,1,0,0,0,0,0,0,0,0,0,0,0,0,0,0,0,0,0,0,0,0
32.0,0,19.7,115.8,71.2,82.5,170.0,0,6.1,7.5,0.1,9.0,73.0,0,0,0,0,0,0,0,0,0,0,0,0,0,0,0,0,0,0,0,0,0,0
37.0,0,21.0,110.2,77.7,92.1,157.3,0,5.6,6.8,1.1,7.7,66.6,0,0,0,0,0,0,0,0,0,0,0,0,0,0,0,0,0,0,0,0,0,0
23.0,1,21.9,122.0,68.4,84.3,154.2,0,6.1,7.7,1.7,7.7,64.1,0,0,0,0,0,0,0,0,0,0,0,0,0,0,0,0,0,0,0,0,0,0
52.0,1,21.6,115.5,73.6,85.1,167.7,0,5.6,8.7,3.0,7.6,64.4,0,0,0,0,0,0,0,0,0,0,0,0,0,0,0,0,0,0,0,0,0,0
22.0,1,19.2,113.6,74.6,89.6,148.0,0,5.3,7.9,3.8,9.0,77.4,0,0,0,0,0,0,0,0,0,0,0,0,0,0,0,0,0,0,0,0,0,0
24.0,1,23.1,116.3,76.5,95.0,148.4,0,7.0,8.0,0.2,8.4,76.9,0,0,0,0,0,0,0,0,0,0,0,0,0,0,0,0,0,0,0,0,0,0
30.0,0,21.0,120.9,80.0,85.4,188.4,0,4.8,7.7,4.3,8.5,82.5,0,0,0,0,0,0,0,0,0,0,0,0,0,0,0,0,0,0,0,0,0,0
46.0,1,25.0,114.7,77.6,81.4,177.4,0,4.9,7.1,0.2,6.9,70.0,0,0,0,0,0,0,0,0,0,0,0,0,0,0,0,0,0,0,0,0,0,0
51.0,0,23.6,109.2,67.6,82.4,182.6,0,4.5,8.2,0.9,7.0,89.9,0,1,0,0,0,0,0,0,0,0,0,0,0,0,0,0,0,0,0,0,0,0
40.0,0,19.9,117.4,68.2,87.9,172.4,0,5.1,6.9,0.7,8.6,67.2,0,0,0,0,0,0,0,0,0,0,0,0,0,0,0,0,0,0,0,0,0,0
25.0,0,22.1,106.3,72.1,94.1,150.9,0,4.1,9.0,1.0,7.3,77.0,0,0,0,0,0,0,0,0,0,0,0,0,0,0,0,0,0,0,0,0,0,0
32.0,1,21.4,111.4,75.0,90.9,162.4,0,5.0,7.9,3.8,6.1,72.8,0,1,0,0,0,0,0,0,0,0,0,0,0,0,0,0,0,0,0,0,0,0
31.0,1,22.6,117.1,75.3,93.6,164.0,0,6.0,7.7,0.7,7.6,57.7,0,0,0,0,0,0,0,0,0,0,0,0,0,0,0,0,0,0,0,0,0,0
35.0,0,25.0,107.8,75.2,78.0,170.6,0,5.0,7.8,7.4,6.8,75.9,0,1,0,0,0,0,0,0,0,0,0,0,0,0,0,0,0,0,0,0,0,0
29.0,0,19.7,121.0,71.5,84.0,149.4,0,5.8,7.8,2.0,7.7,81.4,0,0,0,0,0,0,0,0,0,0,0,0,0,0,0,0,0,0,0,0,0,0
38.0,0,20.5,111.1,71.7,85.2,167.0,0,5.8,6.5,7.3,6.8,77.4,0,0,0,0,0,0,0,0,0,0,0,0,0,0,0,0,0,0,0,0,0,0
49.0,0,20.4,107.6,67.1,93.1,160.3,0,5.5,7.7,0.6,8.1,72.8,0,0,0,0,0,0,0,0,0,0,0,0,0,0,0,0,0,0,0,0,0,0
20.0,0,22.6,114.4,80.0,88.9,198.0,0,6.1,7.3,1.7,6.7,62.6,0,0,0,0,0,0,0,0,0,0,0,0,0,0,0,0,0,0,0,0,0,0
22.0,1,21.2,117.3,77.6,88.1,188.8,0,4.2,8.6,1.8,7.5,76.0,0,0,0,0,0,0,0,0,0,0,0,0,0,0,0,0,0,0,0,0,0,0
47.0,1,23.2,118.4,75.8,88.6,171.3,0,5.9,6.7,2.5,8.4,71.8,0,1,0,0,0,0,0,0,0,0,0,0,0,0,0,0,0,0,0,0,0,0
32.0,0,18.5,115.9,72.8,94.5,177.5,1,3.9,7.0,2.6,7.8,66.3,0,0,0,0,0,0,0,0,0,0,0,0,0,0,0,0,0,0,0,0,0,0
49.0,1,19.4,119.1,74.7,88.3,177.9,0,5.2,8.2,6.4,8.9,73.7,0,0,0,0,0,0,0,0,0,0,0,0,0,0,0,0,0,0,0,0,0,0
39.0,1,22.5,117.0,78.9,82.3,174.3,0,3.4,8.2,0.8,8.1,56.5,0,0,0,0,0,0,0,0,0,0,0,0,0,0,0,0,0,0,0,0,0,0
51.0,0,20.8,106.0,71.6,85.7,179.3,0,5.9,6.9,2.4,7.4,66.6,0,1,0,0,0,0,0,0,0,0,0,0,0,0,0,0,0,0,0,0,0,0
48.0,0,22.0,114.9,71.9,88.8,140.2,0,4.2,7.5,0.0,9.3,89.0,0,0,0,0,0,0,0,0,0,0,0,0,0,0,0,0,0,0,0,0,0,0
42.0,0,23.1,122.0,73.2,81.2,151.4,0,5.6,7.1,1.2,9.5,67.8,0,0,0,0,0,0,0,0,0,0,0,0,0,0,0,0,0,0,0,0,0,0
21.0,0,22.6,114.1,78.5,82.5,165.0,0,5.3,7.3,4.9,6.9,67.3,0,0,0,0,0,0,0,0,0,0,0,0,0,0,0,0,0,0,0,0,0,0
29.0,0,20.4,117.8,79.5,93.0,172.2,0,5.7,7.7,0.8,8.0,80.1,0,0,0,0,0,0,0,0,0,0,0,0,0,0,0,0,0,0,0,0,0,0
31.0,0,25.0,116.4,66.0,88.2,179.8,0,6.5,8.2,0.3,7.2,62.0,0,0,0,0,0,0,0,0,0,0,0,0,0,0,0,0,0,0,0,0,0,0
26.0,0,23.0,107.5,75.9,72.6,198.0,0,2.5,7.1,1.5,6.9,79.8,0,0,0,0,0,0,0,0,0,0,0,0,0,0,0,0,0,0,0,0,0,0
46.0,0,20.3,120.0,73.2,96.1,177.9,0,6.2,7.8,0.9,7.1,70.5,0,0,0,0,0,0,0,0,0,0,0,0,0,0,0,0,0,0,0,0,0,0
53.0,1,25.0,112.5,77.0,83.7,145.9,0,5.3,8.1,1.7,8.2,71.4,0,1,0,0,0,0,0,0,0,0,0,0,0,0,0,0,0,0,0,0,0,0
52.0,1,22.3,106.8,80.0,92.2,182.5,0,4.8,7.5,3.2,8.5,81.9,0,0,0,0,0,0,0,0,0,0,0,0,0,0,0,0,0,0,0,0,0,0
42.0,1,23.0,118.2,73.8,84.7,163.4,0,5.5,7.9,0.7,9.8,86.2,0,0,0,0,0,0,0,0,0,0,0,0,0,0,0,0,0,0,0,0,0,0
36.0,0,21.0,104.1,69.7,82.4,193.6,0,3.6,7.7,0.2,6.5,63.4,0,1,0,0,0,0,0,0,0,0,0,0,0,0,0,0,0,0,0,0,0,0
43.0,1,19.8,111.2,74.2,92.0,177.0,0,4.8,7.1,0.8,7.6,68.6,0,0,0,0,0,0,0,0,0,0,0,0,0,0,0,0,0,0,0,0,0,0
31.0,0,21.1,118.3,73.6,87.6,168.3,0,4.4,7.2,5.4,9.6,80.8,0,0,0,0,0,0,0,0,0,0,0,0,0,0,0,0,0,0,0,0,0,0
30.0,0,22.5,112.7,74.8,85.9,153.6,0,5.7,7.2,1.4,9.7,70.1,0,0,0,0,0,0,0,0,0,0,0,0,0,0,0,0,0,0,0,0,0,0
42.0,0,20.5,107.4,70.2,93.5,189.9,0,5.4,7.6,0.5,6.6,68.0,0,0,0,0,0,0,0,0,0,0,0,0,0,0,0,0,0,0,0,0,0,0
45.0,0,19.4,113.6,72.7,90.3,184.7,0,6.0,8.9,6.3,8.2,75.2,0,0,0,0,0,0,0,0,0,0,0,0,0,0,0,0,0,0,0,0,0,0
24.0,0,22.6,114.2,73.8,74.4,161.2,0,3.9,7.2,4.9,10.0,63.6,0,0,0,0,0,0,0,0,0,0,0,0,0,0,0,0,0,0,0,0,0,0
53.0,1,22.8,114.4,65.4,90.7,178.8,0,5.1,8.1,1.0,9.0,76.4,0,0,0,0,0,0,0,0,0,0,0,0,0,0,0,0,0,0,0,0,0,0
40.0,1,20.3,117.2,66.6,82.0,150.1,0,5.3,7.9,6.2,9.3,72.6,0,1,0,0,0,0,0,0,0,0,0,0,0,0,0,0,0,0,0,0,0,0
48.0,1,20.9,112.8,73.1,81.3,175.4,0,3.9,7.7,2.4,7.8,46.9,0,0,0,0,0,0,0,0,0,0,0,0,0,0,0,0,0,0,0,0,0,0
23.0,1,24.0,121.8,65.5,90.9,194.9,0,6.7,7.5,2.6,8.1,81.3,0,0,0,0,0,0,0,0,0,0,0,0,0,0,0,0,0,0,0,0,0,0
22.0,0,22.0,112.7,77.2,80.7,176.9,0,3.8,8.7,3.8,7.5,75.4,0,0,0,0,0,0,0,0,0,0,0,0,0,0,0,0,0,0,0,0,0,0
50.0,0,23.5,107.2,68.7,86.1,173.9,0,4.3,8.2,1.9,6.9,74.0,0,0,0,0,0,0,0,0,0,0,0,0,0,0,0,0,0,0,0,0,0,0
20.0,0,19.9,111.8,75.6,82.2,160.7,0,6.1,8.4,1.8,7.1,82.7,0,0,0,0,0,0,0,0,0,0,0,0,0,0,0,0,0,0,0,0,0,0
31.0,1,22.9,110.5,71.8,85.4,151.2,0,5.9,7.1,0.6,9.9,71.0,0,0,0,0,0,0,0,0,0,0,0,0,0,0,0,0,0,0,0,0,0,0
46.0,1,21.6,106.4,74.4,79.3,184.9,0,4.4,9.0,2.4,7.5,76.9,0,0,0,0,0,0,0,0,0,0,0,0,0,0,0,0,0,0,0,0,0,0
36.0,1,25.0,115.3,76.0,83.2,191.7,0,6.5,7.7,0.7,7.8,63.6,0,0,0,0,0,0,0,0,0,0,0,0,0,0,0,0,0,0,0,0,0,0
28.0,0,21.0,115.2,75.9,94.6,189.0,0,3.8,7.6,2.7,6.8,88.5,0,0,0,0,0,0,0,0,0,0,0,0,0,0,0,0,0,0,0,0,0,0
43.0,0,24.2,109.9,76.4,86.6,198.0,0,4.0,8.1,0.8,8.6,65.9,0,0,0,0,0,0,0,0,0,0,0,0,0,0,0,0,0,0,0,0,0,0
45.0,1,22.4,108.5,70.4,82.4,191.6,0,3.5,7.6,0.6,7.4,73.9,0,0,0,0,0,0,0,0,0,0,0,0,0,0,0,0,0,0,0,0,0,0
48.0,1,23.4,107.2,71.7,72.8,170.0,0,6.4,8.7,0.8,7.9,72.4,0,0,0,0,0,0,0,0,0,0,0,0,0,0,0,0,0,0,0,0,0,0
51.0,0,20.2,115.7,75.8,86.4,161.0,0,3.7,8.2,0.1,8.4,61.2,0,0,0,0,0,0,0,0,0,0,0,0,0,0,0,0,0,0,0,0,0,0
53.0,1,22.6,100.9,73.9,92.6,180.4,0,5.6,8.4,0.0,9.2,86.7,0,0,0,0,0,0,0,0,0,0,0,0,0,0,0,0,0,0,0,0,0,0
51.0,0,20.9,110.6,77.5,80.0,184.4,0,2.8,8.6,0.0,8.1,64.0,0,0,0,0,0,0,0,0,0,0,0,0,0,0,0,0,0,0,0,0,0,0
34.0,1,24.0,109.3,80.0,92.9,168.8,0,7.7,8.3,1.3,8.0,79.7,0,0,0,0,0,0,0,0,0,0,0,0,0,0,0,0,0,0,0,0,0,0
42.0,1,20.5,121.7,77.5,86.9,192.6,0,4.1,6.9,0.4,7.7,78.5,0,0,0,0,0,0,0,0,0,0,0,0,0,0,0,0,0,0,0,0,0,0
42.0,0,25.0,113.3,80.0,90.7,190.3,0,4.8,7.3,3.6,7.7,84.1,0,1,0,0,0,0,0,0,0,0,0,0,0,0,0,0,0,0,0,0,0,0
37.0,0,19.7,122.0,72.6,87.0,170.7,0,3.8,7.4,1.3,8.1,70.3,0,0,0,0,0,0,0,0,0,0,0,0,0,0,0,0,0,0,0,0,0,0
53.0,0,23.4,110.5,78.7,85.4,155.4,0,4.9,6.5,0.8,9.6,58.5,0,0,0,0,0,0,0,0,0,0,0,0,0,0,0,0,0,0,0,0,0,0
53.0,1,19.8,121.4,76.9,84.4,195.9,0,5.9,7.6,9.6,8.4,81.0,0,0,0,0,0,0,0,0,0,0,0,0,0,0,0,0,0,0,0,0,0,0
39.0,1,20.6,119.2,74.4,77.3,184.0,0,3.1,6.5,0.8,8.7,67.9,0,1,0,0,0,0,0,0,0,0,0,0,0,0,0,0,0,0,0,0,0,0
27.0,0,20.8,106.9,74.9,86.5,162.9,0,3.5,7.1,3.8,8.6,75.1,0,0,0,0,0,0,0,0,0,0,0,0,0,0,0,0,0,0,0,0,0,0
23.0,0,19.8,111.8,72.9,78.4,167.9,0,2.6,7.3,1.1,6.1,76.8,0,0,0,0,0,0,0,0,0,0,0,0,0,0,0,0,0,0,0,0,0,0
34.0,1,24.4,117.6,73.7,97.6,186.1,0,7.4,6.8,0.1,6.3,63.3,0,0,0,0,0,0,0,0,0,0,0,0,0,0,0,0,0,0,0,0,0,0
31.0,1,20.8,122.0,80.0,89.6,150.1,0,5.3,7.6,3.4,7.2,81.8,0,0,0,0,0,0,0,0,0,0,0,0,0,0,0,0,0,0,0,0,0,0
48.0,0,23.4,109.9,75.8,91.0,142.7,1,7.3,7.0,0.1,8.2,69.0,0,0,0,0,0,0,0,0,0,0,0,0,0,0,0,0,0,0,0,0,0,0
47.0,0,22.3,120.8,71.1,85.6,165.3,0,3.6,7.4,2.6,5.9,73.9,0,0,0,0,0,0,0,0,0,0,0,0,0,0,0,0,0,0,0,0,0,0
22.0,0,22.6,118.5,74.0,99.0,159.1,0,6.3,8.3,0.0,8.5,61.0,0,0,0,0,0,0,0,0,0,0,0,0,0,0,0,0,0,0,0,0,0,0
43.0,1,24.3,122.0,73.2,85.4,175.3,0,4.0,8.8,3.5,7.7,90.5,0,0,0,0,0,0,0,0,0,0,0,0,0,0,0,0,0,0,0,0,0,0
21.0,1,23.2,115.8,74.4,86.1,175.2,0,6.1,7.9,4.5,7.6,84.5,0,0,0,0,0,0,0,0,0,0,0,0,0,0,0,0,0,0,0,0,0,0
52.0,1,24.7,111.9,80.0,78.0,176.4,0,2.5,8.1,1.0,5.9,76.9,0,0,0,0,0,0,0,0,0,0,0,0,0,0,0,0,0,0,0,0,0,0
22.0,0,23.8,118.4,73.4,83.1,171.4,0,3.6,6.8,7.0,9.3,84.4,0,0,0,0,0,0,0,0,0,0,0,0,0,0,0,0,0,0,0,0,0,0
24.0,0,19.3,120.9,79.2,99.0,186.2,0,6.3,7.2,1.6,7.4,77.0,0,0,0,0,0,0,0,0,0,0,0,0,0,0,0,0,0,0,0,0,0,0
45.0,0,23.9,122.0,77.3,80.0,154.7,0,5.7,7.9,0.4,10.0,84.1,0,1,0,0,0,0,0,0,0,0,0,0,0,0,0,0,0,0,0,0,0,0
20.0,1,21.3,109.5,76.3,87.2,188.7,0,5.6,7.9,0.6,8.5,66.8,0,0,0,0,0,0,0,0,0,0,0,0,0,0,0,0,0,0,0,0,0,0
42.0,0,23.0,119.6,72.7,73.1,167.4,0,2.5,7.6,1.1,6.7,62.6,0,0,0,0,0,0,0,0,0,0,0,0,0,0,0,0,0,0,0,0,0,0
33.0,1,21.7,105.6,76.1,85.9,191.5,0,4.7,7.9,1.2,7.2,76.5,0,1,0,0,0,0,0,0,0,0,0,0,0,0,0,0,0,0,0,0,0,0
33.0,1,24.8,112.6,71.7,89.1,157.9,0,3.7,7.7,0.2,9.1,86.0,0,0,0,0,0,0,0,0,0,0,0,0,0,0,0,0,0,0,0,0,0,0
42.0,0,23.2,111.0,78.2,94.3,185.9,0,4.3,9.0,2.2,6.8,67.1,0,0,0,0,0,0,0,0,0,0,0,0,0,0,0,0,0,0,0,0,0,0
21.0,1,18.8,116.8,77.4,80.0,192.1,0,4.4,7.7,3.9,9.4,65.2,0,0,0,0,0,0,0,0,0,0,0,0,0,0,0,0,0,0,0,0,0,0
26.0,1,25.0,113.4,76.1,86.0,167.1,0,4.8,6.5,1.8,8.1,74.2,0,0,0,0,0,0,0,0,0,0,0,0,0,0,0,0,0,0,0,0,0,0
20.0,0,20.6,108.4,75.5,88.2,176.7,0,4.0,6.6,1.9,8.1,73.9,0,0,0,0,0,0,0,0,0,0,0,0,0,0,0,0,0,0,0,0,0,0
54.0,1,23.6,116.9,77.3,90.8,193.5,0,5.4,7.1,11.7,6.8,69.7,0,0,0,0,0,0,0,0,0,0,0,0,0,0,0,0,0,0,0,0,0,0
40.0,1,20.3,117.8,68.9,85.3,198.0,0,5.7,6.9,0.5,6.6,71.1,0,0,0,0,0,0,0,0,0,0,0,0,0,0,0,0,0,0,0,0,0,0
48.0,0,21.5,122.0,73.7,87.7,187.8,0,3.8,7.4,2.0,9.1,82.3,0,0,0,0,0,0,0,0,0,0,0,0,0,0,0,0,0,0,0,0,0,0
35.0,1,24.6,106.3,67.6,85.0,173.4,0,5.1,7.8,0.1,7.3,68.9,0,0,0,0,0,0,0,0,0,0,0,0,0,0,0,0,0,0,0,0,0,0
49.0,1,18.8,116.4,76.4,89.6,159.3,0,5.6,7.6,5.8,7.6,68.6,0,0,0,0,0,0,0,0,0,0,0,0,0,0,0,0,0,0,0,0,0,0
24.0,0,20.9,110.0,80.0,89.0,164.1,0,5.3,7.6,0.5,8.1,92.5,0,0,0,0,0,0,0,0,0,0,0,0,0,0,0,0,0,0,0,0,0,0
51.0,1,25.0,119.1,80.0,78.9,155.0,0,5.3,8.5,0.7,6.2,85.5,0,0,0,0,0,0,0,0,0,0,0,0,0,0,0,0,0,0,0,0,0,0
53.0,0,21.3,115.6,67.0,94.1,174.3,0,4.3,8.2,7.0,5.5,62.9,0,0,0,0,0,0,0,0,0,0,0,0,0,0,0,0,0,0,0,0,0,0
54.0,1,23.7,108.5,74.2,94.2,168.5,1,4.7,7.8,2.0,7.4,75.8,0,0,0,0,0,0,0,0,0,0,0,0,0,0,0,0,0,0,0,0,0,0
42.0,1,23.4,119.0,75.9,93.6,175.6,0,5.8,8.2,3.6,7.3,62.6,0,0,0,0,0,0,0,0,0,0,0,0,0,0,0,0,0,0,0,0,0,0
36.0,1,20.4,115.1,80.0,84.6,174.6,0,3.8,7.9,4.5,7.5,74.6,0,0,0,0,0,0,0,0,0,0,0,0,0,0,0,0,0,0,0,0,0,0
34.0,0,24.6,122.0,76.0,86.9,165.4,1,4.5,7.7,0.2,7.7,69.2,0,0,0,0,0,0,0,0,0,0,0,0,0,0,0,0,0,0,0,0,0,0
53.0,1,25.0,119.2,70.3,97.5,180.7,0,4.8,8.3,0.7,7.2,72.0,0,0,0,0,0,0,0,0,0,0,0,0,0,0,0,0,0,0,0,0,0,0
51.0,0,19.0,113.2,71.0,89.2,168.3,0,3.9,8.8,3.5,6.5,73.3,0,0,0,0,0,0,0,0,0,0,0,0,0,0,0,0,0,0,0,0,0,0
53.0,1,21.3,112.2,68.7,81.8,186.3,0,5.0,6.5,6.0,8.7,65.1,0,0,0,0,0,0,0,0,0,0,0,0,0,0,0,0,0,0,0,0,0,0
36.0,0,21.3,114.5,68.9,88.0,167.6,0,4.3,7.4,0.4,8.7,77.2,0,0,0,0,0,0,0,0,0,0,0,0,0,0,0,0,0,0,0,0,0,0
52.0,1,23.1,122.0,69.5,92.8,185.1,0,4.3,6.8,0.0,6.5,74.2,0,0,0,0,0,0,0,0,0,0,0,0,0,0,0,0,0,0,0,0,0,0
37.0,0,20.1,103.8,76.3,92.4,198.0,0,6.5,8.8,0.1,9.3,81.1,0,0,0,0,0,0,0,0,0,0,0,0,0,0,0,0,0,0,0,0,0,0
26.0,1,20.7,104.6,75.7,85.0,162.0,0,4.5,7.9,1.7,7.5,60.1,0,0,0,0,0,0,0,0,0,0,0,0,0,0,0,0,0,0,0,0,0,0
20.0,1,20.9,112.4,72.1,99.0,186.3,0,6.4,8.5,3.6,6.4,74.1,0,0,0,0,0,0,0,0,0,0,0,0,0,0,0,0,0,0,0,0,0,0
47.0,1,24.6,113.7,75.0,83.3,180.8,0,7.0,8.4,0.1,6.6,74.4,0,0,0,0,0,0,0,0,0,0,0,0,0,0,0,0,0,0,0,0,0,0
30.0,1,20.1,105.0,73.8,94.3,177.5,0,6.4,7.6,5.3,9.0,74.7,0,0,0,0,0,0,0,0,0,0,0,0,0,0,0,0,0,0,0,0,0,0
42.0,1,24.0,115.4,77.1,79.1,170.9,0,4.0,6.9,1.4,7.9,69.4,0,0,0,0,0,0,0,0,0,0,0,0,0,0,0,0,0,0,0,0,0,0
30.0,0,20.4,111.7,71.0,84.4,175.4,0,3.0,7.6,1.5,8.5,74.1,0,0,0,0,0,0,0,0,0,0,0,0,0,0,0,0,0,0,0,0,0,0
31.0,1,20.8,105.6,80.0,83.3,160.0,0,4.3,7.1,0.7,9.2,80.9,0,0,0,0,0,0,0,0,0,0,0,0,0,0,0,0,0,0,0,0,0,0
32.0,1,21.4,113.1,73.8,88.4,167.4,0,6.3,7.4,2.9,9.2,73.9,0,0,0,0,0,0,0,0,0,0,0,0,0,0,0,0,0,0,0,0,0,0
49.0,0,20.9,121.0,76.7,92.3,165.8,1,5.9,7.4,6.1,7.2,73.5,0,0,0,0,0,0,0,0,0,0,0,0,0,0,0,0,0,0,0,0,0,0
32.0,0,22.0,110.8,72.4,82.2,182.7,0,2.5,7.6,4.3,7.5,81.2,0,0,0,0,0,0,0,0,0,0,0,0,0,0,0,0,0,0,0,0,0,0
42.0,1,23.3,117.7,65.7,83.9,165.6,0,5.7,6.5,0.5,6.5,78.7,0,0,0,0,0,0,0,0,0,0,0,0,0,0,0,0,0,0,0,0,0,0
33.0,0,21.5,117.3,73.2,80.5,168.3,0,3.6,7.7,6.4,7.7,74.4,0,1,0,0,0,0,0,0,0,0,0,0,0,0,0,0,0,0,0,0,0,0
53.0,1,20.7,114.3,71.9,85.8,170.4,0,3.6,7.7,4.5,6.7,81.2,0,0,0,0,0,0,0,0,0,0,0,0,0,0,0,0,0,0,0,0,0,0
44.0,0,21.8,112.4,77.1,90.3,164.3,0,5.1,7.9,1.3,9.5,70.4,0,0,0,0,0,0,0,0,0,0,0,0,0,0,0,0,0,0,0,0,0,0
49.0,0,22.0,115.9,78.4,84.8,176.0,0,4.6,6.8,0.0,8.5,77.4,0,0,0,0,0,0,0,0,0,0,0,0,0,0,0,0,0,0,0,0,0,0
24.0,0,23.9,117.2,70.9,89.0,157.5,0,4.7,7.0,2.5,8.9,66.6,0,0,0,0,0,0,0,0,0,0,0,0,0,0,0,0,0,0,0,0,0,0
26.0,1,22.1,117.2,74.6,91.7,166.7,0,3.5,7.3,0.5,9.8,69.1,0,0,0,0,0,0,0,0,0,0,0,0,0,0,0,0,0,0,0,0,0,0
38.0,0,24.4,121.3,67.0,85.1,163.0,0,6.1,7.8,5.8,6.9,69.8,0,0,0,0,0,0,0,0,0,0,0,0,0,0,0,0,0,0,0,0,0,0
29.0,1,20.9,118.1,73.8,90.9,180.9,0,4.2,7.9,4.7,8.5,66.5,0,0,0,0,0,0,0,0,0,0,0,0,0,0,0,0,0,0,0,0,0,0
23.0,0,21.8,113.5,70.0,71.4,157.6,0,5.4,7.9,0.3,8.4,76.6,0,0,0,0,0,0,0,0,0,0,0,0,0,0,0,0,0,0,0,0,0,0
37.0,0,21.3,116.9,75.1,88.3,183.4,0,4.6,8.2,0.1,8.9,65.5,0,0,0,0,0,0,0,0,0,0,0,0,0,0,0,0,0,0,0,0,0,0
50.0,0,22.6,111.8,74.1,84.7,188.0,0,5.6,7.1,3.3,8.6,65.7,0,0,0,0,0,0,0,0,0,0,0,0,0,0,0,0,0,0,0,0,0,0
42.0,1,20.2,105.5,73.8,86.1,145.8,0,4.7,7.4,4.5,7.5,64.3,0,0,0,0,0,0,0,0,0,0,0,0,0,0,0,0,0,0,0,0,0,0
50.0,0,23.3,120.2,80.0,88.0,147.6,1,7.4,6.6,9.4,8.3,68.3,0,0,0,0,0,0,0,0,0,0,0,0,0,0,0,0,0,0,0,0,0,0
47.0,1,20.9,114.3,76.9,92.2,183.1,1,5.6,7.9,0.1,7.1,70.6,0,0,0,0,0,0,0,0,0,0,0,0,0,0,0,0,0,0,0,0,0,0
25.0,0,22.3,115.0,73.9,81.0,167.7,0,4.6,7.1,2.6,8.3,59.8,0,0,0,0,0,0,0,0,0,0,0,0,0,0,0,0,0,0,0,0,0,0
21.0,1,19.3,113.6,66.4,87.6,163.0,0,4.8,8.5,2.8,7.4,71.0,0,0,0,0,0,0,0,0,0,0,0,0,0,0,0,0,0,0,0,0,0,0
30.0,0,21.2,113.8,75.4,85.9,184.1,0,6.2,8.0,1.6,9.5,74.8,0,0,0,0,0,0,0,0,0,0,0,0,0,0,0,0,0,0,0,0,0,0
29.0,1,22.3,109.9,80.0,79.5,197.1,0,6.6,8.1,1.2,5.7,74.5,0,1,0,0,0,0,0,0,0,0,0,0,0,0,0,0,0,0,0,0,0,0
50.0,0,22.5,120.6,66.5,88.8,166.4,0,6.2,8.2,0.7,5.8,72.7,0,1,0,0,0,0,0,0,0,0,0,0,0,0,0,0,0,0,0,0,0,0
39.0,0,23.0,116.8,71.1,87.0,152.7,0,4.8,7.8,2.0,6.2,65.5,0,0,0,0,0,0,0,0,0,0,0,0,0,0,0,0,0,0,0,0,0,0
25.0,0,18.9,109.3,72.8,99.0,167.6,0,5.3,7.8,0.4,7.8,77.9,0,0,0,0,0,0,0,0,0,0,0,0,0,0,0,0,0,0,0,0,0,0
48.0,0,23.9,118.5,76.8,92.4,135.0,0,5.2,8.5,4.7,6.6,77.8,0,0,0,0,0,0,0,0,0,0,0,0,0,0,0,0,0,0,0,0,0,0
23.0,1,24.1,110.8,76.8,89.1,171.5,0,4.7,8.1,2.1,10.0,81.9,0,0,0,0,0,0,0,0,0,0,0,0,0,0,0,0,0,0,0,0,0,0
36.0,1,23.1,117.0,77.6,75.7,169.4,0,5.5,8.1,4.8,7.5,78.6,0,0,0,0,0,0,0,0,0,0,0,0,0,0,0,0,0,0,0,0,0,0
49.0,0,19.7,111.8,74.9,89.9,171.6,0,3.3,7.0,1.6,7.7,72.0,0,1,0,0,0,0,0,0,0,0,0,0,0,0,0,0,0,0,0,0,0,0
45.0,1,25.0,111.2,68.8,76.2,167.1,0,4.1,8.6,0.3,7.8,74.7,0,0,0,0,0,0,0,0,0,0,0,0,0,0,0,0,0,0,0,0,0,0
46.0,0,18.6,112.8,69.7,89.0,183.3,0,3.9,7.8,2.5,6.4,74.8,0,0,0,0,0,0,0,0,0,0,0,0,0,0,0,0,0,0,0,0,0,0
36.0,1,24.1,119.3,71.9,80.5,137.0,0,3.5,7.9,1.0,7.5,75.3,0,0,0,0,0,0,0,0,0,0,0,0,0,0,0,0,0,0,0,0,0,0
26.0,1,25.0,122.0,80.0,88.0,169.1,0,4.8,8.0,6.2,7.8,80.8,0,0,0,0,0,0,0,0,0,0,0,0,0,0,0,0,0,0,0,0,0,0
42.0,0,23.0,116.4,73.1,72.4,171.1,0,6.8,7.9,2.8,7.0,75.8,0,0,0,0,0,0,0,0,0,0,0,0,0,0,0,0,0,0,0,0,0,0
47.0,0,22.6,108.3,72.7,85.7,170.7,0,7.0,7.3,3.7,6.7,63.2,0,0,0,0,0,0,0,0,0,0,0,0,0,0,0,0,0,0,0,0,0,0
51.0,0,22.6,113.2,80.0,86.8,170.5,0,2.7,7.8,2.4,8.0,58.0,0,0,0,0,0,0,0,0,0,0,0,0,0,0,0,0,0,0,0,0,0,0
28.0,1,24.7,116.5,75.0,89.8,169.8,0,4.2,6.5,2.0,8.1,70.3,0,0,0,0,0,0,0,0,0,0,0,0,0,0,0,0,0,0,0,0,0,0
25.0,1,18.6,115.4,65.2,82.7,187.3,0,4.5,6.7,4.6,7.3,66.3,0,0,0,0,0,0,0,0,0,0,0,0,0,0,0,0,0,0,0,0,0,0
28.0,0,24.0,116.1,68.5,83.8,160.9,0,4.4,7.5,0.4,7.6,70.4,0,1,0,0,0,0,0,0,0,0,0,0,0,0,0,0,0,0,0,0,0,0
32.0,0,23.8,119.4,69.7,80.4,196.4,0,4.0,6.9,1.6,7.7,56.5,0,0,0,0,0,0,0,0,0,0,0,0,0,0,0,0,0,0,0,0,0,0
27.0,1,23.9,116.4,70.9,87.1,157.9,0,5.8,7.5,7.2,9.5,75.2,0,0,0,0,0,0,0,0,0,0,0,0,0,0,0,0,0,0,0,0,0,0
30.0,1,21.1,121.3,65.0,81.1,183.6,1,3.9,9.0,1.6,8.2,53.1,0,0,0,0,0,0,0,0,0,0,0,0,0,0,0,0,0,0,0,0,0,0
30.0,1,20.0,110.0,71.1,93.9,158.5,0,3.5,9.0,2.9,7.7,79.7,0,0,0,0,0,0,0,0,0,0,0,0,0,0,0,0,0,0,0,0,0,0
23.0,0,18.5,117.7,71.1,81.7,198.0,0,5.9,7.8,1.8,8.2,69.2,0,0,0,0,0,0,0,0,0,0,0,0,0,0,0,0,0,0,0,0,0,0
47.0,1,25.0,107.4,76.7,79.9,186.8,0,7.0,7.9,3.4,7.4,81.1,0,0,0,0,0,0,0,0,0,0,0,0,0,0,0,0,0,0,0,0,0,0
41.0,0,20.8,115.2,75.3,91.8,190.4,0,3.8,6.7,2.4,8.3,81.4,0,0,0,0,0,0,0,0,0,0,0,0,0,0,0,0,0,0,0,0,0,0
20.0,0,23.8,111.4,69.3,87.7,165.1,0,3.4,6.9,1.8,8.0,67.7,0,0,0,0,0,0,0,0,0,0,0,0,0,0,0,0,0,0,0,0,0,0
28.0,1,19.8,114.0,75.5,94.8,175.4,0,6.6,7.5,0.8,8.6,75.1,0,0,0,0,0,0,0,0,0,0,0,0,0,0,0,0,0,0,0,0,0,0
38.0,0,23.4,113.2,69.5,82.2,180.2,0,4.1,7.1,0.8,8.4,71.1,0,0,0,0,0,0,0,0,0,0,0,0,0,0,0,0,0,0,0,0,0,0
41.0,0,23.4,122.0,72.6,82.0,162.4,0,4.2,6.5,2.9,6.3,73.1,0,0,0,0,0,0,0,0,0,0,0,0,0,0,0,0,0,0,0,0,0,0
40.0,0,21.7,111.5,75.4,78.7,173.8,0,5.4,8.1,0.1,9.2,62.5,0,0,0,0,0,0,0,0,0,0,0,0,0,0,0,0,0,0,0,0,0,0
28.0,0,24.2,115.7,77.4,79.8,196.3,0,2.5,8.8,1.9,7.8,79.6,0,0,0,0,0,0,0,0,0,0,0,0,0,0,0,0,0,0,0,0,0,0
31.0,0,25.0,118.6,80.0,92.2,165.6,0,3.3,8.0,2.9,7.7,71.3,0,1,0,0,0,0,0,0,0,0,0,0,0,0,0,0,0,0,0,0,0,0
28.0,1,19.6,106.3,67.4,88.0,158.3,0,5.3,8.2,3.7,8.9,69.2,0,0,0,0,0,0,0,0,0,0,0,0,0,0,0,0,0,0,0,0,0,0
44.0,0,19.6,109.8,70.8,89.4,185.2,0,6.2,7.7,6.0,6.8,72.6,0,0,0,0,0,0,0,0,0,0,0,0,0,0,0,0,0,0,0,0,0,0
28.0,0,21.5,113.5,71.4,91.5,176.2,0,4.1,7.8,0.5,6.6,62.4,0,0,0,0,0,0,0,0,0,0,0,0,0,0,0,0,0,0,0,0,0,0
45.0,1,19.0,116.9,69.6,93.1,137.8,0,2.8,6.8,1.9,8.1,64.7,0,1,0,0,0,0,0,0,0,0,0,0,0,0,0,0,0,0,0,0,0,0
30.0,0,23.2,116.3,75.8,96.9,173.3,0,5.6,7.2,0.5,7.7,67.5,0,0,0,0,0,0,0,0,0,0,0,0,0,0,0,0,0,0,0,0,0,0
49.0,0,23.4,114.0,73.5,73.3,167.5,0,5.1,9.0,0.0,8.1,71.8,0,0,0,0,0,0,0,0,0,0,0,0,0,0,0,0,0,0,0,0,0,0
53.0,1,22.1,114.6,72.8,74.1,184.3,0,5.4,8.0,2.9,7.6,70.4,0,0,0,0,0,0,0,0,0,0,0,0,0,0,0,0,0,0,0,0,0,0
20.0,1,22.0,113.8,75.9,79.8,144.5,0,5.4,8.3,0.7,7.4,78.3,0,0,0,0,0,0,0,0,0,0,0,0,0,0,0,0,0,0,0,0,0,0
46.0,0,24.4,119.1,73.1,85.8,171.5,0,4.1,7.3,0.5,7.4,69.9,0,0,0,0,0,0,0,0,0,0,0,0,0,0,0,0,0,0,0,0,0,0
46.0,0,25.0,115.1,75.5,83.6,181.6,0,2.6,7.4,0.2,6.6,67.6,0,0,0,0,0,0,0,0,0,0,0,0,0,0,0,0,0,0,0,0,0,0
52.0,0,25.0,115.3,78.3,86.2,157.6,0,3.5,7.8,4.1,9.0,72.6,0,1,0,0,0,0,0,0,0,0,0,0,0,0,0,0,0,0,0,0,0,0
38.0,0,20.9,113.0,75.2,85.8,170.3,0,4.8,7.1,1.4,8.9,73.2,0,0,0,0,0,0,0,0,0,0,0,0,0,0,0,0,0,0,0,0,0,0
32.0,1,22.7,113.3,74.2,85.7,177.3,0,3.4,8.4,2.1,7.4,83.2,0,0,0,0,0,0,0,0,0,0,0,0,0,0,0,0,0,0,0,0,0,0
30.0,0,19.5,114.6,73.5,71.1,164.7,0,3.5,8.0,3.9,8.2,63.8,0,0,0,0,0,0,0,0,0,0,0,0,0,0,0,0,0,0,0,0,0,0
53.0,1,21.3,108.5,76.5,84.1,179.6,0,4.3,8.4,0.0,7.2,68.3,0,0,0,0,0,0,0,0,0,0,0,0,0,0,0,0,0,0,0,0,0,0
43.0,1,21.0,112.3,65.0,85.3,183.2,0,4.1,7.4,0.3,9.0,80.1,0,0,0,0,0,0,0,0,0,0,0,0,0,0,0,0,0,0,0,0,0,0
24.0,1,22.7,106.4,73.6,92.6,179.7,0,2.5,7.9,1.7,9.4,63.5,0,0,0,0,0,0,0,0,0,0,0,0,0,0,0,0,0,0,0,0,0,0
28.0,1,22.5,115.5,75.0,93.2,155.2,0,6.0,6.9,0.0,7.4,69.3,0,0,0,0,0,0,0,0,0,0,0,0,0,0,0,0,0,0,0,0,0,0
37.0,0,20.7,117.4,80.0,86.2,168.8,0,6.8,7.9,0.8,9.9,77.4,0,0,0,0,0,0,0,0,0,0,0,0,0,0,0,0,0,0,0,0,0,0
43.0,1,25.0,118.8,77.7,84.7,187.4,0,6.0,7.4,2.9,6.4,73.8,0,0,0,0,0,0,0,0,0,0,0,0,0,0,0,0,0,0,0,0,0,0
26.0,0,21.0,108.0,77.1,96.2,186.9,0,4.0,7.4,1.3,8.9,73.9,0,0,0,0,0,0,0,0,0,0,0,0,0,0,0,0,0,0,0,0,0,0
39.0,1,22.1,110.0,78.1,90.1,181.5,0,4.4,7.2,1.2,7.4,74.0,0,0,0,0,0,0,0,0,0,0,0,0,0,0,0,0,0,0,0,0,0,0
42.0,0,20.9,122.0,74.5,84.7,173.2,1,4.0,7.2,1.0,8.5,62.1,0,0,0,0,0,0,0,0,0,0,0,0,0,0,0,0,0,0,0,0,0,0
48.0,0,21.2,108.3,80.0,83.2,172.4,0,6.1,6.9,0.3,9.0,77.0,0,1,0,0,0,0,0,0,0,0,0,0,0,0,0,0,0,0,0,0,0,0
28.0,0,22.7,113.2,68.3,91.7,178.2,0,6.2,7.8,3.5,8.1,72.5,0,0,0,0,0,0,0,0,0,0,0,0,0,0,0,0,0,0,0,0,0,0
47.0,0,24.5,117.6,72.3,92.6,160.4,0,4.3,8.1,8.5,7.3,73.9,0,0,0,0,0,0,0,0,0,0,0,0,0,0,0,0,0,0,0,0,0,0
42.0,0,23.1,112.5,72.1,89.1,180.7,0,4.0,7.6,10.7,7.2,60.6,0,1,0,0,0,0,0,0,0,0,0,0,0,0,0,0,0,0,0,0,0,0
35.0,1,22.6,122.0,75.5,86.4,162.3,0,4.5,6.5,0.2,7.6,70.0,0,0,0,0,0,0,0,0,0,0,0,0,0,0,0,0,0,0,0,0,0,0
41.0,1,19.7,109.7,74.7,88.8,178.2,0,2.9,8.0,0.2,9.2,64.6,0,0,0,0,0,0,0,0,0,0,0,0,0,0,0,0,0,0,0,0,0,0
41.0,1,19.2,118.0,74.1,88.1,182.4,0,6.3,7.5,0.7,9.3,73.3,0,0,0,0,0,0,0,0,0,0,0,0,0,0,0,0,0,0,0,0,0,0
44.0,0,22.7,117.4,71.1,81.7,171.7,0,4.9,8.6,2.5,8.9,89.6,0,0,0,0,0,0,0,0,0,0,0,0,0,0,0,0,0,0,0,0,0,0
26.0,0,20.1,119.0,78.5,77.1,182.0,0,4.7,7.4,3.1,9.1,75.4,0,0,0,0,0,0,0,0,0,0,0,0,0,0,0,0,0,0,0,0,0,0
37.0,0,22.7,116.6,75.1,85.0,160.8,0,5.8,7.3,2.0,6.5,74.1,0,0,0,0,0,0,0,0,0,0,0,0,0,0,0,0,0,0,0,0,0,0
31.0,1,23.0,114.4,71.7,94.0,171.4,0,6.3,7.8,1.0,8.9,64.5,0,0,0,0,0,0,0,0,0,0,0,0,0,0,0,0,0,0,0,0,0,0
50.0,0,22.1,116.5,79.7,87.2,183.8,0,4.2,7.5,2.1,7.5,78.3,0,0,0,0,0,0,0,0,0,0,0,0,0,0,0,0,0,0,0,0,0,0
42.0,0,21.6,122.0,72.3,88.0,136.6,0,6.2,6.9,6.4,7.3,70.4,0,0,0,0,0,0,0,0,0,0,0,0,0,0,0,0,0,0,0,0,0,0
45.0,0,22.0,111.4,78.3,80.7,165.6,0,5.4,6.5,1.0,7.3,57.2,0,0,0,0,0,0,0,0,0,0,0,0,0,0,0,0,0,0,0,0,0,0
38.0,1,19.6,114.4,76.1,88.2,163.6,0,3.6,7.2,4.4,7.7,70.1,0,0,0,0,0,0,0,0,0,0,0,0,0,0,0,0,0,0,0,0,0,0
28.0,0,20.5,116.6,79.2,87.8,157.3,0,6.4,6.7,1.1,9.9,69.2,0,0,0,0,0,0,0,0,0,0,0,0,0,0,0,0,0,0,0,0,0,0
32.0,1,24.5,115.0,75.5,79.9,186.3,0,2.6,8.8,3.8,7.1,72.7,0,0,0,0,0,0,0,0,0,0,0,0,0,0,0,0,0,0,0,0,0,0
31.0,1,21.7,114.1,79.6,77.8,195.2,1,4.8,8.4,7.0,7.5,67.0,0,0,0,0,0,0,0,0,0,0,0,0,0,0,0,0,0,0,0,0,0,0
38.0,0,21.2,114.3,74.1,89.7,149.4,0,4.9,6.6,1.9,6.4,77.8,0,0,0,0,0,0,0,0,0,0,0,0,0,0,0,0,0,0,0,0,0,0
26.0,1,19.9,114.6,73.0,86.3,158.2,0,6.7,6.9,7.2,8.0,80.3,0,0,0,0,0,0,0,0,0,0,0,0,0,0,0,0,0,0,0,0,0,0
20.0,0,25.0,116.8,76.1,90.1,192.8,0,3.5,8.2,1.8,8.1,81.8,0,0,0,0,0,0,0,0,0,0,0,0,0,0,0,0,0,0,0,0,0,0
53.0,1,23.1,114.8,73.8,85.2,176.5,0,4.2,7.2,0.1,7.7,62.0,0,0,0,0,0,0,0,0,0,0,0,0,0,0,0,0,0,0,0,0,0,0
32.0,1,22.3,113.7,76.9,83.9,169.0,0,6.9,6.7,0.9,8.0,70.6,0,0,0,0,0,0,0,0,0,0,0,0,0,0,0,0,0,0,0,0,0,0
29.0,1,21.7,108.3,76.9,84.2,151.7,0,4.9,7.3,1.8,8.2,72.4,0,0,0,0,0,0,0,0,0,0,0,0,0,0,0,0,0,0,0,0,0,0
41.0,1,24.0,116.4,68.2,86.2,150.1,0,6.7,7.6,6.8,6.9,69.8,0,0,0,0,0,0,0,0,0,0,0,0,0,0,0,0,0,0,0,0,0,0
47.0,0,23.2,116.5,66.5,94.0,150.1,0,5.5,7.9,0.5,6.5,63.6,0,1,0,0,0,0,0,0,0,0,0,0,0,0,0,0,0,0,0,0,0,0
22.0,0,25.0,117.7,73.8,81.0,163.4,0,3.7,7.6,1.2,9.2,67.8,0,1,0,0,0,0,0,0,0,0,0,0,0,0,0,0,0,0,0,0,0,0
41.0,0,22.0,113.6,74.6,88.9,172.0,0,3.2,9.0,5.4,8.3,74.1,0,0,0,0,0,0,0,0,0,0,0,0,0,0,0,0,0,0,0,0,0,0
48.0,0,23.1,110.5,69.6,91.9,175.0,0,4.8,6.9,1.3,8.3,62.6,0,1,0,0,0,0,0,0,0,0,0,0,0,0,0,0,0,0,0,0,0,0
23.0,0,22.4,113.8,79.5,93.3,171.6,0,5.9,6.9,2.0,6.2,63.1,0,0,0,0,0,0,0,0,0,0,0,0,0,0,0,0,0,0,0,0,0,0
41.0,1,21.3,113.2,78.0,81.2,159.3,0,6.3,8.7,1.3,7.7,74.6,0,0,0,0,0,0,0,0,0,0,0,0,0,0,0,0,0,0,0,0,0,0
48.0,1,24.9,115.4,74.5,79.4,194.2,0,5.0,7.7,2.1,8.2,69.7,0,0,0,0,0,0,0,0,0,0,0,0,0,0,0,0,0,0,0,0,0,0
40.0,1,23.9,112.1,70.5,89.4,161.6,0,7.0,8.2,2.9,9.7,72.6,0,0,0,0,0,0,0,0,0,0,0,0,0,0,0,0,0,0,0,0,0,0
42.0,0,23.0,110.8,79.1,90.5,172.4,0,5.2,7.4,4.4,6.2,69.1,0,0,0,0,0,0,0,0,0,0,0,0,0,0,0,0,0,0,0,0,0,0
52.0,1,22.2,116.6,71.6,96.6,165.4,0,4.2,8.1,7.1,7.0,88.1,0,0,0,0,0,0,0,0,0,0,0,0,0,0,0,0,0,0,0,0,0,0
43.0,0,23.0,122.0,72.7,85.2,162.9,0,4.3,8.1,0.6,8.5,75.3,0,0,0,0,0,0,0,0,0,0,0,0,0,0,0,0,0,0,0,0,0,0
44.0,1,22.9,119.2,71.0,77.7,178.1,0,6.1,6.5,3.9,7.3,67.9,0,1,0,0,0,0,0,0,0,0,0,0,0,0,0,0,0,0,0,0,0,0
29.0,0,18.5,112.0,78.3,85.1,170.7,0,3.6,7.6,1.5,8.7,74.5,0,1,0,0,0,0,0,0,0,0,0,0,0,0,0,0,0,0,0,0,0,0
27.0,0,21.7,120.0,76.7,89.2,178.2,0,5.1,8.3,0.1,7.5,72.1,0,0,0,0,0,0,0,0,0,0,0,0,0,0,0,0,0,0,0,0,0,0
52.0,0,23.6,107.0,78.7,80.2,170.3,0,5.3,7.7,2.9,8.5,60.5,0,0,0,0,0,0,0,0,0,0,0,0,0,0,0,0,0,0,0,0,0,0
21.0,1,22.5,113.1,76.8,87.4,177.3,0,5.5,7.6,5.7,5.7,72.8,0,0,0,0,0,0,0,0,0,0,0,0,0,0,0,0,0,0,0,0,0,0
46.0,0,21.0,112.9,76.8,84.0,172.8,1,3.7,7.1,5.0,8.5,76.2,0,0,0,0,0,0,0,0,0,0,0,0,0,0,0,0,0,0,0,0,0,0
48.0,1,24.7,104.1,75.8,92.6,170.8,1,4.9,7.1,0.3,7.0,69.7,0,1,0,0,0,0,0,0,0,0,0,0,0,0,0,0,0,0,0,0,0,0
40.0,0,20.1,115.4,80.0,93.2,157.8,0,5.4,6.5,2.3,6.1,65.0,0,0,0,0,0,0,0,0,0,0,0,0,0,0,0,0,0,0,0,0,0,0
51.0,0,23.3,108.5,73.1,92.8,163.0,0,6.5,8.5,2.6,8.0,66.0,0,0,0,0,0,0,0,0,0,0,0,0,0,0,0,0,0,0,0,0,0,0
68.4,0,37.3,121.6,77.6,128.6,187.0,0,1.3,6.3,1.6,6.2,59.2,0,1,0,0,0,0,0,0,1,1,1,0,1,0,0,0,0,0,0,0,0,1
82.0,0,28.5,129.1,73.5,167.5,180.5,0,1.3,6.3,6.2,6.2,68.3,0,1,0,0,0,0,0,0,1,1,1,0,0,0,0,0,0,0,0,0,0,1
68.2,0,39.6,134.3,83.2,146.9,197.6,0,0.6,8.5,2.0,6.3,65.9,0,1,0,0,0,0,0,0,0,1,1,0,0,0,0,0,0,0,0,0,0,1
75.0,1,31.1,139.0,93.9,201.7,177.4,0,0.5,6.8,0.3,6.4,77.7,0,1,0,0,0,0,0,0,0,1,0,0,1,0,0,0,0,0,0,0,0,1
44.5,0,34.3,132.4,97.4,205.4,166.0,0,3.1,7.1,5.7,4.4,75.6,0,0,0,0,0,0,0,0,1,1,1,0,0,0,0,0,0,0,0,0,0,1
52.7,0,38.9,136.2,87.5,167.6,190.5,0,0.8,7.1,1.9,4.1,64.8,0,1,0,0,0,0,0,0,0,1,1,0,0,0,0,0,0,0,0,0,0,1
59.0,1,35.2,133.5,77.2,214.4,226.2,0,1.0,8.1,0.1,5.4,84.2,0,1,0,0,0,0,0,0,0,1,1,0,0,0,0,0,0,0,0,0,0,1
56.1,0,34.8,157.2,80.9,223.6,177.7,0,2.1,7.5,0.7,3.3,71.4,0,1,0,0,0,0,0,0,0,1,1,0,0,0,0,0,0,0,0,0,0,1
51.6,1,36.3,143.1,86.3,181.2,199.5,0,1.6,6.9,2.5,3.8,80.3,0,0,0,0,0,0,0,0,0,0,1,0,0,0,0,0,0,0,0,0,0,1
53.2,1,27.4,131.7,85.5,205.3,181.4,1,1.7,5.2,3.8,4.0,66.4,0,0,0,0,0,0,0,0,1,0,1,0,0,0,0,0,0,0,0,0,0,1
59.3,0,28.7,134.5,84.9,166.1,183.0,0,2.0,6.1,5.1,3.0,54.7,0,1,0,0,0,0,0,0,1,1,1,0,0,0,0,0,0,0,0,0,0,1
60.2,0,32.4,149.3,76.8,196.0,177.7,0,1.1,6.5,2.3,3.2,77.6,0,0,0,0,0,0,0,0,1,1,1,0,1,0,0,0,0,0,0,0,0,1
77.5,1,35.8,143.6,75.0,181.6,142.0,0,2.0,8.6,3.2,2.5,69.6,1,1,0,0,0,0,0,0,1,1,0,0,1,0,0,0,0,0,0,0,0,1
47.8,1,41.4,124.2,86.6,144.2,185.1,0,1.9,6.9,2.5,3.7,73.7,0,1,0,0,0,0,0,0,1,1,1,0,0,0,0,0,0,0,0,0,0,1
49.9,0,31.9,133.6,81.1,133.0,182.6,1,0.6,6.4,2.2,3.3,67.8,0,0,0,0,0,0,0,0,1,1,1,0,0,0,0,0,0,0,0,0,0,1
60.5,1,33.1,132.9,82.6,144.0,186.2,1,0.8,7.6,3.4,5.0,78.1,0,1,0,0,0,0,0,0,1,1,1,0,1,0,0,0,0,0,0,0,0,1
61.2,0,30.5,128.9,84.0,171.5,182.9,1,2.6,7.1,2.9,4.4,69.6,0,0,0,0,0,0,0,0,0,1,0,0,0,0,0,0,0,0,0,0,0,1
71.5,0,32.2,135.0,84.1,185.1,158.3,0,2.4,8.0,0.1,2.7,69.9,1,1,0,0,0,0,0,0,0,0,0,0,0,0,0,0,0,0,0,0,0,1
50.0,0,34.4,130.8,93.7,175.7,179.6,0,1.9,6.9,0.9,3.5,67.9,0,1,0,0,0,0,0,0,1,1,1,0,0,0,0,0,0,0,0,0,0,1
46.4,0,27.6,127.9,86.6,227.8,162.3,0,1.2,6.6,1.9,4.5,75.8,0,0,0,0,0,0,0,0,1,1,1,0,1,0,0,0,0,0,0,0,0,1
65.2,1,36.7,149.2,85.8,176.1,165.5,0,1.7,5.8,4.1,3.1,74.8,0,1,0,0,0,0,0,0,0,1,1,0,1,0,0,0,0,0,0,0,0,1
62.9,0,26.5,119.4,83.2,216.6,158.0,0,3.5,8.0,3.3,5.0,60.3,0,1,0,0,0,0,0,0,0,1,1,0,1,0,0,0,0,0,0,0,0,1
71.6,1,35.0,145.1,86.2,137.0,162.0,1,1.3,7.8,0.6,6.5,67.9,0,1,0,0,0,0,0,0,1,1,1,0,0,0,0,0,0,0,0,0,0,1
66.4,0,31.2,137.8,86.2,181.6,178.0,0,1.0,6.7,1.7,4.2,79.8,0,0,0,0,0,0,0,0,1,1,0,0,1,0,0,0,0,0,0,0,0,1
54.8,0,32.4,129.1,75.4,169.4,160.2,0,2.1,7.9,0.5,5.9,69.0,0,1,0,0,0,0,0,0,1,1,1,0,0,0,0,0,0,0,0,0,0,1
58.7,0,37.9,130.4,87.5,126.0,176.2,0,0.0,8.1,0.7,2.6,64.1,0,1,0,0,0,0,0,0,1,0,1,0,0,0,0,0,0,0,0,0,0,1
60.4,0,26.5,157.0,84.4,126.0,185.8,1,0.5,5.6,6.4,4.1,81.0,0,1,0,0,0,0,0,0,1,0,1,0,0,0,0,0,0,0,0,0,0,1
50.1,1,29.0,124.1,89.8,126.0,162.3,0,2.2,6.9,1.5,2.5,80.8,1,1,0,0,0,0,0,0,1,1,1,0,1,0,0,0,0,0,0,0,0,1
43.6,0,29.3,135.8,85.2,213.9,168.3,0,1.0,6.7,2.2,2.8,70.1,0,1,0,0,0,0,0,0,1,1,0,0,0,0,0,0,0,0,0,0,0,1
45.2,1,32.9,164.4,84.9,179.2,179.8,0,2.6,8.6,0.6,1.9,70.4,0,0,0,0,0,0,0,0,0,1,1,0,0,0,0,0,0,0,0,0,0,1
59.8,1,44.2,134.5,94.5,208.4,150.5,0,0.8,7.6,1.6,5.4,68.2,0,1,0,0,0,0,0,0,1,1,1,0,0,0,0,0,0,0,0,0,0,1
52.2,1,31.9,137.8,72.0,126.0,175.9,0,0.4,7.6,8.7,2.0,78.5,0,1,0,0,0,0,0,0,0,0,0,0,0,0,0,0,0,0,0,0,0,1
50.9,1,35.1,136.8,80.5,153.0,198.7,0,0.8,5.4,1.0,3.2,63.5,0,0,0,0,0,0,0,0,0,1,1,0,0,0,0,0,0,0,0,0,0,1
82.0,1,27.0,131.1,91.7,152.3,176.9,1,2.5,5.9,1.4,6.5,72.2,0,1,0,0,0,0,0,0,0,1,0,0,0,0,0,0,0,0,0,0,0,1
56.4,0,29.3,128.0,93.2,166.4,184.7,0,1.8,8.6,1.1,3.1,84.3,0,0,0,0,0,0,0,0,1,1,1,0,0,0,0,0,0,0,0,0,0,1
50.9,0,28.6,146.8,72.0,158.2,152.7,0,0.9,7.5,0.8,5.3,83.9,0,1,0,0,0,0,0,0,0,1,1,0,0,0,0,0,0,0,0,0,0,1
47.9,0,27.3,135.3,94.8,195.3,177.3,0,0.0,7.0,0.6,4.3,84.8,0,1,0,0,0,0,0,0,1,1,1,0,1,0,0,0,0,0,0,0,0,1
46.0,1,26.5,135.9,73.0,183.5,183.9,0,2.0,6.7,7.4,3.3,61.6,0,1,0,0,0,0,0,0,1,1,0,0,0,0,0,0,0,0,0,0,0,1
66.4,0,41.6,132.1,85.0,142.3,161.5,0,2.8,8.1,1.3,4.0,71.6,0,1,0,0,0,0,0,0,0,1,0,0,1,0,0,0,0,0,0,0,0,1
63.8,1,28.3,138.6,76.8,126.0,204.0,1,0.9,7.4,0.0,3.9,58.4,0,0,0,0,0,0,0,0,0,1,1,0,0,0,0,0,0,0,0,0,0,1
54.0,0,33.5,125.1,98.1,165.2,194.4,0,1.3,7.6,4.0,3.8,60.3,0,1,0,0,0,0,0,0,1,1,1,0,0,0,0,0,0,0,0,0,0,1
49.3,1,32.9,122.8,79.8,151.4,187.7,1,1.9,7.3,0.1,3.8,72.9,0,1,0,0,0,0,0,0,1,1,0,0,0,0,0,0,0,0,0,0,0,1
62.8,0,44.2,140.1,80.1,145.8,167.4,0,1.6,7.5,5.5,4.6,74.1,0,1,0,0,0,0,0,0,0,1,0,0,0,0,0,0,0,0,0,0,0,1
54.1,0,26.5,133.9,84.6,183.8,172.2,0,1.5,8.6,4.5,2.0,78.2,0,0,0,0,0,0,0,0,0,1,1,0,1,0,0,0,0,0,0,0,0,1
69.0,1,26.6,115.0,92.5,126.0,188.8,0,1.3,6.4,0.6,5.1,73.6,0,1,0,0,0,0,0,0,1,1,0,0,1,0,0,0,0,0,0,0,0,1
61.3,0,37.6,121.2,72.0,171.5,178.9,0,1.7,8.6,7.5,4.9,75.7,0,1,0,0,0,0,0,0,0,1,1,0,1,0,0,0,0,0,0,0,0,1
66.8,0,26.5,149.7,89.8,162.7,210.3,0,1.9,6.4,1.3,2.9,70.4,0,1,0,0,0,0,0,0,1,1,1,0,1,0,0,0,0,0,0,0,0,1
40.3,1,30.7,136.4,72.0,189.0,161.9,0,0.3,7.4,3.8,3.3,70.0,0,1,0,0,0,0,0,0,1,1,1,0,0,0,0,0,0,0,0,0,0,1
60.4,1,33.0,142.7,72.0,218.5,181.2,0,1.9,8.5,5.5,4.5,82.1,0,0,0,0,0,0,0,0,1,1,1,0,1,0,0,0,0,0,0,0,0,1
58.3,0,32.9,134.9,79.8,220.5,187.6,0,1.8,7.8,0.8,3.5,75.5,0,1,0,0,0,0,0,0,0,1,0,0,0,0,0,0,0,0,0,0,0,1
77.0,0,28.3,154.2,77.2,158.3,187.4,0,0.5,8.9,2.8,2.5,82.9,0,0,0,0,0,0,0,0,1,1,1,0,1,0,0,0,0,0,0,0,0,1
43.1,1,32.8,136.1,85.0,176.3,195.8,0,0.8,5.7,6.6,4.6,74.7,0,1,0,0,0,0,0,0,1,0,0,0,0,0,0,0,0,0,0,0,0,1
52.9,1,29.6,138.7,91.5,223.7,216.0,0,2.1,7.5,0.7,5.1,66.1,0,1,0,0,0,0,0,0,0,1,1,0,1,0,0,0,0,0,0,0,0,1
58.9,1,33.1,128.1,94.1,173.0,172.8,0,0.1,8.5,1.3,3.0,65.4,0,1,0,0,0,0,0,0,0,1,1,0,0,0,0,0,0,0,0,0,0,1
54.9,0,33.6,138.7,75.8,154.9,169.6,1,2.4,8.4,4.4,1.4,69.1,0,1,0,0,0,0,0,0,1,0,1,0,0,0,0,0,0,0,0,0,0,1
70.5,1,40.1,123.5,72.0,141.1,189.2,0,1.4,6.2,6.2,5.4,81.2,0,0,0,0,0,0,0,0,0,1,1,0,0,0,0,0,0,0,0,0,0,1
58.5,1,36.6,134.9,80.2,207.5,168.7,0,2.9,8.9,0.3,3.0,64.8,1,1,0,0,0,0,0,0,1,1,1,0,1,0,0,0,0,0,0,0,0,1
45.0,1,31.4,143.0,79.9,126.0,188.6,0,1.6,7.3,0.2,2.2,69.1,0,1,0,0,0,0,0,0,1,1,1,0,1,0,0,0,0,0,0,0,0,1
64.7,1,30.1,124.1,86.7,194.4,191.4,0,2.5,7.5,0.8,6.0,73.2,0,1,0,0,0,0,0,0,0,0,1,0,0,0,0,0,0,0,0,0,0,1
51.0,0,34.8,143.3,86.2,168.5,177.1,1,0.4,7.1,0.7,1.4,67.0,0,0,0,0,0,0,0,0,1,1,1,0,0,0,0,0,0,0,0,0,0,1
35.0,0,32.8,135.7,85.2,160.8,185.9,0,0.9,7.1,2.9,3.4,78.1,0,0,0,0,0,0,0,0,0,1,0,0,0,0,0,0,0,0,0,0,0,1
56.0,1,38.0,136.7,81.7,151.2,185.7,0,1.1,6.3,6.3,3.6,77.8,0,1,0,0,0,0,0,0,0,1,1,0,0,0,0,0,0,0,0,0,0,1
60.8,0,26.6,121.8,80.0,143.9,203.7,0,1.0,6.6,0.2,4.1,69.6,0,1,0,0,0,0,0,0,0,1,1,0,1,0,0,0,0,0,0,0,0,1
45.4,0,35.4,140.4,81.1,169.4,169.4,0,1.6,7.2,2.5,1.7,81.6,0,1,0,0,0,0,0,0,0,1,1,0,0,0,0,0,0,0,0,0,0,1
69.2,1,26.5,139.5,96.5,166.6,170.4,0,2.5,8.1,0.3,2.4,72.0,0,1,0,0,0,0,0,0,1,0,1,0,0,0,0,0,0,0,0,0,0,1
40.0,1,28.2,126.9,92.2,183.3,189.0,1,0.0,6.5,5.1,4.2,70.7,0,1,0,0,0,0,0,0,1,1,1,0,1,0,0,0,0,0,0,0,0,1
45.1,0,26.7,132.3,78.4,154.4,192.5,0,2.0,6.5,0.0,3.8,66.6,0,0,0,0,0,0,0,0,1,1,1,0,0,0,0,0,0,0,0,0,0,1
46.5,1,32.3,120.8,82.9,177.1,168.7,0,1.4,7.4,4.2,4.2,67.9,0,1,0,0,0,0,0,0,1,1,1,0,0,0,0,0,0,0,0,0,0,1
47.7,1,31.6,118.1,80.1,186.0,203.6,0,2.8,7.3,3.2,3.6,68.9,0,1,0,0,0,0,0,0,1,1,1,0,0,0,0,0,0,0,0,0,0,1
53.6,0,28.5,141.3,91.2,161.0,163.1,0,0.0,7.9,0.1,3.3,78.4,1,0,0,0,0,0,0,0,0,1,1,0,0,0,0,0,0,0,0,0,0,1
53.4,0,37.6,147.0,80.5,230.2,170.9,0,0.9,7.1,6.1,1.4,84.8,0,0,0,0,0,0,0,0,0,0,1,0,0,0,0,0,0,0,0,0,0,1
45.7,0,34.5,139.3,85.3,204.2,187.0,0,0.8,9.6,2.2,3.5,77.0,0,0,0,0,0,0,0,0,1,1,1,0,0,0,0,0,0,0,0,0,0,1
54.7,1,34.7,134.2,86.5,185.0,151.5,0,1.7,6.8,0.7,3.7,76.6,0,1,0,0,0,0,0,0,0,1,1,0,0,0,0,0,0,0,0,0,0,1
60.4,1,29.5,165.0,86.5,174.0,183.5,1,2.1,7.7,0.7,3.1,72.2,0,0,0,0,0,0,0,0,1,1,1,0,1,0,0,0,0,0,0,0,0,1
51.9,0,32.8,126.7,78.3,147.9,156.7,0,0.0,5.9,6.6,3.9,68.0,0,1,0,0,0,0,0,0,1,1,1,0,0,0,0,0,0,0,0,0,0,1
59.3,0,27.2,115.0,79.8,162.9,167.2,0,0.2,7.2,0.0,2.7,68.7,0,1,0,0,0,0,0,0,1,1,1,0,1,0,0,0,0,0,0,0,0,1
63.2,0,26.5,136.6,76.0,126.0,163.5,0,1.9,7.0,5.4,3.2,69.2,0,1,0,0,0,0,0,0,1,1,1,0,1,0,0,0,0,0,0,0,0,1
52.5,0,32.8,136.5,85.9,178.7,150.7,0,1.5,5.9,3.9,3.3,82.4,0,1,0,0,0,0,0,0,0,1,1,0,0,0,0,0,0,0,0,0,0,1
60.5,0,32.9,124.7,91.8,183.6,185.9,0,3.1,7.4,0.9,3.8,66.0,0,0,0,0,0,0,0,0,1,1,1,0,0,0,0,0,0,0,0,0,0,1
60.4,0,34.9,126.6,82.9,194.6,177.4,0,0.3,7.9,2.5,2.0,66.2,0,1,0,0,0,0,0,0,1,1,1,0,0,0,0,0,0,0,0,0,0,1
64.9,0,31.8,127.1,83.4,184.5,156.9,0,2.9,6.8,5.8,4.2,72.6,0,1,0,0,0,0,0,0,1,1,1,0,0,0,0,0,0,0,0,0,0,1
62.9,1,34.1,115.0,77.1,175.0,143.7,0,2.6,7.3,0.2,3.4,61.2,0,1,0,0,0,0,0,0,0,1,1,0,0,0,0,0,0,0,0,0,0,1
71.9,0,29.2,143.4,90.5,177.2,173.2,0,2.0,6.9,0.6,3.3,78.2,0,1,0,0,0,0,0,0,0,1,1,0,0,0,0,0,0,0,0,0,0,1
37.1,0,26.5,137.0,90.5,126.7,163.5,0,2.7,7.1,0.2,1.7,76.1,0,0,0,0,0,0,0,0,1,1,1,0,1,0,0,0,0,0,0,0,0,1
69.1,1,32.4,148.1,76.2,181.3,189.1,0,1.0,6.5,2.8,6.0,80.6,0,1,0,0,0,0,0,0,1,1,1,0,0,0,0,0,0,0,0,0,0,1
56.4,1,34.7,133.8,72.1,203.9,221.3,0,2.3,7.2,0.4,4.6,80.9,0,1,0,0,0,0,0,0,1,1,1,0,0,0,0,0,0,0,0,0,0,1
65.9,1,30.1,125.2,83.9,186.7,190.0,0,1.4,8.1,4.0,5.2,72.5,0,0,0,0,0,0,0,0,0,1,0,0,1,0,0,0,0,0,0,0,0,1
60.6,1,29.0,129.3,81.2,171.1,176.6,0,1.2,7.8,0.2,6.1,72.6,0,1,0,0,0,0,0,0,1,1,1,0,1,0,0,0,0,0,0,0,0,1
69.5,1,31.4,144.7,85.4,156.7,155.7,0,2.3,8.1,0.7,4.6,72.2,0,1,0,0,0,0,0,0,0,1,1,0,1,0,0,0,0,0,0,0,0,1
51.8,0,28.3,121.6,89.1,177.8,187.8,0,2.4,6.8,2.0,4.6,66.0,0,0,0,0,0,0,0,0,0,1,1,0,0,0,0,0,0,0,0,0,0,1
50.5,1,28.6,125.9,88.3,131.9,151.6,0,0.5,6.9,1.1,1.4,79.9,0,1,0,0,0,0,0,0,0,1,1,0,0,0,0,0,0,0,0,0,0,1
62.7,0,38.2,154.9,84.3,222.3,161.2,1,1.1,6.0,3.7,4.4,73.6,0,1,0,0,0,0,0,0,1,1,1,0,1,0,0,0,0,0,0,0,0,1
70.0,1,34.0,137.0,83.6,126.0,154.8,0,1.5,8.3,0.5,5.5,79.3,0,1,0,0,0,0,0,0,0,1,1,0,0,0,0,0,0,0,0,0,0,1
55.0,0,40.3,144.2,72.0,255.6,186.8,0,2.6,7.3,1.0,3.0,79.5,0,1,0,0,0,0,0,0,0,1,1,0,1,0,0,0,0,0,0,0,0,1
60.0,0,35.5,129.5,78.8,179.7,189.3,1,1.5,6.2,1.7,3.7,74.2,0,0,0,0,0,0,0,0,0,1,1,0,0,0,0,0,0,0,0,0,0,1
63.5,0,27.7,148.2,72.0,213.5,151.1,0,1.8,8.4,1.0,3.7,66.2,0,1,0,0,0,0,0,0,1,0,1,0,1,0,0,0,0,0,0,0,0,1
56.3,0,31.5,151.0,91.5,132.6,208.6,0,1.5,8.0,1.6,1.0,81.1,1,1,0,0,0,0,0,0,1,1,1,0,0,0,0,0,0,0,0,0,0,1
65.5,1,29.2,136.8,81.3,161.2,169.4,0,0.0,6.4,3.3,3.0,76.0,0,1,0,0,0,0,0,0,0,1,0,0,0,0,0,0,0,0,0,0,0,1
68.4,1,35.4,119.7,72.0,158.8,177.6,1,3.0,8.0,0.1,3.4,74.3,0,1,0,0,0,0,0,0,1,1,1,0,1,0,0,0,0,0,0,0,0,1
79.7,0,32.2,133.1,87.3,173.9,169.3,0,0.0,6.9,1.1,6.0,65.8,0,1,0,0,0,0,0,0,1,1,1,0,0,0,0,0,0,0,0,0,0,1
62.5,1,28.4,138.4,95.2,126.0,198.6,0,1.0,7.1,1.0,5.8,67.9,0,1,0,0,0,0,0,0,1,1,1,0,0,0,0,0,0,0,0,0,0,1
53.0,0,38.5,118.2,78.3,126.0,170.8,0,0.3,7.1,2.0,5.5,69.7,0,0,0,0,0,0,0,0,0,1,1,0,0,0,0,0,0,0,0,0,0,1
51.7,1,32.1,137.9,84.3,243.3,141.1,0,1.7,7.3,8.8,5.2,62.9,0,1,0,0,0,0,0,0,0,1,1,0,0,0,0,0,0,0,0,0,0,1
52.7,1,39.2,126.6,92.1,134.2,191.6,1,0.0,8.2,1.0,4.3,75.3,0,1,0,0,0,0,0,0,1,1,0,0,0,0,0,0,0,0,0,0,0,1
54.0,1,31.5,129.5,76.1,157.1,211.5,0,2.2,8.0,4.2,4.5,72.5,0,1,0,0,0,0,0,0,1,1,1,0,0,0,0,0,0,0,0,0,0,1
49.0,1,36.7,147.2,76.1,172.5,164.7,0,1.2,5.9,3.5,1.0,68.8,0,0,0,0,0,0,0,0,0,1,1,0,0,0,0,0,0,0,0,0,0,1
48.7,0,28.8,151.1,72.0,153.9,180.4,1,2.6,7.4,3.0,3.3,74.7,0,1,0,0,0,0,0,0,0,1,1,0,0,0,0,0,0,0,0,0,0,1
50.2,1,30.8,148.8,88.1,134.6,205.5,1,0.1,7.6,2.7,3.4,73.7,0,1,0,0,0,0,0,0,0,1,1,0,0,0,0,0,0,0,0,0,0,1
65.6,1,31.7,132.0,100.0,169.2,181.5,0,0.9,7.7,5.2,2.3,79.7,0,1,0,0,0,0,0,0,0,1,1,0,0,0,0,0,0,0,0,0,0,1
68.2,1,31.9,136.3,86.4,189.5,174.3,1,0.6,5.7,2.5,3.3,78.7,0,1,0,0,0,0,0,0,0,1,1,0,0,0,0,0,0,0,0,0,0,1
46.1,0,32.0,140.0,86.0,146.1,179.4,0,0.6,6.4,4.5,4.2,89.4,0,0,0,0,0,0,0,0,1,0,1,0,1,0,0,0,0,0,0,0,0,1
72.2,1,33.8,134.4,87.7,159.9,190.8,0,1.5,7.4,4.1,3.1,65.6,0,1,0,0,0,0,0,0,0,1,1,0,0,0,0,0,0,0,0,0,0,1
62.8,0,30.9,116.2,91.4,170.4,226.1,0,1.9,6.1,0.5,3.8,51.7,0,1,0,0,0,0,0,0,0,1,1,0,1,0,0,0,0,0,0,0,0,1
80.8,0,45.5,120.2,86.7,138.5,186.6,0,0.3,7.3,0.3,4.2,74.7,0,1,0,0,0,0,0,0,1,1,1,0,0,0,0,0,0,0,0,0,0,1
51.6,1,30.7,138.0,77.3,195.9,163.3,0,2.6,9.1,1.0,3.4,73.8,0,0,0,0,0,0,0,0,0,1,1,0,1,0,0,0,0,0,0,0,0,1
49.6,0,35.5,131.2,86.2,151.8,166.6,1,1.5,7.1,0.4,3.8,87.1,0,1,0,0,0,0,0,0,0,1,1,0,0,0,0,0,0,0,0,0,0,1
58.4,0,31.6,119.8,85.2,171.8,173.6,0,0.0,6.6,0.7,2.9,75.4,0,1,0,0,0,0,0,0,1,0,0,0,0,0,0,0,0,0,0,0,0,1
65.4,1,35.9,142.9,90.0,144.3,193.3,1,2.8,6.8,0.9,3.8,65.5,0,1,0,0,0,0,0,0,1,1,1,0,1,0,0,0,0,0,0,0,0,1
57.7,0,34.1,145.2,77.8,192.9,186.3,0,1.6,6.5,2.9,3.6,71.5,0,1,0,0,0,0,0,0,1,1,0,0,0,0,0,0,0,0,0,0,0,1
57.8,1,30.0,115.0,89.8,126.0,194.9,0,2.4,7.6,0.2,3.9,66.8,0,0,0,0,0,0,0,0,0,1,1,0,0,0,0,0,0,0,0,0,0,1
51.7,0,34.3,127.9,86.2,126.0,197.7,0,2.3,6.3,2.2,4.1,65.7,0,0,0,0,0,0,0,0,0,1,1,0,0,0,0,0,0,0,0,0,0,1
61.4,1,26.6,137.8,81.0,175.8,187.3,0,2.9,5.7,8.2,5.3,67.4,0,1,0,0,0,0,0,0,0,1,1,0,0,0,0,0,0,0,0,0,0,1
45.5,1,35.2,127.0,88.9,141.4,163.0,0,2.9,8.8,2.1,1.9,77.5,1,1,0,0,0,0,0,0,1,0,0,0,1,0,0,0,0,0,0,0,0,1
54.0,1,35.6,139.6,90.3,256.7,167.3,1,0.2,7.6,5.9,3.0,81.6,1,1,0,0,0,0,0,0,0,1,1,0,0,0,0,0,0,0,0,0,0,1
63.3,1,34.3,123.3,75.5,126.0,162.2,1,1.5,5.8,5.3,4.6,67.8,0,1,0,0,0,0,0,0,0,1,1,0,1,0,0,0,0,0,0,0,0,1
73.3,1,32.4,144.8,83.6,217.5,210.1,0,2.4,8.4,0.6,3.3,64.8,0,0,0,0,0,0,0,0,0,0,1,0,0,0,0,0,0,0,0,0,0,1
46.9,1,36.3,115.0,90.5,126.0,179.4,1,3.4,9.1,6.3,2.8,67.1,0,0,0,0,0,0,0,0,1,1,0,0,0,0,0,0,0,0,0,0,0,1
56.4,0,30.2,136.3,80.5,175.8,179.4,0,0.0,9.5,0.4,5.3,76.2,0,1,0,0,0,0,0,0,0,1,1,0,1,0,0,0,0,0,0,0,0,1
49.8,1,32.6,145.5,78.2,184.3,192.3,1,1.6,7.2,2.9,4.6,62.3,0,1,0,0,0,0,0,0,0,1,1,0,1,0,0,0,0,0,0,0,0,1
44.6,1,38.4,135.5,72.0,158.2,150.1,0,2.3,8.0,0.6,6.2,65.4,0,1,0,0,0,0,0,0,1,1,0,0,0,0,0,0,0,0,0,0,0,1
43.0,0,31.9,146.9,78.3,198.6,185.9,0,1.4,7.6,9.6,4.7,82.3,0,1,0,0,0,0,0,0,0,1,1,0,0,0,0,0,0,0,0,0,0,1
48.4,0,29.4,142.5,79.8,190.9,147.0,0,1.2,8.3,2.0,3.8,67.4,0,0,0,0,0,0,0,0,0,1,1,0,0,0,0,0,0,0,0,0,0,1
55.4,0,31.6,143.5,87.6,177.3,169.1,0,2.0,6.0,1.5,3.6,79.5,0,1,0,0,0,0,0,0,0,1,1,0,0,0,0,0,0,0,0,0,0,1
49.4,1,30.6,127.9,75.2,135.9,205.1,1,1.2,7.1,0.8,4.4,69.7,0,0,0,0,0,0,0,0,1,1,1,0,1,0,0,0,0,0,0,0,0,1
56.3,0,30.9,117.7,83.5,157.6,165.5,1,2.8,8.9,1.9,2.7,64.7,0,1,0,0,0,0,0,0,1,1,1,0,1,0,0,0,0,0,0,0,0,1
78.8,1,26.8,132.7,91.0,181.0,202.4,0,1.3,6.4,3.3,4.8,71.6,0,0,0,0,0,0,0,0,1,1,1,0,0,0,0,0,0,0,0,0,0,1
61.5,0,35.5,121.9,88.0,126.0,197.4,0,2.1,9.1,0.4,5.3,82.2,0,1,0,0,0,0,0,0,1,1,1,0,0,0,0,0,0,0,0,0,0,1
66.0,0,32.3,137.8,78.2,136.8,121.3,0,2.3,4.8,0.7,4.3,63.8,0,1,0,0,0,0,0,0,1,0,1,0,0,0,0,0,0,0,0,0,0,1
52.4,1,33.1,132.2,72.0,222.6,192.3,0,3.3,6.5,1.1,3.8,68.6,0,1,0,0,0,0,0,0,0,1,1,0,0,0,0,0,0,0,0,0,0,1
58.6,0,32.4,129.2,85.7,175.7,173.6,0,3.0,7.2,3.1,6.5,85.7,0,1,0,0,0,0,0,0,0,1,0,0,0,0,0,0,0,0,0,0,0,1
61.0,0,31.1,129.7,85.9,157.6,211.5,0,1.0,8.6,3.6,4.4,73.7,0,1,0,0,0,0,0,0,1,0,1,0,1,0,0,0,0,0,0,0,0,1
45.6,1,31.0,143.1,87.2,251.2,141.1,0,1.4,8.5,0.1,4.5,63.9,0,1,0,0,0,0,0,0,1,1,0,0,0,0,0,0,0,0,0,0,0,1
64.0,0,37.5,137.0,89.6,156.8,162.8,0,2.0,7.4,2.5,3.6,75.7,0,1,0,0,0,0,0,0,0,0,1,0,1,0,0,0,0,0,0,0,0,1
54.5,0,35.5,141.6,92.5,187.6,174.8,0,3.1,5.8,2.7,3.3,71.6,1,1,0,0,0,0,0,0,0,1,1,0,0,0,0,0,0,0,0,0,0,1
62.2,1,31.6,142.2,77.7,202.4,208.4,0,2.3,7.4,1.4,4.7,61.4,0,1,0,0,0,0,0,0,0,0,0,0,0,0,0,0,0,0,0,0,0,1
51.3,1,26.5,132.7,89.5,194.8,192.8,0,0.0,6.1,1.1,4.8,58.0,0,1,0,0,0,0,0,0,1,1,1,0,0,0,0,0,0,0,0,0,0,1
71.9,1,30.2,125.5,89.1,144.8,182.7,0,1.2,8.4,1.5,2.9,77.4,0,1,0,0,0,0,0,0,1,1,1,0,0,0,0,0,0,0,0,0,0,1
61.3,1,29.9,117.2,84.9,126.0,190.2,0,1.7,7.2,9.4,4.0,76.2,0,1,0,0,0,0,0,0,0,1,1,0,0,0,0,0,0,0,0,0,0,1
64.7,1,35.8,133.2,79.4,217.0,180.9,0,0.4,8.4,0.8,1.0,77.5,1,1,0,0,0,0,0,0,1,1,0,0,0,0,0,0,0,0,0,0,0,1
66.2,0,30.8,149.4,86.0,183.2,198.7,0,3.5,8.6,1.3,1.6,68.0,0,1,0,0,0,0,0,0,0,1,1,0,1,0,0,0,0,0,0,0,0,1
52.0,1,35.9,137.1,72.0,214.9,185.1,0,2.0,6.0,1.1,2.4,77.9,0,0,0,0,0,0,0,0,0,0,1,0,0,0,0,0,0,0,0,0,0,1
54.5,1,37.1,136.8,91.8,126.0,161.9,0,0.0,7.0,2.8,3.9,76.1,0,1,0,0,0,0,0,0,1,0,1,0,0,0,0,0,0,0,0,0,0,1
67.8,1,31.6,133.1,83.7,152.0,198.5,0,0.2,7.5,2.4,4.0,76.5,0,1,0,0,0,0,0,0,1,1,1,0,0,0,0,0,0,0,0,0,0,1
55.7,0,35.1,141.1,93.1,148.3,154.5,1,1.5,7.9,0.8,1.0,79.6,0,1,0,0,0,0,0,0,1,1,1,0,0,0,0,0,0,0,0,0,0,1
65.6,0,35.2,150.3,80.6,162.4,179.0,0,2.9,6.5,1.1,5.6,71.1,0,1,0,0,0,0,0,0,0,1,1,0,0,0,0,0,0,0,0,0,0,1
63.0,1,40.8,139.0,77.1,170.1,189.9,0,0.4,7.0,6.1,4.5,72.3,0,1,0,0,0,0,0,0,1,1,1,0,0,0,0,0,0,0,0,0,0,1
41.4,0,34.9,133.2,77.9,176.0,165.9,0,1.5,8.1,1.3,5.5,68.2,0,0,0,0,0,0,0,0,0,0,0,0,0,0,0,0,0,0,0,0,0,1
35.0,1,30.9,122.1,72.1,144.0,184.7,0,0.5,5.4,1.7,3.9,76.7,0,1,0,0,0,0,0,0,1,1,1,0,0,0,0,0,0,0,0,0,0,1
72.8,1,34.1,136.5,90.2,139.5,192.6,1,1.6,6.5,0.4,5.1,82.9,0,1,0,0,0,0,0,0,1,1,1,0,1,0,0,0,0,0,0,0,0,1
65.3,0,31.5,128.0,80.1,137.3,145.5,0,1.4,6.7,0.7,3.7,70.6,0,1,0,0,0,0,0,0,0,1,1,0,1,0,0,0,0,0,0,0,0,1
54.6,1,29.0,134.1,82.7,160.0,187.0,0,1.6,8.6,1.6,2.0,76.8,0,0,0,0,0,0,0,0,1,1,1,0,1,0,0,0,0,0,0,0,0,1
61.3,0,33.6,128.1,87.0,165.7,171.4,0,1.4,7.6,3.2,2.9,65.0,0,0,0,0,0,0,0,0,1,0,1,0,1,0,0,0,0,0,0,0,0,1
56.5,0,27.8,119.0,77.1,134.4,194.7,0,1.5,7.7,6.4,3.4,80.0,0,0,0,0,0,0,0,0,1,1,1,0,1,0,0,0,0,0,0,0,0,1
52.0,0,26.5,131.8,89.8,126.0,176.1,0,2.5,4.7,0.8,3.1,85.1,0,1,0,0,0,0,0,0,0,1,1,0,0,0,0,0,0,0,0,0,0,1
40.0,0,34.3,170.8,91.2,187.9,156.7,0,1.7,7.6,1.1,4.1,62.9,0,1,0,0,0,0,0,0,1,1,1,0,0,0,0,0,0,0,0,0,0,1
53.9,1,30.9,162.7,85.7,185.3,179.3,0,0.3,7.1,3.1,2.7,77.1,0,1,0,0,0,0,0,0,1,0,1,0,0,0,0,0,0,0,0,0,0,1
56.5,1,42.4,131.7,85.1,227.4,162.1,1,0.9,9.1,7.0,2.3,78.1,0,1,0,0,0,0,0,0,1,1,1,0,0,0,0,0,0,0,0,0,0,1
59.0,0,29.4,121.0,83.4,169.9,192.0,1,2.6,7.7,2.2,5.1,75.5,0,1,0,0,0,0,0,0,0,0,1,0,1,0,0,0,0,0,0,0,0,1
56.2,1,29.1,115.0,85.9,189.9,172.1,0,0.9,9.1,2.7,2.8,70.9,0,1,0,0,0,0,0,0,1,1,1,0,0,0,0,0,0,0,0,0,0,1
51.5,1,31.2,131.4,84.4,154.8,212.5,0,2.8,5.5,1.0,3.1,71.6,0,1,0,0,0,0,0,0,1,1,1,0,0,0,0,0,0,0,0,0,0,1
60.9,0,36.3,126.3,72.2,162.3,202.0,0,2.0,8.1,0.5,2.5,81.8,0,1,0,0,0,0,0,0,0,1,1,0,0,0,0,0,0,0,0,0,0,1
52.4,0,32.8,119.6,92.3,135.4,170.6,1,0.7,7.5,0.4,5.9,62.2,0,1,0,0,0,0,0,0,1,1,0,0,0,0,0,0,0,0,0,0,0,1
50.1,0,33.0,134.0,84.0,161.9,180.1,1,0.6,7.3,6.4,4.1,63.7,0,0,0,0,0,0,0,0,0,1,1,0,1,0,0,0,0,0,0,0,0,1
53.3,1,28.9,116.3,74.8,197.6,181.9,0,1.1,7.2,0.3,4.5,61.7,0,1,0,0,0,0,0,0,0,1,1,0,0,0,0,0,0,0,0,0,0,1
64.4,1,43.2,150.2,76.4,181.6,183.4,1,0.9,8.4,5.6,1.3,75.0,0,1,0,0,0,0,0,0,1,1,1,0,0,0,0,0,0,0,0,0,0,1
42.8,1,30.8,126.0,87.6,141.2,158.9,0,1.5,6.7,4.9,4.2,62.2,0,1,0,0,0,0,0,0,1,1,1,0,1,0,0,0,0,0,0,0,0,1
36.3,1,33.1,144.5,79.8,139.3,171.5,0,3.5,6.1,0.5,4.2,68.5,0,0,0,0,0,0,0,0,1,1,1,0,0,0,0,0,0,0,0,0,0,1
60.4,1,36.1,120.0,77.8,179.7,149.9,0,1.2,8.0,5.8,5.1,68.6,0,1,0,0,0,0,0,0,1,0,1,0,0,0,0,0,0,0,0,0,0,1
61.0,1,32.3,117.3,72.0,126.0,178.1,0,0.9,7.5,1.8,6.5,65.7,0,1,0,0,0,0,0,0,1,1,1,0,0,0,0,0,0,0,0,0,0,1
46.9,0,26.6,148.2,84.8,165.2,181.3,1,1.5,9.1,0.2,2.3,63.7,0,1,0,0,0,0,0,0,1,1,1,0,0,0,0,0,0,0,0,0,0,1
47.0,1,32.8,143.8,83.1,126.0,179.8,1,1.9,7.6,0.6,4.3,66.9,0,1,0,0,0,0,0,0,1,1,1,0,1,0,0,0,0,0,0,0,0,1
62.8,0,28.2,133.1,83.8,126.0,220.5,0,0.2,6.7,8.2,4.3,65.0,0,1,0,0,0,0,0,0,1,1,1,0,1,0,0,0,0,0,0,0,0,1
54.8,0,26.5,140.2,75.3,199.0,169.3,1,0.9,6.7,0.7,2.0,71.7,0,0,0,0,0,0,0,0,0,1,1,0,1,0,0,0,0,0,0,0,0,1
69.1,0,31.1,122.2,92.5,171.7,169.6,0,1.3,9.5,0.5,3.6,67.8,0,1,0,0,0,0,0,0,0,1,1,0,1,0,0,0,0,0,0,0,0,1
48.6,0,26.5,127.8,78.8,150.0,207.0,0,1.4,5.3,0.7,3.9,74.9,0,1,0,0,0,0,0,0,1,1,1,0,1,0,0,0,0,0,0,0,0,1
50.3,1,31.6,125.7,87.0,141.1,206.9,0,1.5,7.7,0.2,4.0,69.1,0,1,0,0,0,0,0,0,1,1,0,0,1,0,0,0,0,0,0,0,0,1
63.7,1,30.8,147.2,88.3,154.5,157.5,0,0.3,8.5,2.7,2.4,74.6,0,0,0,0,0,0,0,0,0,1,1,0,0,0,0,0,0,0,0,0,0,1
55.8,0,31.1,130.0,85.7,147.8,167.4,0,0.9,5.1,1.0,3.2,64.0,0,1,0,0,0,0,0,0,0,1,1,0,0,0,0,0,0,0,0,0,0,1
57.5,1,31.4,126.2,81.2,139.7,138.0,0,0.1,5.5,4.0,4.9,65.7,0,1,0,0,0,0,0,0,0,1,1,0,0,0,0,0,0,0,0,0,0,1
73.5,1,32.2,125.1,85.3,166.8,218.4,0,0.0,7.6,2.4,2.8,64.1,0,1,0,0,0,0,0,0,1,1,1,0,1,0,0,0,0,0,0,0,0,1
51.2,1,32.4,132.5,75.9,176.8,183.4,0,3.1,6.7,1.1,4.6,67.7,0,0,0,0,0,0,0,0,0,1,1,0,0,0,0,0,0,0,0,0,0,1
44.7,0,31.3,132.3,81.8,169.5,193.2,0,2.1,7.4,3.4,3.8,63.0,0,0,0,0,0,0,0,0,0,1,1,0,0,0,0,0,0,0,0,0,0,1
47.8,0,35.9,125.3,87.4,194.2,171.7,1,3.5,7.6,7.9,3.9,87.2,1,0,0,0,0,0,0,0,0,1,1,0,1,0,0,0,0,0,0,0,0,1
64.5,1,35.0,140.4,75.1,192.2,185.7,0,2.4,8.6,1.7,2.4,69.1,0,1,0,0,0,0,0,0,1,1,1,0,1,0,0,0,0,0,0,0,0,1
50.2,1,26.5,115.8,78.3,173.4,164.9,0,0.4,8.4,0.0,3.4,77.8,0,0,0,0,0,0,0,0,1,1,1,0,0,0,0,0,0,0,0,0,0,1
45.2,1,33.5,115.0,79.4,179.0,187.3,0,3.0,6.6,6.8,4.6,64.4,0,1,0,0,0,0,0,0,0,0,0,0,0,0,0,0,0,0,0,0,0,1
66.7,0,33.1,135.0,77.6,188.0,162.7,0,2.0,6.9,4.3,4.6,86.6,0,1,0,0,0,0,0,0,0,0,1,0,0,0,0,0,0,0,0,0,0,1
75.0,0,32.8,115.0,75.7,170.2,164.4,0,1.4,8.2,3.8,3.2,67.1,0,1,0,0,0,0,0,0,1,1,1,0,1,0,0,0,0,0,0,0,0,1
46.5,1,31.9,128.1,96.9,164.0,181.5,0,1.7,7.8,12.7,2.6,78.2,0,1,0,0,0,0,0,0,0,0,0,0,0,0,0,0,0,0,0,0,0,1
38.4,0,31.1,128.0,72.0,156.0,196.6,0,1.9,5.6,0.4,4.9,73.0,0,1,0,0,0,0,0,0,1,1,1,0,0,0,0,0,0,0,0,0,0,1
59.2,0,40.3,123.2,102.6,187.4,205.9,0,1.1,5.4,2.6,2.3,91.5,0,1,0,0,0,0,0,0,1,1,1,0,0,0,0,0,0,0,0,0,0,1
51.9,0,31.1,135.1,80.6,191.2,185.1,0,2.4,7.5,2.4,5.3,69.3,0,0,0,0,0,0,0,0,1,1,1,0,1,0,0,0,0,0,0,0,0,1
58.2,0,33.6,123.1,94.9,170.1,163.3,0,1.1,7.2,1.5,3.3,72.1,0,0,0,0,0,0,0,0,0,1,1,0,0,0,0,0,0,0,0,0,0,1
59.7,1,43.6,147.0,91.8,168.3,189.2,0,3.2,6.1,4.8,4.2,80.2,0,1,0,0,0,0,0,0,0,1,1,0,1,0,0,0,0,0,0,0,0,1
53.3,1,26.7,133.3,74.7,153.9,209.9,1,2.3,7.0,2.8,5.2,65.6,0,1,0,0,0,0,0,0,1,1,1,0,0,0,0,0,0,0,0,0,0,1
66.0,0,28.2,115.4,82.3,151.2,149.0,0,2.5,7.4,3.1,3.2,75.0,0,1,0,0,0,0,0,0,1,1,1,0,0,0,0,0,0,0,0,0,0,1
43.3,0,29.5,136.1,81.2,209.0,157.1,0,0.3,7.1,0.2,4.4,67.3,0,1,0,0,0,0,0,0,1,1,0,0,1,0,0,0,0,0,0,0,0,1
56.0,0,36.1,141.5,83.2,202.7,191.7,0,2.0,7.9,0.4,5.2,64.8,0,1,0,0,0,0,0,0,1,0,1,0,0,0,0,0,0,0,0,0,0,1
70.0,1,34.8,130.7,85.6,141.5,157.7,0,2.4,6.3,1.1,1.6,79.1,0,0,0,0,0,0,0,0,1,0,1,0,0,0,0,0,0,0,0,0,0,1
53.0,1,30.0,150.1,82.3,166.0,158.8,0,0.3,7.4,6.3,6.5,68.5,0,1,0,0,0,0,0,0,1,1,1,0,0,0,0,0,0,0,0,0,0,1
50.2,1,26.5,115.4,83.2,190.6,187.2,0,2.7,8.5,1.4,4.5,66.8,0,1,0,0,0,0,0,0,1,1,0,0,1,0,0,0,0,0,0,0,0,1
66.0,0,27.6,139.8,94.1,198.6,165.3,0,0.5,6.2,0.4,2.7,73.4,0,1,0,0,0,0,0,0,0,1,1,0,1,0,0,0,0,0,0,0,0,1
53.1,1,31.9,139.8,87.6,150.0,152.7,0,0.8,7.9,0.3,3.0,70.4,0,0,0,0,0,0,0,0,0,1,1,0,0,0,0,0,0,0,0,0,0,1
49.1,1,26.5,129.9,92.1,195.8,198.5,0,1.4,6.6,5.4,4.6,63.3,0,1,0,0,0,0,0,0,0,1,1,0,0,0,0,0,0,0,0,0,0,1
70.5,1,36.7,115.0,83.0,126.0,150.4,0,0.3,7.2,1.8,2.9,70.9,0,0,0,0,0,0,0,0,0,1,1,0,0,0,0,0,0,0,0,0,0,1
46.4,1,32.1,121.9,76.2,196.4,173.9,0,1.3,7.3,0.8,3.1,71.5,0,0,0,0,0,0,0,0,1,1,1,0,1,0,0,0,0,0,0,0,0,1
51.8,1,32.6,137.7,77.2,177.3,203.4,0,1.7,5.7,0.5,3.0,73.8,0,1,0,0,0,0,0,0,0,1,1,0,0,0,0,0,0,0,0,0,0,1
60.6,0,26.5,124.0,74.5,132.5,152.7,1,0.1,7.4,0.9,5.8,73.3,0,0,0,0,0,0,0,0,0,1,1,0,1,0,0,0,0,0,0,0,0,1
35.0,0,38.3,132.0,72.0,134.7,162.5,0,1.6,7.6,0.2,4.7,75.7,0,1,0,0,0,0,0,0,0,1,1,0,0,0,0,0,0,0,0,0,0,1
56.7,1,29.8,136.4,83.7,144.7,172.7,0,2.5,8.6,0.3,3.2,78.7,0,1,0,0,0,0,0,0,1,1,1,0,0,0,0,0,0,0,0,0,0,1
59.6,1,27.1,136.2,75.3,126.0,144.8,0,2.6,8.3,1.2,3.9,72.0,0,0,0,0,0,0,0,0,1,0,1,0,1,0,0,0,0,0,0,0,0,1
70.3,0,36.0,147.5,79.0,216.6,185.6,0,0.0,7.1,1.1,2.5,64.0,1,1,0,0,0,0,0,0,0,1,1,0,0,0,0,0,0,0,0,0,0,1
44.1,0,39.5,144.5,73.6,174.7,197.6,0,1.2,6.1,6.6,5.4,57.7,0,0,0,0,0,0,0,0,1,1,1,0,0,0,0,0,0,0,0,0,0,1
46.1,1,32.1,127.3,98.5,126.0,177.6,0,0.7,6.5,1.2,3.9,73.2,0,1,0,0,0,0,0,0,1,0,1,0,0,0,0,0,0,0,0,0,0,1
55.5,0,37.3,125.5,94.4,131.7,166.3,0,1.2,7.3,1.1,3.9,72.4,0,0,0,0,0,0,0,0,1,1,1,0,0,0,0,0,0,0,0,0,0,1
48.7,1,29.8,115.0,85.0,153.0,186.9,0,1.6,9.0,5.3,3.6,85.2,0,1,0,0,0,0,0,0,1,1,1,0,0,0,0,0,0,0,0,0,0,1
51.2,0,26.5,143.1,86.1,156.9,187.6,1,0.0,6.7,0.1,4.8,73.2,0,1,0,0,0,0,0,0,1,1,1,0,0,0,0,0,0,0,0,0,0,1
53.1,1,29.2,145.9,81.9,155.0,188.4,1,1.7,7.1,2.1,3.6,74.5,0,1,0,0,0,0,0,0,0,1,0,0,0,0,0,0,0,0,0,0,0,1
49.7,0,31.9,125.3,93.8,132.9,176.1,0,0.6,6.9,0.4,2.9,81.1,0,1,0,0,0,0,0,0,1,1,1,0,0,0,0,0,0,0,0,0,0,1
63.2,0,34.3,140.7,93.1,180.0,193.5,0,2.7,8.5,3.5,3.2,82.6,0,0,0,0,0,0,0,0,1,1,1,0,0,0,0,0,0,0,0,0,0,1
40.0,1,26.5,138.9,91.9,195.9,200.7,0,2.2,7.3,1.0,1.7,68.2,0,1,0,0,0,0,0,0,0,1,1,0,0,0,0,0,0,0,0,0,0,1
67.1,0,36.0,133.4,85.0,200.7,204.3,0,2.5,7.5,2.4,4.9,59.6,0,0,0,0,0,0,0,0,1,1,1,0,0,0,0,0,0,0,0,0,0,1
58.5,0,31.5,134.0,87.5,200.7,151.7,0,1.2,7.2,3.3,3.0,68.9,0,1,0,0,0,0,0,0,1,1,1,0,0,0,0,0,0,0,0,0,0,1
54.9,1,34.8,140.0,77.0,165.0,160.7,1,1.0,7.8,0.7,2.9,88.6,0,1,0,0,0,0,0,0,0,0,1,0,0,0,0,0,0,0,0,0,0,1
61.0,0,31.8,122.3,86.5,178.1,149.2,1,0.0,8.4,1.0,5.0,77.0,0,0,0,0,0,0,0,0,0,1,0,0,0,0,0,0,0,0,0,0,0,1
45.9,0,27.3,128.7,83.7,190.7,174.6,0,1.3,8.1,1.9,1.5,80.9,0,1,0,0,0,0,0,0,1,0,1,0,0,0,0,0,0,0,0,0,0,1
37.9,1,35.6,125.4,88.9,156.7,193.5,1,1.6,6.7,8.7,3.5,72.7,0,0,0,0,0,0,0,0,1,1,1,0,0,0,0,0,0,0,0,0,0,1
41.4,0,30.3,132.7,98.5,126.0,221.1,0,0.0,7.4,1.6,4.2,68.2,0,0,0,0,0,0,0,0,0,1,1,0,0,0,0,0,0,0,0,0,0,1
48.0,1,29.2,137.3,87.8,136.2,177.2,1,0.5,6.4,3.1,2.8,68.9,0,1,0,0,0,0,0,0,1,1,1,0,0,0,0,0,0,0,0,0,0,1
35.0,1,26.5,118.9,90.9,148.5,179.9,0,0.9,8.2,6.0,1.0,72.7,0,1,0,0,0,0,0,0,1,1,0,0,1,0,0,0,0,0,0,0,0,1
68.9,1,29.7,135.6,98.3,177.5,177.4,1,2.0,5.1,1.5,3.3,72.6,0,1,0,0,0,0,0,0,1,1,1,0,0,0,0,0,0,0,0,0,0,1
64.8,0,35.2,139.0,77.6,179.5,184.2,0,2.1,4.5,4.0,4.6,60.5,0,0,0,0,0,0,0,0,1,1,0,0,0,0,0,0,0,0,0,0,0,1
56.4,1,36.5,124.6,72.0,142.6,165.7,0,0.4,6.3,3.2,5.7,74.5,0,1,0,0,0,0,0,0,0,0,1,0,0,0,0,0,0,0,0,0,0,1
62.8,0,38.2,140.0,90.8,130.3,174.6,1,0.8,8.1,0.1,6.5,80.8,0,1,0,0,0,0,0,0,1,1,1,0,0,0,0,0,0,0,0,0,0,1
55.1,1,33.4,141.2,77.2,177.7,181.2,0,1.3,6.8,0.5,4.9,74.6,0,0,0,0,0,0,0,0,0,1,0,0,1,0,0,0,0,0,0,0,0,1
71.2,1,33.1,146.8,81.5,126.0,176.1,0,2.6,6.2,0.3,4.6,68.0,0,0,0,0,0,0,0,0,1,1,1,0,1,0,0,0,0,0,0,0,0,1
45.0,0,26.5,144.4,77.9,138.2,171.6,1,2.5,6.0,0.5,3.1,65.5,0,1,0,0,0,0,0,0,0,1,1,0,0,0,0,0,0,0,0,0,0,1
65.2,0,36.2,115.0,72.0,174.8,167.3,0,2.6,6.1,4.5,2.9,74.8,0,0,0,0,0,0,0,0,0,0,1,0,1,0,0,0,0,0,0,0,0,1
35.0,1,32.5,122.0,93.6,156.0,192.5,1,0.5,7.1,1.8,5.0,68.2,1,1,0,0,0,0,0,0,1,0,1,0,1,0,0,0,0,0,0,0,0,1
56.5,1,33.1,127.9,72.0,142.7,134.4,0,2.0,8.6,3.1,4.5,67.9,0,1,0,0,0,0,0,0,1,1,0,0,0,0,0,0,0,0,0,0,0,1
55.0,1,26.5,132.9,84.2,170.4,161.5,1,1.3,6.7,3.8,4.0,68.9,0,1,0,0,0,0,0,0,1,1,1,0,1,0,0,0,0,0,0,0,0,1
57.8,1,41.5,129.4,88.6,126.0,175.7,0,1.0,7.7,2.2,3.2,80.5,0,1,0,0,0,0,0,0,0,1,1,0,1,0,0,0,0,0,0,0,0,1
75.2,0,34.5,131.4,91.6,156.6,196.1,0,2.4,7.5,4.1,3.8,69.1,0,1,0,0,0,0,0,0,1,1,1,0,0,0,0,0,0,0,0,0,0,1
59.8,1,27.7,128.7,85.3,193.1,160.2,0,3.2,8.0,8.4,2.2,82.6,0,0,0,0,0,0,0,0,1,1,1,0,0,0,0,0,0,0,0,0,0,1
68.0,0,35.0,140.0,77.1,182.1,168.7,1,0.3,8.8,6.3,3.7,67.2,0,0,0,0,0,0,0,0,0,1,1,0,0,0,0,0,0,0,0,0,0,1
69.0,0,36.0,123.7,85.8,194.3,161.1,1,0.0,7.8,0.1,5.6,77.6,0,0,0,0,0,0,0,0,1,1,1,0,1,0,0,0,0,0,0,0,0,1
57.4,1,31.6,143.1,81.4,126.0,159.5,0,1.8,6.0,2.3,1.2,72.1,0,1,0,0,0,0,0,0,0,1,1,0,0,0,0,0,0,0,0,0,0,1
47.2,0,32.1,115.0,90.6,151.2,158.9,0,1.4,6.9,0.2,2.4,70.8,0,1,0,0,0,0,0,0,0,1,1,0,0,0,0,0,0,0,0,0,0,1
50.5,0,31.2,131.5,84.9,147.3,193.2,0,0.7,8.0,0.3,4.0,66.6,0,0,0,0,0,0,0,0,1,1,1,0,0,0,0,0,0,0,0,0,0,1
45.9,1,31.8,145.8,84.3,198.8,225.3,1,2.2,6.6,6.2,3.4,62.9,0,1,0,0,0,0,0,0,0,1,1,0,0,0,0,0,0,0,0,0,0,1
48.5,1,30.1,133.6,87.2,126.0,190.3,1,0.4,5.1,3.0,4.0,82.6,0,1,0,0,0,0,0,0,0,1,1,0,1,0,0,0,0,0,0,0,0,1
54.2,1,26.5,134.0,81.4,167.9,157.2,0,0.8,7.1,1.1,1.9,59.7,0,0,0,0,0,0,0,0,0,1,0,0,0,0,0,0,0,0,0,0,0,1
44.3,1,33.2,132.3,84.7,194.9,170.9,1,2.0,7.5,1.8,6.5,73.1,0,0,0,0,0,0,0,0,0,1,1,0,0,0,0,0,0,0,0,0,0,1
50.1,0,27.6,156.5,88.0,172.6,174.8,0,2.1,5.6,7.0,5.6,77.2,0,1,0,0,0,0,0,0,1,0,1,0,0,0,0,0,0,0,0,0,0,1
78.7,1,33.7,152.1,90.9,164.9,164.8,0,2.6,6.0,0.4,2.6,76.8,0,0,0,0,0,0,0,0,1,1,1,0,0,0,0,0,0,0,0,0,0,1
55.8,0,26.8,155.5,89.8,149.2,153.8,0,1.3,6.8,0.4,4.1,54.7,0,1,0,0,0,0,0,0,1,1,1,0,0,0,0,0,0,0,0,0,0,1
63.5,1,26.5,145.7,95.3,126.0,171.2,1,1.9,6.6,14.1,3.4,85.7,0,1,0,0,0,0,0,0,1,0,1,0,0,0,0,0,0,0,0,0,0,1
64.1,0,35.6,148.7,87.1,126.0,203.2,0,1.4,6.8,0.5,4.9,77.1,0,1,0,0,0,0,0,0,1,1,1,0,0,0,0,0,0,0,0,0,0,1
74.3,0,29.2,120.2,92.9,149.2,195.4,0,2.8,8.8,2.0,4.3,73.4,0,1,0,0,0,0,0,0,1,1,0,0,0,0,0,0,0,0,0,0,0,1
68.6,1,28.2,135.0,83.4,181.9,171.0,1,1.1,7.6,0.4,3.8,66.8,0,1,0,0,0,0,0,0,1,1,1,0,1,0,0,0,0,0,0,0,0,1
66.8,0,30.2,115.0,89.3,167.4,156.4,1,0.1,6.9,1.0,4.9,89.1,1,0,0,0,0,0,0,0,1,1,1,0,0,0,0,0,0,0,0,0,0,1
53.1,1,31.6,137.0,78.7,171.6,192.8,0,2.4,7.6,4.8,1.8,78.2,1,1,0,0,0,0,0,0,1,1,1,0,0,0,0,0,0,0,0,0,0,1
71.7,1,26.5,126.8,90.4,130.0,158.8,0,2.9,7.4,0.8,4.4,56.4,0,1,0,0,0,0,0,0,1,1,1,0,1,0,0,0,0,0,0,0,0,1
58.6,1,33.4,136.4,82.5,167.4,154.0,0,1.0,6.5,2.4,6.2,72.5,0,1,0,0,0,0,0,0,0,1,1,0,1,0,0,0,0,0,0,0,0,1
74.3,1,30.8,115.0,77.4,179.1,177.3,0,1.6,7.0,1.6,2.3,77.9,1,1,0,0,0,0,0,0,0,1,1,0,1,0,0,0,0,0,0,0,0,1
43.4,1,37.5,126.3,95.3,159.1,169.7,0,0.9,6.4,0.4,2.4,73.6,0,1,0,0,0,0,0,0,1,1,1,0,1,0,0,0,0,0,0,0,0,1
52.7,1,31.6,149.0,83.2,197.1,172.1,0,1.1,7.4,2.3,5.5,68.8,0,1,0,0,0,0,0,0,0,1,1,0,0,0,0,0,0,0,0,0,0,1
70.6,0,26.5,130.9,92.4,147.0,193.9,0,0.4,7.3,4.4,1.9,80.8,0,1,0,0,0,0,0,0,1,1,1,0,1,0,0,0,0,0,0,0,0,1
53.3,1,26.6,139.4,91.3,247.2,185.2,0,1.1,7.3,0.1,3.6,76.6,0,1,0,0,0,0,0,0,1,1,1,0,0,0,0,0,0,0,0,0,0,1
59.7,0,30.7,142.4,87.2,165.9,204.5,0,1.2,6.6,0.3,6.5,65.3,0,0,0,0,0,0,0,0,1,1,1,0,1,0,0,0,0,0,0,0,0,1
53.3,0,29.9,144.7,99.2,148.8,151.8,1,1.7,8.0,4.7,2.7,59.1,0,1,0,0,0,0,0,0,1,1,1,0,1,0,0,0,0,0,0,0,0,1
69.3,1,32.6,117.9,87.6,160.5,156.7,0,1.0,7.6,2.4,5.0,73.2,0,1,0,0,0,0,0,0,0,1,1,0,0,0,0,0,0,0,0,0,0,1
54.3,0,36.1,153.0,72.0,158.6,188.4,0,2.5,8.9,2.3,3.8,75.0,0,1,0,0,0,0,0,0,0,1,1,0,1,0,0,0,0,0,0,0,0,1
41.4,0,26.5,138.0,87.2,186.5,196.4,0,0.7,7.0,2.3,2.2,67.9,0,0,0,0,0,0,0,0,0,1,1,0,0,0,0,0,0,0,0,0,0,1
60.4,0,26.5,135.1,83.5,205.5,187.7,0,1.4,7.4,9.5,4.0,61.9,0,1,0,0,0,0,0,0,1,1,1,0,0,0,0,0,0,0,0,0,0,1
44.7,1,33.8,124.0,94.9,146.0,190.2,0,1.2,9.0,4.1,4.7,74.8,0,1,0,0,0,0,0,0,1,0,1,0,0,0,0,0,0,0,0,0,0,1
55.1,0,38.5,115.0,84.3,135.9,168.3,0,1.6,6.5,1.1,3.8,71.6,0,0,0,0,0,0,0,0,0,1,1,0,1,0,0,0,0,0,0,0,0,1
44.0,1,26.5,120.7,75.0,189.7,198.6,0,1.6,8.1,1.1,4.3,65.6,0,1,0,0,0,0,0,0,1,1,1,0,1,0,0,0,0,0,0,0,0,1
63.7,0,26.5,139.9,81.9,204.5,145.5,0,0.6,6.3,0.7,3.9,70.5,1,1,0,0,0,0,0,0,1,1,1,0,0,0,0,0,0,0,0,0,0,1
54.8,1,36.9,135.0,72.0,151.5,158.8,0,2.5,5.9,0.9,5.0,72.3,0,1,0,0,0,0,0,0,0,1,0,0,1,0,0,0,0,0,0,0,0,1
64.8,1,31.3,127.5,85.7,165.8,179.5,1,0.0,6.2,3.4,3.8,76.1,0,1,0,0,0,0,0,0,1,1,1,0,0,0,0,0,0,0,0,0,0,1
52.8,0,32.5,136.7,74.6,167.1,195.1,0,1.8,6.7,3.2,2.3,77.3,0,1,0,0,0,0,0,0,0,1,1,0,0,0,0,0,0,0,0,0,0,1
54.3,0,35.6,115.0,91.2,191.0,181.3,0,1.6,5.8,0.1,3.1,65.8,0,1,0,0,0,0,0,0,0,0,1,0,0,0,0,0,0,0,0,0,0,1
43.3,0,34.3,127.5,79.2,177.1,188.6,0,1.8,7.3,1.3,1.0,74.9,0,0,0,0,0,0,0,0,1,1,0,0,0,0,0,0,0,0,0,0,0,1
52.6,1,28.6,123.1,92.4,167.0,178.5,1,2.9,7.2,0.6,1.5,79.3,0,1,0,0,0,0,0,0,0,1,1,0,0,0,0,0,0,0,0,0,0,1
60.3,1,32.6,132.9,75.9,158.0,187.8,1,3.1,7.9,0.1,5.9,71.7,0,1,0,0,0,0,0,0,0,1,1,0,0,0,0,0,0,0,0,0,0,1
68.6,0,33.4,144.0,96.4,180.1,190.6,0,1.3,7.5,4.7,4.5,66.7,0,1,0,0,0,0,0,0,0,1,1,0,1,0,0,0,0,0,0,0,0,1
54.5,1,31.0,144.4,82.9,227.2,171.5,1,0.0,6.3,0.7,3.4,77.7,0,1,0,0,0,0,0,0,1,1,1,0,0,0,0,0,0,0,0,0,0,1
53.6,0,28.4,122.1,77.8,147.8,202.8,0,2.3,6.9,1.1,6.1,64.5,0,1,0,0,0,0,0,0,1,0,1,0,0,0,0,0,0,0,0,0,0,1
37.9,0,35.1,131.4,85.5,183.3,157.7,0,1.0,6.3,0.2,3.6,87.4,0,1,0,0,0,0,0,0,1,1,1,0,0,0,0,0,0,0,0,0,0,1
55.9,0,26.5,125.7,83.8,185.9,164.4,0,2.8,7.4,1.6,4.9,72.3,0,0,0,0,0,0,0,0,1,1,0,0,0,0,0,0,0,0,0,0,0,1
70.6,0,33.1,116.2,82.9,216.2,221.2,0,1.8,7.1,1.2,5.1,78.1,0,0,0,0,0,0,0,0,0,0,1,0,0,0,0,0,0,0,0,0,0,1
59.5,1,36.6,121.3,73.5,192.1,156.0,0,0.5,7.8,6.5,2.4,65.3,0,0,0,0,0,0,0,0,0,0,1,0,0,0,0,0,0,0,0,0,0,1
44.4,1,26.5,143.1,72.0,167.5,178.3,0,1.1,7.4,1.6,5.0,63.0,0,1,0,0,0,0,0,0,0,0,0,0,0,0,0,0,0,0,0,0,0,1
50.6,0,33.1,128.1,91.7,203.1,147.3,0,1.8,7.1,3.4,2.0,65.1,0,0,0,0,0,0,0,0,0,1,1,0,0,0,0,0,0,0,0,0,0,1
51.5,1,31.2,144.9,78.4,198.9,186.8,1,2.1,7.9,2.1,3.7,75.8,0,1,0,0,0,0,0,0,0,1,1,0,0,0,0,0,0,0,0,0,0,1
57.4,0,30.1,132.2,79.9,158.6,177.8,0,1.4,6.7,6.1,5.5,70.6,1,0,0,0,0,0,0,0,1,1,1,0,0,0,0,0,0,0,0,0,0,1
56.0,1,29.1,133.4,82.1,128.2,163.6,1,1.5,7.9,2.1,2.0,74.6,0,1,0,0,0,0,0,0,1,1,1,0,1,0,0,0,0,0,0,0,0,1
55.1,1,31.3,147.1,86.9,207.5,180.8,0,1.9,8.3,1.6,1.9,69.8,0,1,0,0,0,0,0,0,1,1,1,0,1,0,0,0,0,0,0,0,0,1
61.1,0,32.5,122.2,83.7,134.4,166.0,0,0.5,8.2,1.8,3.3,71.0,0,1,0,0,0,0,0,0,1,1,1,0,0,0,0,0,0,0,0,0,0,1
60.3,1,41.3,128.1,90.6,167.9,167.6,0,2.1,7.4,1.3,4.0,59.0,0,1,0,0,0,0,0,0,1,1,1,0,0,0,0,0,0,0,0,0,0,1
50.5,0,28.5,115.0,78.4,240.0,160.2,0,1.5,6.7,0.2,3.3,72.8,0,1,0,0,0,0,0,0,1,1,0,0,0,0,0,0,0,0,0,0,0,1
60.9,1,36.8,124.2,82.5,151.6,178.8,0,2.5,7.0,2.4,3.2,78.3,0,0,0,0,0,0,0,0,1,1,1,0,1,0,0,0,0,0,0,0,0,1
53.6,0,29.1,127.1,92.8,154.5,196.2,0,1.1,6.9,0.0,5.3,63.9,0,1,0,0,0,0,0,0,0,1,0,0,0,0,0,0,0,0,0,0,0,1
57.4,1,28.5,128.7,84.4,169.5,156.2,1,2.6,6.0,3.1,4.2,60.6,0,1,0,0,0,0,0,0,0,0,1,0,0,0,0,0,0,0,0,0,0,1
42.8,1,27.5,137.7,79.4,185.8,204.2,0,0.0,5.6,2.0,5.1,61.1,0,1,0,0,0,0,0,0,1,1,1,0,1,0,0,0,0,0,0,0,0,1
81.3,1,36.5,150.5,77.6,157.4,158.8,0,1.6,5.5,5.1,6.5,61.1,0,1,0,0,0,0,0,0,0,1,1,0,0,0,0,0,0,0,0,0,0,1
42.5,0,31.7,136.2,72.0,151.7,145.5,0,0.3,8.1,2.1,3.8,74.8,0,0,0,0,0,0,0,0,0,1,1,0,0,0,0,0,0,0,0,0,0,1
56.6,1,27.8,126.6,88.6,206.9,160.8,1,1.3,7.8,0.9,1.8,80.4,0,0,0,0,0,0,0,0,1,1,1,0,1,0,0,0,0,0,0,0,0,1
67.6,0,29.2,136.1,73.4,176.1,154.3,0,0.0,6.7,0.8,4.6,76.5,0,1,0,0,0,0,0,0,0,1,1,0,0,0,0,0,0,0,0,0,0,1
54.7,0,33.8,130.7,80.7,126.0,182.5,1,1.5,8.7,0.9,3.7,68.3,0,0,0,0,0,0,0,0,1,1,1,0,1,0,0,0,0,0,0,0,0,1
46.5,1,32.1,135.4,81.5,183.6,178.0,0,0.5,7.1,0.6,2.2,74.3,0,1,0,0,0,0,0,0,1,1,1,0,1,0,0,0,0,0,0,0,0,1
44.9,1,36.9,128.2,82.2,230.6,150.4,1,0.0,7.3,2.0,4.4,77.0,0,1,0,0,0,0,0,0,1,1,1,0,0,0,0,0,0,0,0,0,0,1
46.0,1,30.3,137.3,82.0,134.1,174.3,1,0.5,8.4,0.7,3.8,78.1,0,1,0,0,0,0,0,0,1,1,1,0,0,0,0,0,0,0,0,0,0,1
48.2,1,34.0,138.8,84.8,126.0,178.5,1,2.2,7.7,3.3,3.5,70.3,0,1,0,0,0,0,0,0,0,1,1,0,1,0,0,0,0,0,0,0,0,1
65.5,0,40.1,124.7,79.3,216.1,135.7,1,0.7,7.3,2.2,2.5,69.0,0,1,0,0,0,0,0,0,1,1,1,0,0,0,0,0,0,0,0,0,0,1
51.5,1,38.1,122.8,89.7,160.1,181.4,0,2.5,6.3,1.0,3.1,68.4,0,1,0,0,0,0,0,0,0,1,0,0,0,0,0,0,0,0,0,0,0,1
57.0,1,37.0,141.1,89.5,144.6,212.7,0,0.8,5.9,1.1,2.8,69.9,0,0,0,0,0,0,0,0,1,0,0,0,0,0,0,0,0,0,0,0,0,1
64.3,1,35.3,124.8,86.7,211.6,160.7,1,0.7,9.3,2.4,3.4,70.9,0,0,0,0,0,0,0,0,0,1,1,0,0,0,0,0,0,0,0,0,0,1
56.1,0,36.9,138.5,95.5,184.2,161.2,1,1.4,6.1,1.6,4.6,74.8,0,0,0,0,0,0,0,0,1,1,1,0,0,0,0,0,0,0,0,0,0,1
62.1,0,32.9,131.6,84.0,128.1,211.5,0,0.3,7.8,2.2,3.9,65.0,0,1,0,0,0,0,0,0,1,1,1,0,0,0,0,0,0,0,0,0,0,1
38.0,1,29.4,115.9,85.0,232.2,180.3,0,2.1,7.7,1.7,3.4,73.2,0,1,0,0,0,0,0,0,0,1,1,0,0,0,0,0,0,0,0,0,0,1
49.4,0,32.1,138.3,77.6,199.4,170.7,0,0.0,8.1,3.7,2.8,79.2,0,0,0,0,0,0,0,0,0,1,0,0,0,0,0,0,0,0,0,0,0,1
61.1,1,30.8,148.9,81.3,152.5,172.2,0,1.8,6.5,0.3,2.5,78.9,1,0,0,0,0,0,0,0,0,1,1,0,0,0,0,0,0,0,0,0,0,1
59.8,0,30.9,147.4,87.2,167.7,139.2,0,1.5,7.1,0.0,4.0,68.9,0,0,0,0,0,0,0,0,0,1,0,0,1,0,0,0,0,0,0,0,0,1
60.6,0,28.9,118.5,79.9,194.5,194.9,0,1.9,8.4,2.8,2.6,73.6,0,1,0,0,0,0,0,0,1,1,1,0,0,0,0,0,0,0,0,0,0,1
39.6,0,33.7,135.6,80.7,193.2,167.2,0,2.5,7.9,2.7,3.9,63.6,0,1,0,0,0,0,0,0,1,1,0,0,1,0,0,0,0,0,0,0,0,1
52.0,1,26.9,156.8,96.0,144.0,177.2,0,0.7,6.8,15.2,1.5,73.6,0,0,0,0,0,0,0,0,0,0,1,0,0,0,0,0,0,0,0,0,0,1
51.9,0,32.4,135.7,87.2,134.4,135.5,0,0.7,7.3,3.4,2.6,65.3,0,1,0,0,0,0,0,0,0,1,1,0,0,0,0,0,0,0,0,0,0,1
53.3,0,30.2,143.0,85.3,181.5,154.3,0,1.4,6.2,3.6,3.9,75.9,0,1,0,0,0,0,0,0,0,1,1,0,0,0,0,0,0,0,0,0,0,1
56.9,0,32.4,131.6,95.1,155.6,173.5,0,0.7,8.6,0.7,4.1,69.8,0,1,0,0,0,0,0,0,0,1,1,0,1,0,0,0,0,0,0,0,0,1
56.7,0,36.1,149.8,79.9,211.1,161.1,0,2.2,7.8,0.2,3.2,79.4,0,0,0,0,0,0,0,0,1,1,1,0,0,0,0,0,0,0,0,0,0,1
56.5,1,33.2,139.2,86.0,173.5,168.4,0,3.1,4.2,0.2,2.9,74.3,0,1,0,0,0,0,0,0,0,1,1,0,0,0,0,0,0,0,0,0,0,1
51.3,1,26.5,134.9,82.5,132.5,160.1,0,1.9,8.9,3.8,3.8,74.1,0,0,0,0,0,0,0,0,1,0,0,0,1,0,0,0,0,0,0,0,0,1
55.5,0,34.4,133.2,81.7,202.2,194.1,0,1.4,6.9,10.6,3.8,69.7,0,1,0,0,0,0,0,0,1,1,1,0,0,0,0,0,0,0,0,0,0,1
65.8,0,35.2,118.2,83.9,126.7,199.7,0,3.0,6.0,2.4,6.5,71.8,1,1,0,0,0,0,0,0,1,1,1,0,0,0,0,0,0,0,0,0,0,1
47.6,0,33.7,141.5,90.1,194.4,219.7,1,1.2,5.9,5.3,5.1,64.4,0,0,0,0,0,0,0,0,1,1,1,0,0,0,0,0,0,0,0,0,0,1
63.1,0,26.5,115.0,90.3,170.3,176.8,0,0.9,7.3,2.2,4.3,62.8,0,1,0,0,0,0,0,0,1,1,1,0,0,0,0,0,0,0,0,0,0,1
55.8,1,33.4,123.1,82.4,172.6,177.5,1,0.7,8.5,0.2,5.1,73.5,0,1,0,0,0,0,0,0,0,1,1,0,1,0,0,0,0,0,0,0,0,1
59.5,1,26.5,133.0,72.0,156.9,202.8,0,0.9,8.2,2.7,1.9,89.9,0,1,0,0,0,0,0,0,1,1,1,0,0,0,0,0,0,0,0,0,0,1
46.6,1,31.8,121.7,90.7,214.7,143.5,0,0.9,8.5,4.0,1.2,74.8,0,1,0,0,0,0,0,0,1,1,0,0,1,0,0,0,0,0,0,0,0,1
44.5,0,39.5,140.2,84.8,221.7,183.3,0,1.2,9.2,0.1,3.7,61.4,0,1,0,0,0,0,0,0,0,1,1,0,0,0,0,0,0,0,0,0,0,1
75.6,0,36.3,138.3,72.0,138.5,169.3,1,0.7,6.6,0.2,1.0,68.1,0,1,0,0,0,0,0,0,0,0,1,0,0,0,0,0,0,0,0,0,0,1
45.7,0,36.8,128.6,79.0,190.4,227.2,0,1.2,8.2,0.3,2.6,65.3,0,1,0,0,0,0,0,0,1,1,1,0,0,0,0,0,0,0,0,0,0,1
67.2,1,40.2,137.8,82.1,126.0,175.6,0,2.2,7.4,0.6,4.0,80.9,0,0,0,0,0,0,0,0,1,1,1,0,0,0,0,0,0,0,0,0,0,1
52.9,0,31.3,123.6,72.0,157.4,155.4,0,1.5,6.6,2.1,4.5,75.1,0,0,0,0,0,0,0,0,0,0,0,0,0,0,0,0,0,0,0,0,0,1
70.1,1,26.5,156.4,87.6,181.6,186.7,0,0.0,6.9,3.4,3.3,86.6,0,0,0,0,0,0,0,0,1,1,1,0,0,0,0,0,0,0,0,0,0,1
60.6,0,30.3,149.6,93.4,173.4,172.2,0,1.1,6.9,2.9,3.7,57.0,0,0,0,0,0,0,0,0,0,1,1,0,1,0,0,0,0,0,0,0,0,1
54.1,1,26.5,132.6,75.0,178.3,165.2,0,0.8,6.6,0.2,4.8,63.6,0,0,0,0,0,0,0,0,1,1,0,0,0,0,0,0,0,0,0,0,0,1
51.8,0,27.3,124.9,98.3,168.2,180.8,1,0.8,6.3,0.5,1.1,67.1,0,1,0,0,0,0,0,0,0,1,1,0,1,0,0,0,0,0,0,0,0,1
46.0,0,37.1,120.7,95.3,196.5,163.1,0,0.8,6.7,3.6,2.8,70.5,0,1,0,0,0,0,0,0,0,1,1,0,0,0,0,0,0,0,0,0,0,1
55.8,1,32.2,141.7,78.0,177.1,196.5,0,2.6,6.0,3.3,2.1,87.9,0,1,0,0,0,0,0,0,0,1,1,0,1,0,0,0,0,0,0,0,0,1
55.6,1,33.3,133.2,74.2,136.7,170.3,0,0.4,7.2,6.1,5.9,65.5,0,1,0,0,0,0,0,0,0,1,0,0,0,0,0,0,0,0,0,0,0,1
55.2,1,37.6,143.9,80.2,201.7,174.8,0,1.4,6.8,1.2,4.2,72.6,0,0,0,0,0,0,0,0,1,1,0,0,0,0,0,0,0,0,0,0,0,1
68.7,0,35.9,147.6,82.0,176.0,145.0,0,1.4,6.1,2.7,2.4,76.4,0,0,0,0,0,0,0,0,1,1,0,0,0,0,0,0,0,0,0,0,0,1
58.7,0,39.9,140.6,74.8,181.0,197.9,0,0.9,7.3,0.9,4.6,79.3,0,1,0,0,0,0,0,0,0,1,0,0,0,0,0,0,0,0,0,0,0,1
35.0,1,28.4,130.0,94.8,208.5,202.9,0,2.7,6.7,1.8,4.4,75.9,1,0,0,0,0,0,0,0,0,1,1,0,0,0,0,0,0,0,0,0,0,1
62.8,1,29.8,137.1,85.5,239.1,177.0,0,1.6,5.8,3.7,2.2,72.8,0,1,0,0,0,0,0,0,0,1,1,0,0,0,0,0,0,0,0,0,0,1
64.4,1,38.7,158.0,90.6,187.7,170.0,0,0.8,6.4,0.3,6.5,74.7,0,1,0,0,0,0,0,0,0,1,1,0,1,0,0,0,0,0,0,0,0,1
64.4,1,35.4,144.0,93.7,168.5,216.7,0,1.6,8.0,0.1,4.2,52.7,0,1,0,0,0,0,0,0,0,1,1,0,1,0,0,0,0,0,0,0,0,1
47.0,1,36.3,154.2,84.4,151.3,165.3,0,0.8,5.8,0.4,6.0,78.0,0,0,0,0,0,0,0,0,0,1,1,0,0,0,0,0,0,0,0,0,0,1
73.7,0,29.2,136.9,84.0,126.0,163.1,0,2.2,8.0,1.3,3.9,66.3,0,1,0,0,0,0,0,0,1,0,1,0,0,0,0,0,0,0,0,0,0,1
70.5,1,33.7,135.4,84.3,162.6,167.8,0,1.8,8.4,3.1,3.9,76.9,0,1,0,0,0,0,0,0,1,1,0,0,0,0,0,0,0,0,0,0,0,1
41.0,1,30.4,165.9,88.7,144.1,201.6,0,2.4,7.1,0.4,2.8,66.2,0,1,0,0,0,0,0,0,1,1,1,0,1,0,0,0,0,0,0,0,0,1
58.2,0,29.8,137.5,87.4,157.0,163.0,0,1.2,6.9,2.5,3.3,83.2,0,1,0,0,0,0,0,0,1,0,1,0,0,0,0,0,0,0,0,0,0,1
61.2,0,33.1,131.5,77.5,169.0,170.9,1,1.7,6.5,1.6,5.1,85.8,0,0,0,0,0,0,0,0,0,1,1,0,0,0,0,0,0,0,0,0,0,1
71.7,0,39.5,137.6,77.6,180.8,184.3,0,0.2,8.2,2.3,2.1,62.8,0,1,0,0,0,0,0,0,0,1,1,0,0,0,0,0,0,0,0,0,0,1
64.5,0,32.8,140.7,97.3,155.5,183.0,0,2.8,7.8,2.4,5.4,74.6,0,1,0,0,0,0,0,0,0,0,1,0,0,0,0,0,0,0,0,0,0,1
64.8,1,28.9,137.4,74.0,204.0,139.2,1,1.5,6.4,2.6,5.0,67.0,0,1,0,0,0,0,0,0,0,1,1,0,0,0,0,0,0,0,0,0,0,1
55.5,0,32.5,133.1,87.0,132.7,158.5,0,1.1,6.3,2.9,4.2,58.6,0,0,0,0,0,0,0,0,1,1,1,0,0,0,0,0,0,0,0,0,0,1
54.9,0,26.6,130.7,90.8,189.7,186.3,0,2.3,8.1,2.0,4.9,74.9,0,1,0,0,0,0,0,0,0,1,1,0,0,0,0,0,0,0,0,0,0,1
62.7,1,45.3,130.3,87.1,168.0,143.9,0,1.1,7.1,2.0,3.4,68.0,0,1,0,0,0,0,0,0,0,1,0,0,0,0,0,0,0,0,0,0,0,1
56.0,1,37.7,136.8,86.8,218.5,191.1,0,1.2,8.6,0.4,2.7,66.8,0,1,0,0,0,0,0,0,1,1,1,0,0,0,0,0,0,0,0,0,0,1
69.7,1,26.5,116.1,83.4,145.8,203.2,0,1.0,6.6,2.5,4.6,70.6,0,1,0,0,0,0,0,0,0,1,1,0,0,0,0,0,0,0,0,0,0,1
62.2,1,27.0,121.6,83.1,126.0,173.2,0,1.3,5.7,1.9,4.9,68.0,0,1,0,0,0,0,0,0,0,1,1,0,0,0,0,0,0,0,0,0,0,1
61.9,0,32.3,119.1,81.0,161.2,184.0,0,0.1,6.8,0.2,3.4,62.0,0,1,0,0,0,0,0,0,1,1,1,0,1,0,0,0,0,0,0,0,0,1
64.2,1,33.7,138.7,72.0,150.2,178.9,0,0.1,9.5,7.7,5.9,84.9,0,1,0,0,0,0,0,0,1,1,1,0,1,0,0,0,0,0,0,0,0,1
45.1,0,30.0,126.8,98.5,200.1,196.5,0,0.2,6.6,1.2,4.1,85.4,0,1,0,0,0,0,0,0,0,1,1,0,1,0,0,0,0,0,0,0,0,1
54.9,0,36.3,133.2,81.5,193.8,203.8,0,0.5,6.0,1.4,4.4,78.4,1,1,0,0,0,0,0,0,1,1,1,0,0,0,0,0,0,0,0,0,0,1
55.6,0,38.0,137.3,88.9,139.4,158.8,0,0.8,7.6,0.3,6.0,65.8,0,1,0,0,0,0,0,0,0,1,1,0,0,0,0,0,0,0,0,0,0,1
52.5,1,37.4,144.3,72.0,214.7,138.9,0,0.3,8.7,4.7,5.3,82.7,0,1,0,0,0,0,0,0,0,1,0,0,0,0,0,0,0,0,0,0,0,1
51.4,1,33.6,121.6,84.6,173.9,181.5,0,1.7,8.7,1.8,3.2,80.1,0,1,0,0,0,0,0,0,0,0,1,0,1,0,0,0,0,0,0,0,0,1
57.6,0,38.1,134.2,87.7,143.3,166.0,0,1.8,7.9,2.9,4.3,70.4,0,1,0,0,0,0,0,0,1,1,0,0,0,0,0,0,0,0,0,0,0,1
48.5,0,26.5,126.7,93.3,184.6,173.5,0,1.7,7.4,9.7,4.2,83.7,0,0,0,0,0,0,0,0,0,1,1,0,1,0,0,0,0,0,0,0,0,1
68.5,0,33.9,148.9,82.9,156.0,143.4,0,1.4,6.4,2.3,3.3,81.1,0,1,0,0,0,0,0,0,1,1,0,0,1,0,0,0,0,0,0,0,0,1
64.1,1,26.5,125.3,88.6,126.0,165.5,1,1.5,6.6,1.1,2.8,63.9,0,0,0,0,0,0,0,0,1,1,1,0,1,0,0,0,0,0,0,0,0,1
66.2,0,32.3,133.7,80.0,126.0,193.9,0,0.9,8.3,0.5,5.2,71.1,0,0,0,0,0,0,0,0,0,1,1,0,0,0,0,0,0,0,0,0,0,1
53.9,0,37.7,122.3,75.2,158.5,180.6,0,2.9,6.1,1.6,4.1,64.1,0,0,0,0,0,0,0,0,1,1,1,0,1,0,0,0,0,0,0,0,0,1
51.1,0,34.3,134.0,74.8,176.1,175.4,0,1.8,7.6,0.1,4.0,58.9,0,1,0,0,0,0,0,0,0,1,1,0,0,0,0,0,0,0,0,0,0,1
69.3,0,29.7,126.5,81.1,218.9,180.3,0,2.4,7.2,3.7,3.8,64.8,0,1,0,0,0,0,0,0,0,0,1,0,0,0,0,0,0,0,0,0,0,1
67.2,1,31.3,138.1,73.1,162.1,150.7,0,2.2,7.8,0.4,5.2,70.3,0,1,0,0,0,0,0,0,1,1,0,0,0,0,0,0,0,0,0,0,0,1
65.4,0,41.7,123.8,81.8,132.1,176.0,0,0.2,8.1,0.2,3.6,60.3,0,1,0,0,0,0,0,0,0,1,0,0,1,0,0,0,0,0,0,0,0,1
63.9,0,30.9,122.9,76.4,153.1,159.8,0,2.0,8.5,2.4,3.8,62.3,0,1,0,0,0,0,0,0,1,1,0,0,0,0,0,0,0,0,0,0,0,1
67.9,1,28.1,121.0,75.0,143.5,182.2,0,2.3,6.4,2.5,4.1,69.3,0,0,0,0,0,0,0,0,1,0,1,0,0,0,0,0,0,0,0,0,0,1
50.9,1,40.9,127.4,87.1,149.8,179.9,0,0.9,7.4,2.6,2.4,98.0,0,0,0,0,0,0,0,0,1,1,1,0,1,0,0,0,0,0,0,0,0,1
59.0,0,40.9,124.4,88.2,161.8,174.9,0,0.3,7.1,0.3,4.8,62.8,0,0,0,0,0,0,0,0,0,1,1,0,0,0,0,0,0,0,0,0,0,1
49.9,1,28.6,137.2,78.6,179.8,175.6,1,0.0,6.7,0.8,5.0,65.5,0,1,0,0,0,0,0,0,0,1,1,0,0,0,0,0,0,0,0,0,0,1
53.2,1,28.1,118.8,78.2,196.3,183.5,0,0.9,7.1,1.9,3.7,71.5,0,1,0,0,0,0,0,0,0,1,0,0,1,0,0,0,0,0,0,0,0,1
60.7,1,29.3,137.0,76.6,196.0,183.0,0,1.4,8.3,1.9,3.3,64.1,0,0,0,0,0,0,0,0,1,1,1,0,1,0,0,0,0,0,0,0,0,1
41.6,1,38.4,140.6,85.8,186.2,159.2,1,0.3,7.6,0.3,4.9,72.6,0,1,0,0,0,0,0,0,0,1,1,0,1,0,0,0,0,0,0,0,0,1
66.6,0,30.2,138.2,90.2,181.8,159.8,0,0.2,7.3,2.2,2.4,79.3,0,0,0,0,0,0,0,0,0,1,1,0,0,0,0,0,0,0,0,0,0,1
46.5,0,35.8,115.0,80.4,205.2,182.3,0,2.3,8.3,6.7,5.9,70.3,0,0,0,0,0,0,0,0,1,1,0,0,1,0,0,0,0,0,0,0,0,1
67.0,1,31.6,126.4,102.1,175.4,178.2,0,0.6,8.7,2.6,2.5,68.6,0,1,0,0,0,0,0,0,1,1,1,0,0,0,0,0,0,0,0,0,0,1
66.0,1,30.6,139.6,84.0,135.0,181.9,0,0.2,6.0,1.2,3.2,65.1,0,0,0,0,0,0,0,0,0,1,1,0,0,0,0,0,0,0,0,0,0,1
53.2,0,28.7,133.0,87.3,169.4,172.5,1,0.3,5.8,1.2,4.2,75.7,1,1,0,0,0,0,0,0,1,1,1,0,0,0,0,0,0,0,0,0,0,1
60.3,0,32.4,148.8,82.5,126.0,187.7,0,0.5,7.4,0.7,1.9,75.2,0,0,0,0,0,0,0,0,0,1,1,0,1,0,0,0,0,0,0,0,0,1
56.5,1,34.0,127.6,86.4,173.3,148.0,0,2.3,6.7,1.1,3.9,65.2,0,1,0,0,0,0,0,0,1,1,1,0,0,0,0,0,0,0,0,0,0,1
52.2,1,31.0,127.7,81.2,126.0,191.0,0,0.2,6.7,0.1,4.7,71.7,1,1,0,0,0,0,0,0,0,1,1,0,0,0,0,0,0,0,0,0,0,1
60.6,0,31.4,137.4,90.7,187.7,199.0,0,1.4,7.6,2.9,3.2,70.9,0,1,0,0,0,0,0,0,0,1,1,0,1,0,0,0,0,0,0,0,0,1
41.1,0,31.5,117.6,75.1,207.1,200.9,0,2.1,7.0,6.8,1.6,64.7,0,0,0,0,0,0,0,0,0,0,0,0,0,0,0,0,0,0,0,0,0,1
51.6,0,37.7,140.9,84.9,181.7,189.0,0,2.9,6.3,0.6,1.6,75.5,0,0,0,0,0,0,0,0,1,1,1,0,0,0,0,0,0,0,0,0,0,1
63.8,1,37.9,137.6,79.5,173.9,182.8,1,1.8,7.8,1.2,5.3,83.1,1,1,0,0,0,0,0,0,0,1,0,0,0,0,0,0,0,0,0,0,0,1
63.2,1,30.8,133.2,90.4,176.2,215.7,1,1.8,7.3,0.2,2.9,64.2,0,1,0,0,0,0,0,0,0,0,1,0,0,0,0,0,0,0,0,0,0,1
78.6,0,26.5,138.4,72.0,166.2,173.9,0,0.2,6.2,2.0,4.3,66.2,0,1,0,0,0,0,0,0,0,1,1,0,0,0,0,0,0,0,0,0,0,1
64.8,1,28.4,148.9,86.5,140.2,192.1,0,1.8,7.6,0.6,4.6,71.5,0,0,0,0,0,0,0,0,1,1,0,0,0,0,0,0,0,0,0,0,0,1
40.7,0,33.8,147.2,86.2,194.7,175.9,0,3.5,6.6,4.4,3.6,84.3,0,1,0,0,0,0,0,0,0,1,1,0,0,0,0,0,0,0,0,0,0,1
76.3,0,30.8,136.6,72.8,148.2,172.9,0,0.0,6.7,3.7,3.2,67.5,0,1,0,0,0,0,0,0,1,0,1,0,1,0,0,0,0,0,0,0,0,1
41.7,1,34.0,136.9,76.4,193.3,174.5,0,1.6,8.1,1.2,2.1,71.1,0,1,0,0,0,0,0,0,1,1,1,0,0,0,0,0,0,0,0,0,0,1
54.3,0,27.0,149.2,97.5,164.2,161.9,1,0.8,7.6,2.3,4.8,69.5,0,0,0,0,0,0,0,0,0,0,0,0,0,0,0,0,0,0,0,0,0,1
56.3,0,39.5,141.8,91.5,191.7,183.9,1,1.4,8.2,2.4,5.5,56.8,0,1,0,0,0,0,0,0,0,1,1,0,0,0,0,0,0,0,0,0,0,1
50.6,0,33.5,137.0,72.0,155.9,201.4,0,1.7,6.5,0.4,3.4,67.6,0,1,0,0,0,0,0,0,1,1,1,0,0,0,0,0,0,0,0,0,0,1
68.0,1,32.5,117.4,72.0,162.3,187.1,0,0.0,6.5,0.8,3.7,62.1,0,1,0,0,0,0,0,0,1,1,0,0,0,0,0,0,0,0,0,0,0,1
58.0,0,27.6,128.2,98.0,140.5,151.1,0,1.2,7.3,5.3,4.0,77.9,0,1,0,0,0,0,0,0,0,1,1,0,0,0,0,0,0,0,0,0,0,1
63.8,0,32.3,134.0,78.0,133.4,166.7,0,2.0,8.8,4.0,2.8,82.6,0,1,0,0,0,0,0,0,0,1,1,0,0,0,0,0,0,0,0,0,0,1
44.9,0,27.8,132.5,76.8,192.0,177.6,0,0.3,8.6,0.3,5.2,64.3,0,1,0,0,0,0,0,0,1,1,1,0,0,0,0,0,0,0,0,0,0,1
45.1,1,34.5,135.0,82.2,176.7,137.7,0,0.6,6.6,1.6,4.1,71.2,0,1,0,0,0,0,0,0,0,1,1,0,1,0,0,0,0,0,0,0,0,1
57.1,0,26.7,143.0,80.1,237.2,202.9,0,0.2,6.4,2.0,5.8,63.4,0,1,0,0,0,0,0,0,1,0,0,0,1,0,0,0,0,0,0,0,0,1
40.0,1,26.5,144.5,87.9,187.2,176.4,0,0.9,8.2,0.7,1.0,80.9,0,1,0,0,0,0,0,0,0,1,0,0,0,0,0,0,0,0,0,0,0,1
63.2,0,39.9,148.0,83.0,214.7,181.2,0,1.9,8.0,1.2,4.1,62.3,0,1,0,0,0,0,0,0,0,1,1,0,1,0,0,0,0,0,0,0,0,1
60.2,1,35.9,142.0,84.9,140.3,192.4,0,1.4,7.9,0.1,4.1,59.1,0,1,0,0,0,0,0,0,1,1,1,0,0,0,0,0,0,0,0,0,0,1
55.9,0,34.8,153.1,81.6,150.3,164.6,0,1.1,9.0,0.9,6.5,74.7,0,1,0,0,0,0,0,0,1,1,1,0,0,0,0,0,0,0,0,0,0,1
58.2,1,34.8,127.1,85.9,210.9,168.0,0,0.3,7.2,11.1,4.0,73.5,0,0,0,0,0,0,0,0,1,1,1,0,0,0,0,0,0,0,0,0,0,1
63.0,0,26.5,145.1,83.6,218.7,179.0,0,1.0,5.6,7.3,6.4,75.5,0,1,0,0,0,0,0,0,0,1,1,0,0,0,0,0,0,0,0,0,0,1
54.9,0,30.3,128.0,76.3,171.6,180.0,1,1.5,8.4,3.2,5.0,59.7,0,0,0,0,0,0,0,0,0,1,1,0,0,0,0,0,0,0,0,0,0,1
65.5,1,28.7,132.4,82.5,176.8,156.8,1,0.1,7.8,4.3,4.4,83.3,0,1,0,0,0,0,0,0,1,1,1,0,1,0,0,0,0,0,0,0,0,1
46.4,0,30.8,126.5,83.8,126.0,168.4,1,1.9,5.1,0.1,4.2,75.3,0,1,0,0,0,0,0,0,1,1,1,0,1,0,0,0,0,0,0,0,0,1
51.4,0,31.8,120.0,84.6,132.6,196.7,0,2.4,8.0,2.9,5.4,71.6,0,1,0,0,0,0,0,0,1,1,1,0,1,0,0,0,0,0,0,0,0,1
65.8,1,31.6,116.5,79.1,131.9,171.0,1,1.2,7.4,0.2,4.4,62.8,0,1,0,0,0,0,0,0,0,1,1,0,0,0,0,0,0,0,0,0,0,1
62.4,0,35.5,130.3,91.1,183.5,176.2,0,1.4,6.9,1.2,3.4,66.0,0,1,0,0,0,0,0,0,0,0,1,0,1,0,0,0,0,0,0,0,0,1
52.9,1,26.5,146.1,79.2,157.3,176.9,0,2.2,7.0,1.0,3.9,77.5,0,0,0,0,0,0,0,0,0,1,1,0,1,0,0,0,0,0,0,0,0,1
64.3,0,28.7,118.4,75.5,207.7,188.7,0,0.8,7.5,5.6,3.7,74.1,0,0,0,0,0,0,0,0,1,1,1,0,1,0,0,0,0,0,0,0,0,1
46.2,1,32.0,126.2,82.3,151.4,165.8,0,1.7,7.5,1.6,3.6,79.4,0,0,0,0,0,0,0,0,0,1,0,0,1,0,0,0,0,0,0,0,0,1
62.1,1,26.5,134.4,97.3,206.2,196.8,1,0.9,8.1,0.5,2.9,74.5,0,0,0,0,0,0,0,0,1,1,1,0,1,0,0,0,0,0,0,0,0,1
72.7,1,33.6,118.8,83.3,194.0,163.3,0,0.1,7.3,2.8,2.7,76.4,0,1,0,0,0,0,0,0,0,1,1,0,0,0,0,0,0,0,0,0,0,1
81.4,0,31.5,138.9,82.4,182.8,154.2,0,0.0,6.6,3.0,3.7,75.7,1,0,0,0,0,0,0,0,1,1,1,0,1,0,0,0,0,0,0,0,0,1
54.3,0,26.9,115.6,86.6,160.0,177.1,1,1.2,7.9,7.8,4.9,73.8,0,0,0,0,0,0,0,0,0,1,1,0,1,0,0,0,0,0,0,0,0,1
56.8,0,32.9,149.1,92.2,191.9,173.1,0,1.2,8.9,3.5,5.2,61.3,0,1,0,0,0,0,0,0,1,1,1,0,0,0,0,0,0,0,0,0,0,1
61.3,1,35.9,129.4,84.4,172.1,171.9,0,0.5,7.8,0.3,2.7,73.7,0,1,0,0,0,0,0,0,1,1,1,0,1,0,0,0,0,0,0,0,0,1
48.0,1,29.6,129.1,77.9,183.7,150.0,0,0.5,7.4,3.9,3.2,73.1,0,1,0,0,0,0,0,0,0,1,1,0,0,0,0,0,0,0,0,0,0,1
57.7,0,29.4,134.8,74.0,126.0,175.4,0,2.1,8.0,2.9,3.6,79.3,0,0,0,0,0,0,0,0,0,1,1,0,0,0,0,0,0,0,0,0,0,1
57.4,0,28.4,126.5,85.5,126.0,195.9,0,2.6,6.8,6.1,3.8,64.4,0,1,0,0,0,0,0,0,0,1,1,0,0,0,0,0,0,0,0,0,0,1
54.2,0,34.1,135.5,86.2,169.5,167.9,0,0.7,8.1,5.3,5.6,69.6,0,0,0,0,0,0,0,0,0,1,1,0,0,0,0,0,0,0,0,0,0,1
58.2,1,34.3,128.3,85.7,177.2,185.3,0,0.9,7.2,0.9,6.2,93.5,0,1,0,0,0,0,0,0,1,1,1,0,0,0,0,0,0,0,0,0,0,1
75.3,0,32.8,137.7,98.4,186.4,178.4,0,2.4,7.6,4.8,4.3,71.0,0,0,0,0,0,0,0,0,0,1,1,0,0,0,0,0,0,0,0,0,0,1
44.4,0,35.3,137.8,92.6,197.8,137.9,1,0.9,6.9,16.5,3.9,59.3,0,0,0,0,0,0,0,0,0,1,1,0,0,0,0,0,0,0,0,0,0,1
47.6,1,35.3,137.6,85.8,130.0,149.1,1,1.1,6.0,0.7,3.9,70.6,0,1,0,0,0,0,0,0,1,1,0,0,0,0,0,0,0,0,0,0,0,1
75.7,1,27.3,124.5,81.7,136.3,180.7,0,0.9,8.6,2.6,2.4,67.4,1,0,0,0,0,0,0,0,1,1,1,0,1,0,0,0,0,0,0,0,0,1
70.5,0,30.8,140.1,80.9,166.2,191.3,0,0.7,7.4,1.7,2.9,71.7,0,1,0,0,0,0,0,0,0,1,1,0,0,0,0,0,0,0,0,0,0,1
49.1,0,36.5,132.3,84.2,172.2,184.1,0,0.9,8.1,8.5,5.8,70.9,0,1,0,0,0,0,0,0,0,1,1,0,1,0,0,0,0,0,0,0,0,1
54.2,1,26.5,133.8,78.0,149.8,171.1,0,2.5,6.8,2.6,3.5,79.8,0,0,0,0,0,0,0,0,0,1,1,0,0,0,0,0,0,0,0,0,0,1
73.5,0,30.4,115.0,88.6,126.0,173.4,0,0.8,5.7,1.0,3.2,68.8,0,1,0,0,0,0,0,0,0,1,0,0,0,0,0,0,0,0,0,0,0,1
68.0,1,35.3,132.8,84.9,136.8,173.8,1,1.9,6.2,0.7,3.7,69.9,0,1,0,0,0,0,0,0,0,1,0,0,0,0,0,0,0,0,0,0,0,1
61.2,0,32.1,132.3,80.0,167.4,157.6,1,3.5,7.4,3.5,3.8,71.1,0,1,0,0,0,0,0,0,0,1,1,0,0,0,0,0,0,0,0,0,0,1
48.4,1,36.0,143.0,94.6,150.8,165.7,0,1.2,8.1,1.5,1.9,66.3,0,0,0,0,0,0,0,0,0,1,1,0,1,0,0,0,0,0,0,0,0,1
51.7,0,26.5,119.1,75.8,170.8,230.3,0,1.9,6.6,4.6,4.2,82.5,0,1,0,0,0,0,0,0,1,1,0,0,0,0,0,0,0,0,0,0,0,1
54.2,0,28.7,142.3,88.9,164.8,174.6,0,3.5,7.0,2.2,2.1,62.5,0,0,0,0,0,0,0,0,0,1,0,0,0,0,0,0,0,0,0,0,0,1
61.6,0,32.7,124.8,75.2,126.0,193.4,0,0.4,8.6,7.0,3.8,66.3,0,1,0,0,0,0,0,0,0,1,0,0,0,0,0,0,0,0,0,0,0,1
51.0,1,33.9,136.0,85.5,217.3,202.3,0,1.3,6.1,1.1,3.1,77.6,0,1,0,0,0,0,0,0,1,1,1,0,0,0,0,0,0,0,0,0,0,1
54.8,1,33.6,138.4,83.8,220.0,181.0,0,1.2,7.7,0.5,1.9,68.8,0,1,0,0,0,0,0,0,0,1,1,0,0,0,0,0,0,0,0,0,0,1
55.0,0,33.9,115.0,89.3,177.1,197.2,0,2.4,6.5,5.4,5.4,62.5,0,0,0,0,0,0,0,0,1,1,1,0,1,0,0,0,0,0,0,0,0,1
58.6,0,26.5,144.1,78.7,164.0,191.9,0,1.5,6.3,1.4,3.6,62.6,0,1,0,0,0,0,0,0,1,1,1,0,0,0,0,0,0,0,0,0,0,1
38.1,0,33.1,127.2,81.6,150.1,139.5,1,1.6,7.3,8.2,3.9,76.7,0,0,0,0,0,0,0,0,1,1,1,0,0,0,0,0,0,0,0,0,0,1
62.5,0,35.1,132.2,95.7,213.5,186.4,0,1.0,7.9,0.4,2.3,63.2,0,0,0,0,0,0,0,0,1,1,1,0,0,0,0,0,0,0,0,0,0,1
53.1,1,33.2,125.8,88.0,156.8,142.1,0,1.9,8.3,5.6,5.9,64.8,0,0,0,0,0,0,0,0,1,1,1,0,0,0,0,0,0,0,0,0,0,1
67.8,0,34.2,142.7,87.1,229.5,147.8,0,1.9,8.5,1.4,3.9,62.8,0,1,0,0,0,0,0,0,0,1,1,0,0,0,0,0,0,0,0,0,0,1
75.0,1,37.2,143.3,79.8,211.6,217.0,0,0.7,7.4,0.1,2.8,60.6,0,1,0,0,0,0,0,0,0,1,1,0,1,0,0,0,0,0,0,0,0,1
42.4,0,28.2,115.0,81.2,184.9,177.3,0,0.4,6.2,2.0,5.7,63.9,0,1,0,0,0,0,0,0,1,1,1,0,0,0,0,0,0,0,0,0,0,1
69.8,0,28.7,146.2,86.8,146.7,164.5,1,1.3,5.5,0.2,4.9,61.5,0,0,0,0,0,0,0,0,1,1,1,0,0,0,0,0,0,0,0,0,0,1
56.3,1,27.4,132.9,90.3,198.2,172.5,0,1.2,5.9,0.8,3.2,83.5,0,1,0,0,0,0,0,0,1,1,1,0,0,0,0,0,0,0,0,0,0,1
51.1,0,37.8,121.7,94.8,133.0,161.1,1,3.5,6.8,4.1,3.7,68.8,1,1,0,0,0,0,0,0,0,1,1,0,0,0,0,0,0,0,0,0,0,1
53.8,0,35.9,118.1,84.5,173.2,161.4,1,0.2,6.6,2.6,3.9,75.5,0,1,0,0,0,0,0,0,0,1,0,0,1,0,0,0,0,0,0,0,0,1
68.7,0,34.8,148.3,82.8,178.1,171.3,0,1.5,8.5,3.2,4.4,69.2,1,0,0,0,0,0,0,0,0,1,1,0,1,0,0,0,0,0,0,0,0,1
54.3,1,32.1,124.9,73.2,165.9,178.0,0,1.6,7.2,2.0,2.5,55.7,0,1,0,0,0,0,0,0,1,1,1,0,0,0,0,0,0,0,0,0,0,1
63.2,1,30.6,138.4,84.2,159.9,166.3,0,1.0,8.4,4.9,2.5,64.2,1,0,0,0,0,0,0,0,1,0,0,0,0,0,0,0,0,0,0,0,0,1
51.5,1,26.5,125.3,86.1,181.1,171.9,0,0.9,8.6,2.0,3.3,70.8,0,1,0,0,0,0,0,0,1,1,0,0,0,0,0,0,0,0,0,0,0,1
65.9,0,29.0,128.3,91.0,189.3,171.0,0,2.1,6.6,1.7,1.8,76.0,0,0,0,0,0,0,0,0,1,1,1,0,0,0,0,0,0,0,0,0,0,1
66.1,1,32.4,141.2,84.8,220.7,186.7,0,1.7,8.0,2.4,3.6,69.9,0,0,0,0,0,0,0,0,0,1,1,0,0,0,0,0,0,0,0,0,0,1
40.5,0,34.3,154.9,84.1,148.4,202.1,0,0.5,6.8,3.0,6.2,69.8,0,1,0,0,0,0,0,0,0,1,0,0,0,0,0,0,0,0,0,0,0,1
66.5,0,34.8,121.4,79.2,126.0,172.7,0,1.9,8.1,4.9,5.6,71.4,1,1,0,0,0,0,0,0,1,1,0,0,1,0,0,0,0,0,0,0,0,1
40.4,0,34.8,142.5,76.0,188.1,186.3,0,2.2,7.1,8.0,5.8,80.8,0,1,0,0,0,0,0,0,0,1,1,0,0,0,0,0,0,0,0,0,0,1
57.5,0,30.2,143.4,94.1,207.2,166.3,0,2.6,7.1,3.6,3.6,75.9,0,1,0,0,0,0,0,0,0,1,1,0,0,0,0,0,0,0,0,0,0,1
54.5,0,33.6,149.3,96.1,142.9,192.1,0,2.9,5.3,1.3,2.6,72.1,0,1,0,0,0,0,0,0,0,1,1,0,1,0,0,0,0,0,0,0,0,1
50.4,1,26.5,140.5,77.8,222.0,190.3,1,0.8,7.5,5.8,3.9,77.3,0,0,0,0,0,0,0,0,1,1,1,0,1,0,0,0,0,0,0,0,0,1
58.1,0,30.8,146.5,95.0,158.5,192.5,0,0.0,7.5,0.8,3.5,77.0,0,0,0,0,0,0,0,0,0,1,1,0,0,0,0,0,0,0,0,0,0,1
58.0,1,37.8,159.7,85.5,188.3,158.6,0,1.1,5.9,2.0,3.3,70.8,0,1,0,0,0,0,0,0,0,1,1,0,0,0,0,0,0,0,0,0,0,1
43.8,0,29.3,117.3,98.8,204.7,163.6,0,0.0,5.1,0.3,2.8,61.6,0,1,0,0,0,0,0,0,0,1,1,0,1,0,0,0,0,0,0,0,0,1
44.4,1,34.5,134.2,82.7,168.8,215.3,1,1.4,8.1,0.6,3.4,74.2,0,1,0,0,0,0,0,0,1,1,1,0,0,0,0,0,0,0,0,0,0,1
56.8,0,32.9,136.7,79.0,227.8,189.1,0,1.7,6.8,0.8,2.5,71.0,0,0,0,0,0,0,0,0,1,1,1,0,0,0,0,0,0,0,0,0,0,1
70.7,0,29.5,130.4,84.3,153.4,181.8,0,2.0,6.4,2.4,3.8,69.4,0,1,0,0,0,0,0,0,0,1,0,0,1,0,0,0,0,0,0,0,0,1
58.7,1,31.7,149.1,82.3,200.4,195.7,0,1.7,6.7,2.6,3.6,71.6,0,0,0,0,0,0,0,0,1,1,1,0,0,0,0,0,0,0,0,0,0,1
45.9,1,28.0,138.1,85.9,186.0,168.9,0,1.1,8.3,6.0,1.1,71.0,0,1,0,0,0,0,0,0,0,1,1,0,1,0,0,0,0,0,0,0,0,1
51.8,0,32.2,123.4,96.1,176.3,190.4,1,0.0,6.6,0.4,2.3,81.5,0,1,0,0,0,0,0,0,1,1,1,0,0,0,0,0,0,0,0,0,0,1
66.9,0,32.2,143.3,72.0,158.6,182.3,0,1.3,7.1,0.7,3.5,73.6,0,1,0,0,0,0,0,0,1,1,1,0,0,0,0,0,0,0,0,0,0,1
39.6,0,41.4,139.2,90.9,151.4,167.8,0,1.9,8.7,3.2,4.4,61.1,0,1,0,0,0,0,0,0,1,1,1,0,1,0,0,0,0,0,0,0,0,1
71.0,1,42.1,139.0,87.8,138.6,156.4,1,2.3,7.7,1.7,2.0,88.9,0,1,0,0,0,0,0,0,1,1,0,0,0,0,0,0,0,0,0,0,0,1
70.1,1,26.5,141.1,90.8,178.8,186.8,0,0.8,7.0,2.3,3.7,76.1,0,1,0,0,0,0,0,0,1,1,1,0,0,0,0,0,0,0,0,0,0,1
49.7,0,31.9,123.7,86.3,151.5,150.9,0,0.7,7.2,5.4,2.6,77.0,0,1,0,0,0,0,0,0,1,1,1,0,1,0,0,0,0,0,0,0,0,1
62.3,1,30.5,124.7,78.7,184.6,206.1,0,1.5,7.1,5.0,3.6,62.9,0,0,0,0,0,0,0,0,1,1,1,0,0,0,0,0,0,0,0,0,0,1
48.2,1,31.7,141.4,77.4,226.8,190.2,0,1.0,6.6,2.8,5.1,83.1,0,0,0,0,0,0,0,0,1,1,0,0,0,0,0,0,0,0,0,0,0,1
65.2,1,31.0,150.1,85.2,144.8,204.5,0,1.1,7.7,2.8,5.1,75.9,0,0,0,0,0,0,0,0,0,1,1,0,0,0,0,0,0,0,0,0,0,1
54.5,0,26.5,134.3,87.8,204.5,225.2,0,1.2,7.3,10.6,4.3,72.3,0,1,0,0,0,0,0,0,0,1,0,0,0,0,0,0,0,0,0,0,0,1
53.3,1,28.1,126.6,88.8,163.8,202.9,1,0.1,7.3,5.0,4.5,55.6,0,1,0,0,0,0,0,0,1,1,1,0,1,0,0,0,0,0,0,0,0,1
70.3,1,37.1,132.4,91.8,180.1,215.3,1,1.5,7.5,1.3,5.2,70.9,0,1,0,0,0,0,0,0,0,1,1,0,0,0,0,0,0,0,0,0,0,1
37.4,1,30.5,129.1,92.6,226.6,173.1,0,1.3,7.7,3.4,4.6,63.2,0,0,0,0,0,0,0,0,1,0,1,0,0,0,0,0,0,0,0,0,0,1
43.7,0,33.5,133.4,79.9,166.8,160.5,0,1.8,7.7,7.2,5.4,75.9,0,0,0,0,0,0,0,0,0,1,1,0,1,0,0,0,0,0,0,0,0,1
63.4,0,35.5,139.4,88.5,149.3,211.4,0,2.2,6.1,2.5,6.4,70.7,1,1,0,0,0,0,0,0,1,1,1,0,0,0,0,0,0,0,0,0,0,1
57.6,1,35.4,142.1,86.6,225.4,178.8,0,1.9,6.6,0.8,3.5,71.6,0,1,0,0,0,0,0,0,1,1,1,0,1,0,0,0,0,0,0,0,0,1
47.8,1,26.5,139.6,75.2,204.4,182.1,0,1.0,5.4,2.1,3.5,82.4,0,1,0,0,0,0,0,0,0,1,1,0,0,0,0,0,0,0,0,0,0,1
44.7,1,37.5,136.5,72.0,216.7,171.5,1,0.3,6.5,2.9,3.0,68.0,0,1,0,0,0,0,0,0,1,1,1,0,0,0,0,0,0,0,0,0,0,1
60.0,0,29.2,132.2,82.8,162.5,157.5,1,1.2,7.7,18.1,3.9,72.6,0,1,0,0,0,0,0,0,0,1,1,0,0,0,0,0,0,0,0,0,0,1
57.6,1,31.3,128.5,75.2,154.8,206.7,0,2.9,8.2,0.2,4.0,66.6,0,1,0,0,0,0,0,0,0,1,1,0,1,0,0,0,0,0,0,0,0,1
54.4,0,27.3,135.0,91.6,152.4,170.0,1,0.3,7.4,1.9,3.4,71.5,0,1,0,0,0,0,0,0,1,0,0,0,0,0,0,0,0,0,0,0,0,1
69.2,1,30.3,132.4,89.5,171.2,184.0,0,1.4,7.8,0.5,2.2,67.4,0,1,0,0,0,0,0,0,0,0,1,0,0,0,0,0,0,0,0,0,0,1
51.1,1,32.6,130.1,79.9,150.6,179.5,0,1.4,6.3,0.5,4.7,77.9,0,0,0,0,0,0,0,0,1,1,1,0,0,0,0,0,0,0,0,0,0,1
44.4,0,31.0,142.1,79.0,126.0,181.7,0,1.8,7.7,0.6,3.4,67.0,0,1,0,0,0,0,0,0,1,0,1,0,0,0,0,0,0,0,0,0,0,1
61.6,1,31.4,132.4,91.6,208.4,163.2,0,1.6,7.5,0.7,1.7,63.4,0,1,0,0,0,0,0,0,0,1,1,0,0,0,0,0,0,0,0,0,0,1
49.8,0,35.6,123.2,78.5,200.3,164.8,0,0.0,6.9,0.4,4.1,59.3,0,1,0,0,0,0,0,0,0,1,1,0,1,0,0,0,0,0,0,0,0,1
65.7,1,33.0,138.3,86.9,126.0,159.2,1,0.9,6.5,1.4,2.4,67.1,1,1,0,0,0,0,0,0,0,1,1,0,0,0,0,0,0,0,0,0,0,1
49.1,0,30.2,126.1,82.1,168.9,198.1,0,1.3,7.7,0.0,4.7,61.2,0,1,0,0,0,0,0,0,0,1,1,0,0,0,0,0,0,0,0,0,0,1
49.1,1,27.3,129.3,93.8,170.5,177.2,0,2.9,8.3,3.4,5.8,63.6,0,1,0,0,0,0,0,0,1,1,1,0,0,0,0,0,0,0,0,0,0,1
60.6,1,29.0,128.5,96.8,168.4,195.9,0,0.2,7.5,0.0,3.6,79.8,0,1,0,0,0,0,0,0,0,1,1,0,1,0,0,0,0,0,0,0,0,1
52.2,1,27.6,142.9,76.3,151.6,194.6,0,2.1,7.0,0.2,3.5,85.0,0,1,0,0,0,0,0,0,0,1,1,0,1,0,0,0,0,0,0,0,0,1
51.7,0,31.3,119.3,87.0,219.5,180.6,0,1.0,8.8,2.7,4.5,68.6,0,1,0,0,0,0,0,0,1,1,1,0,1,0,0,0,0,0,0,0,0,1
43.6,0,40.6,126.3,79.9,175.2,151.1,0,0.4,7.0,1.4,5.3,72.6,0,1,0,0,0,0,0,0,1,1,1,0,1,0,0,0,0,0,0,0,0,1
65.7,1,33.1,153.2,86.6,182.4,224.9,0,0.0,6.5,1.7,3.6,58.1,1,1,0,0,0,0,0,0,0,1,1,0,0,0,0,0,0,0,0,0,0,1
40.7,0,34.1,144.3,88.6,180.5,141.3,0,1.8,7.7,4.0,4.6,68.2,0,1,0,0,0,0,0,0,0,1,1,0,0,0,0,0,0,0,0,0,0,1
56.8,0,32.3,135.3,85.5,171.8,184.3,0,1.5,8.4,6.3,2.6,78.7,0,1,0,0,0,0,0,0,1,1,1,0,0,0,0,0,0,0,0,0,0,1
64.7,1,37.0,132.8,83.1,254.5,201.5,0,0.9,6.3,2.2,3.1,71.8,0,1,0,0,0,0,0,0,1,1,1,0,0,0,0,0,0,0,0,0,0,1
48.1,1,32.3,148.1,90.0,171.3,182.6,0,0.7,6.2,1.5,4.5,72.8,0,0,0,0,0,0,0,0,0,1,1,0,0,0,0,0,0,0,0,0,0,1
78.7,1,28.4,143.0,87.6,192.5,187.0,0,1.6,6.4,0.4,4.7,66.2,0,1,0,0,0,0,0,0,0,1,0,0,1,0,0,0,0,0,0,0,0,1
54.6,0,30.7,129.3,83.8,218.3,195.5,1,2.6,6.8,4.2,4.0,66.3,1,1,0,0,0,0,0,0,0,1,0,0,0,0,0,0,0,0,0,0,0,1
37.1,1,34.6,156.3,87.5,197.3,174.8,0,0.6,5.8,0.3,4.5,71.8,0,1,0,0,0,0,0,0,0,1,1,0,1,0,0,0,0,0,0,0,0,1
57.0,0,36.9,126.7,78.2,165.8,190.2,0,0.4,7.3,0.8,1.0,69.6,0,1,0,0,0,0,0,0,0,1,1,0,0,0,0,0,0,0,0,0,0,1
60.2,1,34.7,131.0,98.5,175.5,159.7,0,1.0,6.7,3.0,5.6,72.3,0,1,0,0,0,0,0,0,1,1,0,0,0,0,0,0,0,0,0,0,0,1
43.5,1,33.5,133.1,72.0,158.3,155.0,0,0.8,7.6,1.7,2.9,74.2,0,1,0,0,0,0,0,0,1,1,1,0,1,0,0,0,0,0,0,0,0,1
35.0,1,30.7,144.9,84.5,200.1,178.0,0,0.2,7.2,0.1,3.8,80.9,0,1,0,0,0,0,0,0,0,1,1,0,0,0,0,0,0,0,0,0,0,1
66.4,0,30.5,121.8,80.2,160.5,187.5,0,1.7,5.9,1.6,2.7,76.3,0,1,0,0,0,0,0,0,0,1,1,0,0,0,0,0,0,0,0,0,0,1
58.1,1,34.8,134.7,84.2,154.9,156.7,1,1.3,5.9,3.5,5.8,80.9,1,1,0,0,0,0,0,0,1,1,1,0,0,0,0,0,0,0,0,0,0,1
74.5,1,31.1,145.3,74.3,169.5,170.9,1,2.9,6.7,3.8,2.5,74.8,0,1,0,0,0,0,0,0,1,0,1,0,0,0,0,0,0,0,0,0,0,1
66.4,1,33.4,140.6,83.0,126.0,159.2,0,0.9,6.5,3.7,3.6,81.1,0,1,0,0,0,0,0,0,0,1,1,0,0,0,0,0,0,0,0,0,0,1
48.4,0,26.5,132.2,89.6,138.0,170.2,1,1.2,6.2,2.2,2.2,79.0,0,0,0,0,0,0,0,0,0,1,1,0,1,0,0,0,0,0,0,0,0,1
35.9,0,31.1,136.2,79.6,230.5,188.8,0,1.1,7.6,0.2,4.0,75.4,0,0,0,0,0,0,0,0,0,1,1,0,0,0,0,0,0,0,0,0,0,1
66.1,0,34.5,146.9,80.0,166.2,149.6,0,0.7,8.3,0.2,6.5,71.4,1,0,0,0,0,0,0,0,1,1,1,0,1,0,0,0,0,0,0,0,0,1
48.2,1,34.0,145.2,90.7,173.9,166.5,1,1.7,5.7,0.5,3.8,87.8,0,1,0,0,0,0,0,0,0,1,0,0,0,0,0,0,0,0,0,0,0,1
51.2,1,36.9,131.5,77.3,214.5,189.1,0,1.4,6.3,1.4,3.6,70.4,0,0,0,0,0,0,0,0,1,1,0,0,0,0,0,0,0,0,0,0,0,1
68.1,0,30.0,115.1,85.3,185.8,184.5,0,0.0,6.4,5.3,3.7,60.2,0,0,0,0,0,0,0,0,0,1,1,0,0,0,0,0,0,0,0,0,0,1
59.6,1,35.1,137.1,79.9,126.0,183.7,0,1.3,6.3,1.7,4.8,69.1,0,1,0,0,0,0,0,0,1,1,1,0,1,0,0,0,0,0,0,0,0,1
55.4,1,41.0,137.4,76.9,168.8,189.6,0,2.2,8.0,0.1,4.3,75.7,0,0,0,0,0,0,0,0,1,0,1,0,0,0,0,0,0,0,0,0,0,1
60.3,1,26.8,155.8,94.6,177.1,158.0,0,1.7,9.3,1.8,5.1,54.9,0,1,0,0,0,0,0,0,0,1,1,0,0,0,0,0,0,0,0,0,0,1
73.2,0,34.9,145.6,89.0,181.0,156.7,0,0.7,6.7,4.2,5.2,83.5,0,1,0,0,0,0,0,0,1,1,1,0,0,0,0,0,0,0,0,0,0,1
58.2,0,35.1,124.8,89.9,179.9,195.1,0,0.5,8.2,0.3,4.9,68.7,0,1,0,0,0,0,0,0,1,1,1,0,0,0,0,0,0,0,0,0,0,1
52.3,1,31.0,144.0,81.2,201.2,207.0,0,3.4,6.6,2.2,1.0,67.6,0,0,0,0,0,0,0,0,1,1,1,0,1,0,0,0,0,0,0,0,0,1
68.4,1,38.2,117.1,75.5,188.3,224.1,0,1.4,8.4,2.1,5.5,74.6,0,0,0,0,0,0,0,0,0,0,0,0,1,0,0,0,0,0,0,0,0,1
56.1,0,26.5,145.7,84.6,140.8,162.9,0,1.6,6.9,0.4,1.3,67.9,0,1,0,0,0,0,0,0,1,0,1,0,1,0,0,0,0,0,0,0,0,1
67.7,0,26.8,115.0,96.9,158.6,184.4,1,2.4,6.4,3.3,4.2,64.3,0,1,0,0,0,0,0,0,1,0,1,0,0,0,0,0,0,0,0,0,0,1
42.8,1,28.3,127.0,90.3,188.9,186.3,0,1.2,7.7,2.0,6.5,71.9,0,1,0,0,0,0,0,0,1,1,1,0,1,0,0,0,0,0,0,0,0,1
61.2,0,38.7,129.9,72.0,154.9,145.5,0,1.1,6.0,7.0,3.9,70.4,0,1,0,0,0,0,0,0,0,1,1,0,0,0,0,0,0,0,0,0,0,1
68.4,1,36.3,127.5,94.7,226.0,183.7,1,0.2,7.1,3.5,6.5,81.3,0,1,0,0,0,0,0,0,1,1,1,0,0,0,0,0,0,0,0,0,0,1
53.5,1,29.2,134.6,81.4,197.7,151.6,0,3.5,7.9,1.7,2.9,72.9,0,1,0,0,0,0,0,0,1,1,1,0,0,0,0,0,0,0,0,0,0,1
52.7,0,30.6,120.1,89.8,180.8,178.1,1,0.7,8.3,1.2,3.1,78.3,0,0,0,0,0,0,0,0,1,1,0,0,0,0,0,0,0,0,0,0,0,1
61.5,0,27.3,115.0,83.9,178.9,181.9,1,0.0,6.1,1.8,5.0,64.6,0,1,0,0,0,0,0,0,0,1,1,0,0,0,0,0,0,0,0,0,0,1
63.2,0,26.5,144.9,93.4,142.2,196.7,0,1.3,6.9,0.2,4.9,76.3,0,0,0,0,0,0,0,0,0,1,1,0,0,0,0,0,0,0,0,0,0,1
44.7,1,29.1,133.0,97.5,197.8,174.1,0,2.0,6.7,0.5,1.0,71.3,0,1,0,0,0,0,0,0,1,0,1,0,0,0,0,0,0,0,0,0,0,1
67.1,1,31.6,125.7,100.2,170.2,171.5,0,2.5,7.5,1.4,4.7,75.2,0,1,0,0,0,0,0,0,1,1,1,0,0,0,0,0,0,0,0,0,0,1
46.5,0,26.7,120.9,85.9,200.7,189.4,0,3.3,6.2,5.2,2.7,85.5,1,1,0,0,0,0,0,0,0,1,1,0,0,0,0,0,0,0,0,0,0,1
65.1,1,30.2,123.8,72.0,212.3,158.6,0,2.2,7.1,3.6,5.1,61.1,0,1,0,0,0,0,0,0,0,1,1,0,1,0,0,0,0,0,0,0,0,1
65.7,0,41.5,134.7,75.9,223.5,165.9,1,0.9,7.0,0.9,4.5,69.5,0,1,0,0,0,0,0,0,1,1,0,0,0,0,0,0,0,0,0,0,0,1
54.7,1,30.4,146.3,92.3,130.9,167.3,0,0.9,7.0,2.2,4.5,55.1,0,1,0,0,0,0,0,0,0,1,0,0,0,0,0,0,0,0,0,0,0,1
55.4,1,33.9,141.6,80.7,139.4,175.8,0,0.9,8.0,0.0,4.1,83.3,0,1,0,0,0,0,0,0,1,1,1,0,0,0,0,0,0,0,0,0,0,1
49.6,0,41.2,140.6,83.4,199.2,169.4,0,2.4,6.2,2.9,2.4,70.8,0,0,0,0,0,0,0,0,1,1,1,0,0,0,0,0,0,0,0,0,0,1
48.4,1,29.1,126.7,83.4,143.8,155.9,0,0.6,8.2,0.2,4.1,66.5,0,0,0,0,0,0,0,0,0,1,0,0,0,0,0,0,0,0,0,0,0,1
56.9,0,31.9,135.0,80.9,126.0,210.3,0,0.5,6.6,3.1,5.1,66.0,0,1,0,0,0,0,0,0,1,1,1,0,0,0,0,0,0,0,0,0,0,1
45.7,1,34.2,139.9,77.4,135.4,190.5,0,3.1,8.1,2.1,4.2,79.1,1,1,0,0,0,0,0,0,1,1,1,0,0,0,0,0,0,0,0,0,0,1
58.5,1,37.4,144.7,87.6,184.5,200.9,1,2.0,6.5,1.0,2.1,68.0,0,1,0,0,0,0,0,0,1,1,1,0,0,0,0,0,0,0,0,0,0,1
56.5,1,28.4,125.4,83.5,126.0,156.3,0,1.7,7.9,5.6,5.0,82.5,0,1,0,0,0,0,0,0,1,1,1,0,1,0,0,0,0,0,0,0,0,1
43.5,1,36.0,144.8,89.4,155.3,192.0,0,2.3,6.2,0.1,5.1,67.2,0,1,0,0,0,0,0,0,0,1,0,0,0,0,0,0,0,0,0,0,0,1
66.1,0,26.5,139.1,79.7,126.0,168.5,0,2.8,5.8,0.1,3.6,66.5,0,1,0,0,0,0,0,0,1,1,1,0,1,0,0,0,0,0,0,0,0,1
49.7,1,35.9,133.0,91.4,129.5,173.5,0,2.0,6.9,1.5,4.6,74.7,0,0,0,0,0,0,0,0,1,1,1,0,0,0,0,0,0,0,0,0,0,1
63.0,0,28.1,132.3,80.6,207.4,192.7,0,2.4,6.9,3.3,5.6,71.5,1,0,0,0,0,0,0,0,0,1,0,0,0,0,0,0,0,0,0,0,0,1
53.8,1,34.6,130.9,83.3,137.0,193.8,0,0.0,7.1,4.1,3.2,81.9,1,1,0,0,0,0,0,0,0,0,1,0,1,0,0,0,0,0,0,0,0,1
59.7,0,30.1,119.9,80.3,130.2,168.9,1,1.2,7.5,1.8,2.3,80.1,0,1,0,0,0,0,0,0,0,1,1,0,0,0,0,0,0,0,0,0,0,1
73.8,1,36.5,123.6,95.7,126.0,165.6,0,2.6,7.0,1.0,4.6,91.0,1,1,0,0,0,0,0,0,0,1,1,0,1,0,0,0,0,0,0,0,0,1
64.9,0,26.6,139.2,93.8,165.3,176.3,0,1.4,6.7,0.0,5.0,66.9,0,1,0,0,0,0,0,0,1,1,0,0,0,0,0,0,0,0,0,0,0,1
51.7,1,26.5,142.4,90.1,126.0,164.3,1,1.7,6.4,2.4,4.0,79.4,0,0,0,0,0,0,0,0,1,0,0,0,0,0,0,0,0,0,0,0,0,1
50.2,1,34.4,123.1,72.0,150.5,175.4,0,2.9,7.2,1.1,5.4,60.3,0,1,0,0,0,0,0,0,1,1,1,0,0,0,0,0,0,0,0,0,0,1
37.9,0,37.3,134.1,86.9,210.5,179.5,0,1.1,9.1,0.5,1.6,72.1,0,1,0,0,0,0,0,0,1,1,1,0,0,0,0,0,0,0,0,0,0,1
55.9,1,31.9,137.6,82.8,145.2,179.9,0,2.4,5.6,1.1,4.6,74.6,0,0,0,0,0,0,0,0,0,1,1,0,0,0,0,0,0,0,0,0,0,1
80.0,1,29.3,126.3,75.0,141.6,154.7,0,0.0,8.3,1.0,3.5,88.6,0,0,0,0,0,0,0,0,1,1,0,0,0,0,0,0,0,0,0,0,0,1
35.0,0,31.3,142.4,77.4,232.2,171.3,1,1.1,6.0,1.9,3.5,69.3,0,1,0,0,0,0,0,0,0,1,0,0,0,0,0,0,0,0,0,0,0,1
42.2,0,31.8,147.9,94.2,193.7,169.4,0,2.8,7.5,5.5,1.9,75.3,0,1,0,0,0,0,0,0,0,1,1,0,0,0,0,0,0,0,0,0,0,1
52.1,0,35.3,151.7,75.9,126.0,142.0,0,1.0,7.1,1.2,5.7,69.1,0,0,0,0,0,0,0,0,1,1,1,0,0,0,0,0,0,0,0,0,0,1
36.1,1,26.5,115.0,88.5,162.4,146.7,0,2.5,6.9,2.9,1.3,77.4,0,1,0,0,0,0,0,0,1,1,1,0,0,0,0,0,0,0,0,0,0,1
74.0,0,31.3,137.6,84.3,145.3,164.1,0,1.2,5.1,0.3,3.9,71.1,0,1,0,0,0,0,0,0,1,1,1,0,0,0,0,0,0,0,0,0,0,1
51.2,1,32.1,143.8,86.5,143.5,181.3,1,2.6,5.8,3.8,3.2,67.8,0,1,0,0,0,0,0,0,1,1,1,0,0,0,0,0,0,0,0,0,0,1
72.6,0,26.9,131.7,84.1,171.9,160.9,0,0.6,6.4,0.1,5.8,76.6,0,1,0,0,0,0,0,0,1,1,1,0,1,0,0,0,0,0,0,0,0,1
65.2,1,36.5,134.3,94.6,184.3,172.1,0,0.3,6.2,3.6,3.7,81.3,0,0,0,0,0,0,0,0,0,1,1,0,0,0,0,0,0,0,0,0,0,1
46.3,1,29.2,135.4,79.1,132.5,191.6,0,0.0,5.7,3.0,4.0,56.5,0,1,0,0,0,0,0,0,1,1,1,0,0,0,0,0,0,0,0,0,0,1
40.2,0,40.8,119.6,97.3,188.9,177.7,1,0.0,7.8,0.7,1.9,91.5,0,1,0,0,0,0,0,0,1,1,1,0,1,0,0,0,0,0,0,0,0,1
46.3,1,32.1,125.3,74.7,189.7,188.6,0,3.1,6.2,1.0,3.7,72.8,0,1,0,0,0,0,0,0,0,1,1,0,1,0,0,0,0,0,0,0,0,1
35.1,1,30.0,146.7,95.7,158.7,182.8,0,2.9,8.7,1.8,5.3,61.6,0,1,0,0,0,0,0,0,1,1,1,0,0,0,0,0,0,0,0,0,0,1
44.1,1,39.1,130.6,84.5,156.9,177.7,0,1.2,5.9,0.0,4.7,70.3,1,1,0,0,0,0,0,0,1,1,1,0,0,0,0,0,0,0,0,0,0,1
53.6,1,36.5,132.2,82.5,191.5,186.6,0,0.0,7.5,1.3,2.9,68.5,0,1,0,0,0,0,0,0,1,1,1,0,0,0,0,0,0,0,0,0,0,1
43.0,1,35.1,127.1,90.4,160.1,184.3,0,1.7,9.1,3.7,4.1,70.0,1,1,0,0,0,0,0,0,0,1,1,0,0,0,0,0,0,0,0,0,0,1
55.5,1,28.1,134.5,87.8,218.1,192.2,0,1.8,6.5,1.2,3.9,85.4,0,1,0,0,0,0,0,0,0,1,0,0,0,0,0,0,0,0,0,0,0,1
58.8,0,31.3,116.8,75.7,202.7,152.8,1,1.2,7.5,0.3,4.8,79.1,0,0,0,0,0,0,0,0,1,1,1,0,1,0,0,0,0,0,0,0,0,1
54.3,0,38.7,132.3,86.6,132.3,163.6,0,2.2,6.7,0.4,6.4,67.1,0,1,0,0,0,0,0,0,0,1,1,0,0,0,0,0,0,0,0,0,0,1
54.2,1,32.6,141.5,82.5,135.0,191.2,0,0.6,8.2,0.3,4.1,72.3,0,1,0,0,0,0,0,0,0,1,1,0,0,0,0,0,0,0,0,0,0,1
63.3,0,30.6,138.8,72.0,213.1,201.0,0,0.0,7.2,0.7,4.4,81.5,0,1,0,0,0,0,0,0,0,1,1,0,0,0,0,0,0,0,0,0,0,1
55.9,1,30.8,130.3,94.1,153.9,182.5,1,3.1,6.2,4.1,4.1,77.7,0,0,0,0,0,0,0,0,0,1,1,0,0,0,0,0,0,0,0,0,0,1
60.3,1,34.7,135.4,85.8,126.0,166.0,0,2.5,6.6,3.2,1.5,66.4,0,0,0,0,0,0,0,0,1,1,1,0,1,0,0,0,0,0,0,0,0,1
66.3,0,31.7,136.3,72.0,126.0,182.1,0,0.0,6.5,0.2,2.7,63.9,0,1,0,0,0,0,0,0,1,1,1,0,0,0,0,0,0,0,0,0,0,1
56.4,0,26.8,131.7,91.9,127.7,180.5,1,1.2,6.7,14.5,3.6,87.1,0,0,0,0,0,0,0,0,0,1,1,0,0,0,0,0,0,0,0,0,0,1
54.0,1,30.5,125.8,75.4,131.5,176.9,1,0.0,6.0,4.0,4.7,52.4,0,1,0,0,0,0,0,0,0,1,1,0,1,0,0,0,0,0,0,0,0,1
54.6,1,33.6,141.8,82.8,205.4,161.8,1,1.3,6.5,3.4,4.3,69.0,0,1,0,0,0,0,0,0,0,1,0,0,1,0,0,0,0,0,0,0,0,1
49.9,0,38.7,146.6,80.7,126.0,158.3,1,1.9,7.4,1.7,4.0,80.9,0,1,0,0,0,0,0,0,0,1,1,0,1,0,0,0,0,0,0,0,0,1
62.1,0,35.8,143.4,85.8,158.4,162.2,0,1.1,6.8,0.0,3.3,71.6,0,0,0,0,0,0,0,0,0,1,1,0,0,0,0,0,0,0,0,0,0,1
61.6,0,27.2,130.8,99.4,163.1,185.0,0,0.0,5.9,4.3,4.0,74.8,0,1,0,0,0,0,0,0,1,1,1,0,0,0,0,0,0,0,0,0,0,1
52.4,1,29.0,140.7,80.4,170.7,178.2,0,0.4,9.0,3.1,3.8,71.1,0,1,0,0,0,0,0,0,1,0,1,0,0,0,0,0,0,0,0,0,0,1
55.5,1,28.8,133.5,72.0,208.4,211.8,0,1.0,6.0,2.7,5.1,69.0,0,1,0,0,0,0,0,0,1,1,1,0,0,0,0,0,0,0,0,0,0,1
51.2,1,30.8,117.0,90.5,187.8,185.8,0,1.4,6.3,3.3,3.4,71.7,0,1,0,0,0,0,0,0,1,1,0,0,0,0,0,0,0,0,0,0,0,1
62.9,0,28.9,153.8,76.2,136.7,163.2,0,0.9,6.0,1.1,6.4,67.0,0,1,0,0,0,0,0,0,0,1,1,0,1,0,0,0,0,0,0,0,0,1
66.9,0,31.7,134.9,79.1,126.0,161.8,0,0.0,6.9,0.3,3.9,69.5,0,1,0,0,0,0,0,0,1,1,1,0,0,0,0,0,0,0,0,0,0,1
55.0,0,27.9,128.3,80.6,174.7,153.0,0,1.9,7.5,6.3,4.1,76.1,0,1,0,0,0,0,0,0,0,1,1,0,1,0,0,0,0,0,0,0,0,1
55.7,0,36.4,137.4,88.8,197.9,189.8,0,3.2,6.6,6.7,2.0,70.8,0,1,0,0,0,0,0,0,1,1,0,0,0,0,0,0,0,0,0,0,0,1
52.0,1,31.9,134.2,83.5,126.0,192.2,0,2.6,7.4,8.0,4.3,54.5,0,1,0,0,0,0,0,0,0,1,1,0,0,0,0,0,0,0,0,0,0,1
53.9,1,32.5,140.7,86.3,192.8,210.5,0,1.9,6.3,2.9,3.2,80.2,0,1,0,0,0,0,0,0,0,1,0,0,0,0,0,0,0,0,0,0,0,1
57.5,0,35.3,140.3,83.7,230.2,160.5,0,1.8,8.3,0.1,2.9,73.1,0,0,0,0,0,0,0,0,1,1,0,0,0,0,0,0,0,0,0,0,0,1
53.1,1,29.9,140.3,78.4,190.4,177.1,0,0.8,8.0,1.6,5.6,64.5,0,0,0,0,0,0,0,0,0,1,1,0,0,0,0,0,0,0,0,0,0,1
41.2,0,32.9,116.6,74.3,137.5,161.6,0,1.9,6.9,3.0,3.7,76.4,0,1,0,0,0,0,0,0,0,1,1,0,1,0,0,0,0,0,0,0,0,1
60.9,0,35.0,147.4,89.1,137.4,161.6,1,1.2,6.7,2.3,4.5,76.8,0,1,0,0,0,0,0,0,0,1,1,0,1,0,0,0,0,0,0,0,0,1
47.8,0,30.5,123.7,72.0,168.4,179.9,0,2.3,7.2,0.5,4.8,68.2,0,1,0,0,0,0,0,0,0,1,1,0,1,0,0,0,0,0,0,0,0,1
53.3,0,28.9,129.2,81.8,126.0,179.1,0,2.1,8.1,2.2,2.6,63.1,0,1,0,0,0,0,0,0,1,1,0,0,0,0,0,0,0,0,0,0,0,1
47.4,0,29.9,137.0,85.0,187.2,223.8,0,1.1,6.3,0.5,3.2,80.9,0,1,0,0,0,0,0,0,1,1,1,0,0,0,0,0,0,0,0,0,0,1
52.2,1,29.7,129.6,85.9,175.3,158.4,0,0.9,5.8,0.3,3.2,78.6,0,1,0,0,0,0,0,0,0,1,1,0,1,0,0,0,0,0,0,0,0,1
74.2,0,31.4,150.8,84.0,214.0,220.5,0,0.9,7.5,0.7,3.4,75.8,0,1,0,0,0,0,0,0,0,1,0,0,0,0,0,0,0,0,0,0,0,1
45.3,1,31.8,128.5,84.0,175.3,162.5,0,0.6,8.1,2.0,3.1,82.1,0,1,0,0,0,0,0,0,0,1,1,0,0,0,0,0,0,0,0,0,0,1
35.0,1,26.5,129.8,82.8,128.0,174.1,0,0.0,9.0,1.1,2.7,80.5,0,1,0,0,0,0,0,0,0,0,1,0,0,0,0,0,0,0,0,0,0,1
64.5,1,33.7,147.4,95.3,182.8,221.4,0,0.3,5.7,2.1,4.4,62.7,1,1,0,0,0,0,0,0,1,1,1,0,0,0,0,0,0,0,0,0,0,1
46.5,1,26.5,140.0,83.3,187.3,175.5,0,1.5,6.8,3.7,5.0,63.9,0,1,0,0,0,0,0,0,1,1,1,0,1,0,0,0,0,0,0,0,0,1
57.3,0,30.3,118.8,82.5,152.4,162.7,0,0.0,5.2,1.7,5.7,61.9,0,1,0,0,0,0,0,0,0,0,1,0,0,0,0,0,0,0,0,0,0,1
73.7,1,30.4,131.9,73.2,143.5,187.9,0,0.0,8.1,2.4,5.0,80.3,0,1,0,0,0,0,0,0,1,1,1,0,0,0,0,0,0,0,0,0,0,1
44.1,0,34.7,132.6,79.7,126.0,205.5,0,2.0,6.5,0.4,1.7,54.8,0,1,0,0,0,0,0,0,0,0,1,0,0,0,0,0,0,0,0,0,0,1
54.7,1,34.8,148.4,88.6,172.4,195.2,0,1.9,6.6,0.2,3.1,64.9,0,0,0,0,0,0,0,0,0,1,0,0,0,0,0,0,0,0,0,0,0,1
70.8,0,36.3,129.2,87.6,187.4,155.4,1,0.0,7.4,1.7,4.0,70.0,0,1,0,0,0,0,0,0,1,1,1,0,0,0,0,0,0,0,0,0,0,1
52.4,0,27.7,138.2,82.1,175.2,192.6,0,1.8,7.7,9.1,3.2,64.4,0,1,0,0,0,0,0,0,0,1,0,0,0,0,0,0,0,0,0,0,0,1
35.1,0,31.2,115.0,76.2,186.4,176.6,1,1.1,7.8,4.2,1.5,67.4,0,1,0,0,0,0,0,0,0,0,1,0,0,0,0,0,0,0,0,0,0,1
56.0,1,30.7,126.1,77.0,163.8,180.5,1,1.5,8.1,2.7,5.4,70.4,0,1,0,0,0,0,0,0,1,1,1,0,1,0,0,0,0,0,0,0,0,1
46.9,1,27.4,150.8,77.6,135.4,146.8,0,1.1,7.1,3.4,2.6,82.3,1,1,0,0,0,0,0,0,0,0,1,0,0,0,0,0,0,0,0,0,0,1
51.5,0,31.5,146.8,81.3,182.4,167.3,1,0.0,7.5,1.7,4.2,59.5,0,1,0,0,0,0,0,0,1,1,1,0,0,0,0,0,0,0,0,0,0,1
55.0,1,35.5,129.6,72.6,142.5,189.3,0,2.2,5.8,2.2,2.6,63.2,0,0,0,0,0,0,0,0,1,1,1,0,0,0,0,0,0,0,0,0,0,1
61.9,1,27.5,132.8,88.4,144.7,148.9,0,3.0,7.3,4.0,6.4,66.8,0,1,0,0,0,0,0,0,1,1,1,0,0,0,0,0,0,0,0,0,0,1
58.0,1,34.5,135.8,81.5,171.8,176.8,0,1.9,7.1,0.6,5.0,75.4,0,0,0,0,0,0,0,0,1,1,1,0,1,0,0,0,0,0,0,0,0,1
48.5,1,28.7,136.2,72.0,130.9,176.2,0,1.8,7.1,5.6,3.9,77.8,0,0,0,0,0,0,0,0,1,1,1,0,0,0,0,0,0,0,0,0,0,1
61.9,1,31.2,143.8,92.2,196.4,150.6,0,1.9,5.4,1.2,1.0,72.8,0,1,0,0,0,0,0,0,1,0,1,0,1,0,0,0,0,0,0,0,0,1
58.5,1,34.9,125.6,92.3,179.0,189.3,0,0.7,5.9,0.8,4.1,75.3,0,1,0,0,0,0,0,0,0,1,1,0,0,0,0,0,0,0,0,0,0,1
35.0,0,34.4,115.0,88.3,126.0,184.8,1,2.3,7.8,3.8,5.3,79.7,0,0,0,0,0,0,0,0,1,1,0,0,1,0,0,0,0,0,0,0,0,1
38.6,1,34.0,143.9,94.8,185.9,199.0,0,0.6,7.6,0.0,5.8,75.6,0,0,0,0,0,0,0,0,1,1,0,0,0,0,0,0,0,0,0,0,0,1
57.9,1,35.3,129.4,90.3,136.2,208.8,1,1.2,8.1,2.9,3.2,78.1,0,1,0,0,0,0,0,0,0,1,0,0,0,0,0,0,0,0,0,0,0,1
63.4,0,39.7,131.3,87.9,149.0,177.1,0,2.0,8.6,3.8,2.0,80.9,0,1,0,0,0,0,0,0,0,1,0,0,0,0,0,0,0,0,0,0,0,1
58.3,0,27.6,162.4,78.2,168.7,188.9,0,1.5,6.7,2.0,5.1,70.4,0,1,0,0,0,0,0,0,0,1,1,0,0,0,0,0,0,0,0,0,0,1
49.3,0,31.6,140.2,72.0,165.5,212.1,0,1.5,7.5,3.2,3.0,83.0,0,1,0,0,0,0,0,0,1,0,1,0,0,0,0,0,0,0,0,0,0,1
69.5,1,37.4,138.5,78.2,149.1,164.1,0,0.8,5.9,2.0,3.6,80.0,0,0,0,0,0,0,0,0,0,1,1,0,1,0,0,0,0,0,0,0,0,1
58.3,1,36.4,151.0,84.2,211.1,159.9,0,1.8,7.4,4.0,3.3,74.6,0,1,0,0,0,0,0,0,0,1,1,0,0,0,0,0,0,0,0,0,0,1
57.3,1,27.0,126.2,88.1,216.8,181.1,0,2.1,6.7,0.0,4.1,65.0,0,1,0,0,0,0,0,0,1,1,0,0,0,0,0,0,0,0,0,0,0,1
60.3,0,30.9,120.4,85.5,175.0,161.2,0,2.1,6.6,4.3,3.1,75.2,0,0,0,0,0,0,0,0,1,1,1,0,0,0,0,0,0,0,0,0,0,1
48.4,0,30.1,135.0,90.0,177.3,178.7,0,0.0,7.2,1.2,4.8,82.7,0,1,0,0,0,0,0,0,1,1,1,0,1,0,0,0,0,0,0,0,0,1
35.0,0,35.3,136.7,90.4,186.7,179.2,0,0.9,8.0,3.5,4.5,75.7,0,1,0,0,0,0,0,0,1,1,0,0,0,0,0,0,0,0,0,0,0,1
63.4,1,34.7,144.1,78.5,153.7,168.2,0,1.3,7.6,4.7,3.0,62.2,0,1,0,0,0,0,0,0,0,1,1,0,0,0,0,0,0,0,0,0,0,1
53.5,0,33.9,139.8,82.0,142.6,162.3,0,2.6,6.9,1.9,5.0,72.7,0,1,0,0,0,0,0,0,0,1,1,0,1,0,0,0,0,0,0,0,0,1
70.5,1,28.4,128.0,90.6,126.0,167.4,0,1.4,7.0,3.0,5.5,86.8,1,1,0,0,0,0,0,0,0,1,1,0,1,0,0,0,0,0,0,0,0,1
46.6,1,32.0,115.0,80.7,194.3,179.5,1,2.8,7.2,0.2,3.6,75.6,0,0,0,0,0,0,0,0,0,1,0,0,0,0,0,0,0,0,0,0,0,1
58.2,1,40.4,135.9,72.0,151.3,165.4,0,1.8,7.6,3.2,4.1,89.0,0,1,0,0,0,0,0,0,1,1,1,0,0,0,0,0,0,0,0,0,0,1
50.6,0,40.1,133.7,72.0,191.9,156.3,1,1.1,8.0,1.3,3.7,77.3,0,1,0,0,0,0,0,0,1,1,1,0,0,0,0,0,0,0,0,0,0,1
40.5,0,26.5,119.1,72.6,139.8,172.4,1,2.5,8.2,2.3,2.1,72.1,0,1,0,0,0,0,0,0,1,1,1,0,1,0,0,0,0,0,0,0,0,1
63.9,0,32.0,139.9,87.8,210.7,183.0,0,1.3,7.6,0.8,3.4,68.4,0,0,0,0,0,0,0,0,1,1,1,0,1,0,0,0,0,0,0,0,0,1
73.9,0,34.3,144.7,84.8,168.2,157.5,0,0.6,7.0,3.0,3.3,69.3,0,1,0,0,0,0,0,0,1,1,1,0,0,0,0,0,0,0,0,0,0,1
52.5,1,30.7,142.0,94.2,127.8,195.4,0,0.2,7.6,2.2,4.6,59.3,0,0,0,0,0,0,0,0,0,1,1,0,0,0,0,0,0,0,0,0,0,1
49.9,1,29.5,115.0,85.6,139.6,167.7,1,2.2,6.7,0.2,2.7,67.1,0,1,0,0,0,0,0,0,1,1,0,0,0,0,0,0,0,0,0,0,0,1
56.3,0,33.6,134.5,93.9,145.6,184.4,0,1.8,6.4,0.6,3.6,58.0,0,1,0,0,0,0,0,0,1,0,1,0,0,0,0,0,0,0,0,0,0,1
48.0,0,34.3,136.9,92.5,208.2,177.5,0,2.3,8.0,0.1,3.9,62.8,1,1,0,0,0,0,0,0,0,1,1,0,1,0,0,0,0,0,0,0,0,1
46.7,0,40.2,123.9,83.1,180.4,163.6,0,1.1,7.2,1.1,6.5,76.8,0,0,0,0,0,0,0,0,1,1,1,0,0,0,0,0,0,0,0,0,0,1
56.5,1,36.6,154.7,88.5,165.4,155.3,1,1.0,6.8,0.1,4.1,82.2,0,1,0,0,0,0,0,0,1,1,1,0,0,0,0,0,0,0,0,0,0,1
59.9,1,38.3,140.3,86.4,173.5,167.0,1,1.3,7.3,0.3,4.4,69.1,0,0,0,0,0,0,0,0,0,1,1,0,0,0,0,0,0,0,0,0,0,1
53.6,1,33.9,125.6,78.0,172.4,170.4,1,1.8,7.9,10.2,1.8,79.3,0,0,0,0,0,0,0,0,1,1,1,0,0,0,0,0,0,0,0,0,0,1
40.7,0,39.5,127.3,84.4,181.3,186.1,0,1.2,7.0,4.4,3.5,68.9,0,1,0,0,0,0,0,0,1,0,1,0,0,0,0,0,0,0,0,0,0,1
55.7,0,31.1,138.4,84.7,141.1,185.8,1,3.0,7.9,5.3,3.3,87.1,0,0,0,0,0,0,0,0,1,1,1,0,0,0,0,0,0,0,0,0,0,1
51.1,1,31.1,131.0,90.5,132.0,189.6,0,0.1,8.2,2.0,5.2,68.3,0,1,0,0,0,0,0,0,0,1,1,0,1,0,0,0,0,0,0,0,0,1
66.5,0,27.2,122.4,86.0,217.0,176.4,0,1.7,6.7,0.5,4.4,69.9,0,0,0,0,0,0,0,0,0,1,1,0,0,0,0,0,0,0,0,0,0,1
47.7,0,31.8,148.3,88.5,175.3,172.2,0,0.1,7.4,1.9,2.7,72.4,0,1,0,0,0,0,0,0,1,1,0,0,0,0,0,0,0,0,0,0,0,1
59.9,1,37.4,139.1,78.6,158.4,198.1,1,0.4,7.2,1.0,3.1,69.0,0,0,0,0,0,0,0,0,1,1,0,0,0,0,0,0,0,0,0,0,0,1
44.4,1,30.7,127.8,90.2,176.0,206.7,1,0.5,6.4,13.4,5.7,65.9,0,1,0,0,0,0,0,0,0,1,1,0,1,0,0,0,0,0,0,0,0,1
47.6,1,27.2,158.9,83.4,133.4,174.9,0,2.2,5.4,2.1,4.9,77.5,0,0,0,0,0,0,0,0,1,1,0,0,0,0,0,0,0,0,0,0,0,1
63.0,1,29.7,127.6,93.1,164.2,220.0,0,3.0,7.6,1.9,5.1,76.3,0,1,0,0,0,0,0,0,1,1,1,0,1,0,0,0,0,0,0,0,0,1
70.5,0,26.5,142.4,80.9,126.0,179.2,0,2.6,7.8,1.3,4.8,65.9,1,1,0,0,0,0,0,0,0,0,1,0,1,0,0,0,0,0,0,0,0,1
72.0,1,32.6,130.9,81.1,240.7,148.4,0,1.9,6.5,0.8,3.6,69.8,0,1,0,0,0,0,0,0,1,1,0,0,1,0,0,0,0,0,0,0,0,1
57.9,1,26.5,137.9,78.6,216.5,207.2,0,1.2,8.7,1.6,3.9,80.1,0,0,0,0,0,0,0,0,1,1,1,0,0,0,0,0,0,0,0,0,0,1
58.2,0,35.7,115.0,72.0,131.1,176.4,0,2.0,7.1,2.8,4.4,72.7,0,1,0,0,0,0,0,0,0,1,1,0,0,0,0,0,0,0,0,0,0,1
47.8,1,31.7,124.2,86.6,130.4,169.2,1,0.0,8.8,0.7,5.3,61.6,0,0,0,0,0,0,0,0,1,1,1,0,0,0,0,0,0,0,0,0,0,1
43.2,0,31.0,125.5,89.0,202.8,187.5,0,1.7,7.6,0.2,2.1,82.2,0,1,0,0,0,0,0,0,1,1,1,0,0,0,0,0,0,0,0,0,0,1
43.1,0,32.9,133.4,82.3,181.5,200.2,0,1.5,7.2,0.9,3.1,73.9,0,1,0,0,0,0,0,0,1,1,1,0,0,0,0,0,0,0,0,0,0,1
45.2,0,36.3,128.7,88.5,168.5,137.8,0,1.4,7.5,4.9,5.2,67.8,0,1,0,0,0,0,0,0,1,1,0,0,0,0,0,0,0,0,0,0,0,1
69.3,1,32.1,133.9,85.8,165.6,161.1,0,2.3,8.3,1.9,6.3,61.7,1,1,0,0,0,0,0,0,1,1,0,0,0,0,0,0,0,0,0,0,0,1
61.9,1,40.3,131.4,83.6,188.3,180.3,0,0.9,6.8,2.2,4.4,75.6,0,1,0,0,0,0,0,0,1,1,1,0,0,0,0,0,0,0,0,0,0,1
42.6,1,26.5,120.7,74.5,189.1,177.8,0,1.8,7.5,1.0,5.5,69.6,0,1,0,0,0,0,0,0,1,1,1,0,1,0,0,0,0,0,0,0,0,1
62.5,0,39.5,164.1,82.3,134.1,185.9,0,1.7,6.2,2.7,1.4,63.2,0,0,0,0,0,0,0,0,0,1,0,0,1,0,0,0,0,0,0,0,0,1
61.4,0,30.6,145.8,90.8,154.5,166.6,0,1.1,7.7,0.0,4.9,71.8,0,1,0,0,0,0,0,0,1,1,1,0,1,0,0,0,0,0,0,0,0,1
62.7,1,30.8,125.2,84.5,218.5,150.2,0,0.0,8.6,0.9,5.4,63.0,0,1,0,0,0,0,0,0,0,1,1,0,0,0,0,0,0,0,0,0,0,1
50.1,0,40.4,140.5,85.2,150.9,144.9,0,1.5,6.1,1.3,3.4,78.0,1,1,0,0,0,0,0,0,1,1,1,0,1,0,0,0,0,0,0,0,0,1
46.1,1,39.6,132.4,73.8,170.7,158.2,0,2.7,7.3,0.4,5.4,71.0,0,1,0,0,0,0,0,0,0,1,1,0,1,0,0,0,0,0,0,0,0,1
51.7,1,29.0,136.2,84.3,127.6,165.3,0,2.0,6.5,2.9,4.4,55.9,0,1,0,0,0,0,0,0,1,1,1,0,1,0,0,0,0,0,0,0,0,1
58.6,0,33.3,123.9,84.5,208.8,161.6,0,0.7,7.9,1.5,4.0,81.1,0,1,0,0,0,0,0,0,0,1,1,0,0,0,0,0,0,0,0,0,0,1
60.5,1,30.3,133.5,76.0,171.4,132.4,0,2.0,7.5,2.6,1.9,65.3,0,1,0,0,0,0,0,0,0,1,1,0,0,0,0,0,0,0,0,0,0,1
53.3,0,34.3,130.5,90.4,148.1,153.1,1,2.3,6.2,1.4,4.3,79.8,0,1,0,0,0,0,0,0,1,1,1,0,0,0,0,0,0,0,0,0,0,1
54.8,1,33.3,120.3,87.8,126.0,169.1,0,0.8,6.8,2.4,3.0,82.1,0,1,0,0,0,0,0,0,1,1,1,0,0,0,0,0,0,0,0,0,0,1
59.2,1,36.3,122.8,87.9,127.4,179.1,0,0.9,7.7,4.9,3.0,61.3,0,0,0,0,0,0,0,0,0,0,1,0,0,0,0,0,0,0,0,0,0,1
52.0,1,37.1,115.0,93.1,169.4,171.0,0,0.8,7.0,0.7,2.8,75.7,0,1,0,0,0,0,0,0,0,1,0,0,0,0,0,0,0,0,0,0,0,1
50.2,0,35.7,126.0,91.4,144.9,189.2,0,1.6,6.6,1.9,2.0,79.3,0,0,0,0,0,0,0,0,1,1,0,0,0,0,0,0,0,0,0,0,0,1
52.1,1,33.1,138.0,94.5,163.7,167.1,0,1.9,8.9,5.0,2.8,79.3,0,1,0,0,0,0,0,0,1,1,1,0,0,0,0,0,0,0,0,0,0,1
55.1,1,26.6,122.6,91.3,131.5,165.4,0,2.0,6.7,0.4,6.5,65.3,0,0,0,0,0,0,0,0,0,1,1,0,0,0,0,0,0,0,0,0,0,1
52.1,1,30.0,157.8,80.8,162.5,200.9,0,1.9,7.2,1.7,4.5,62.8,0,1,0,0,0,0,0,0,0,1,1,0,0,0,0,0,0,0,0,0,0,1
60.7,1,29.7,134.8,84.6,154.5,181.6,1,1.6,7.0,5.1,2.3,83.0,0,1,0,0,0,0,0,0,1,0,1,0,0,0,0,0,0,0,0,0,0,1
74.6,1,33.1,138.9,97.5,184.9,159.0,1,1.9,7.1,3.8,3.9,78.5,0,1,0,0,0,0,0,0,1,0,0,0,0,0,0,0,0,0,0,0,0,1
53.5,0,32.0,133.5,88.4,149.1,186.8,1,0.0,6.4,0.2,2.8,78.0,0,1,0,0,0,0,0,0,0,1,0,0,0,0,0,0,0,0,0,0,0,1
58.1,1,26.5,126.5,92.8,146.8,221.6,0,1.5,7.0,4.7,1.0,73.7,0,1,0,0,0,0,0,0,0,0,1,0,0,0,0,0,0,0,0,0,0,1
65.6,1,26.7,124.6,74.4,199.0,184.9,0,0.1,8.0,0.6,5.8,77.3,0,0,0,0,0,0,0,0,1,1,1,0,0,0,0,0,0,0,0,0,0,1
67.4,0,28.9,118.9,79.4,126.0,165.1,0,2.6,7.3,0.4,2.9,72.7,0,1,0,0,0,0,0,0,1,1,1,0,1,0,0,0,0,0,0,0,0,1
57.0,0,30.5,152.8,84.1,186.9,176.6,0,1.3,7.0,3.6,4.5,75.6,0,0,0,0,0,0,0,0,1,1,1,0,0,0,0,0,0,0,0,0,0,1
47.9,0,28.9,143.2,82.8,175.3,125.6,0,2.2,6.5,0.2,3.5,88.7,0,1,0,0,0,0,0,0,0,1,1,0,0,0,0,0,0,0,0,0,0,1
38.3,1,28.3,149.3,74.5,164.0,165.4,0,2.5,7.0,0.3,3.6,74.4,0,1,0,0,0,0,0,0,1,1,1,0,0,0,0,0,0,0,0,0,0,1
43.2,1,36.8,143.0,81.1,169.1,210.5,0,1.3,6.8,1.9,1.9,72.5,0,1,0,0,0,0,0,0,0,0,1,0,1,0,0,0,0,0,0,0,0,1
54.4,1,27.5,133.0,90.9,137.2,174.3,0,0.0,7.7,1.9,3.3,67.8,0,1,0,0,0,0,0,0,1,1,0,0,0,0,0,0,0,0,0,0,0,1
50.0,0,26.5,119.3,83.6,253.3,165.6,0,3.2,7.0,3.7,4.8,67.1,0,1,0,0,0,0,0,0,0,1,1,0,0,0,0,0,0,0,0,0,0,1
41.4,0,38.6,127.0,78.4,151.1,156.3,0,1.4,8.2,1.9,5.0,72.2,0,1,0,0,0,0,0,0,1,0,1,0,0,0,0,0,0,0,0,0,0,1
54.8,0,31.8,135.3,84.6,199.0,178.9,0,2.0,8.3,0.5,4.5,73.8,0,1,0,0,0,0,0,0,0,1,1,0,0,0,0,0,0,0,0,0,0,1
53.7,0,36.0,149.2,75.0,186.2,183.7,0,1.2,5.8,5.7,1.0,77.0,0,0,0,0,0,0,0,0,0,1,1,0,0,0,0,0,0,0,0,0,0,1
45.1,1,32.4,154.8,85.5,133.6,186.4,0,1.3,8.0,1.0,5.1,64.0,0,0,0,0,0,0,0,0,1,1,1,0,0,0,0,0,0,0,0,0,0,1
54.8,1,28.4,126.2,73.6,196.4,176.2,0,2.3,6.1,0.1,4.6,74.9,0,1,0,0,0,0,0,0,0,1,0,0,0,0,0,0,0,0,0,0,0,1
65.2,0,32.0,117.9,80.3,146.8,194.1,0,1.4,8.9,2.3,4.2,74.7,0,0,0,0,0,0,0,0,0,1,1,0,0,0,0,0,0,0,0,0,0,1
53.8,0,31.7,141.3,88.0,157.1,158.7,0,0.9,8.3,2.4,1.8,75.7,0,1,0,0,0,0,0,0,0,1,1,0,0,0,0,0,0,0,0,0,0,1
45.3,1,37.6,131.6,92.5,190.0,179.4,0,1.6,8.0,1.3,3.8,61.7,0,1,0,0,0,0,0,0,1,1,1,0,0,0,0,0,0,0,0,0,0,1
55.7,1,26.5,136.6,72.0,161.3,182.8,1,1.9,6.4,1.9,4.0,71.1,0,1,0,0,0,0,0,0,0,1,1,0,0,0,0,0,0,0,0,0,0,1
51.6,0,35.3,123.9,91.8,154.5,147.9,1,0.0,7.9,5.0,4.2,76.2,0,1,0,0,0,0,0,0,1,1,1,0,0,0,0,0,0,0,0,0,0,1
53.8,1,31.9,134.7,79.2,254.6,147.1,0,0.7,6.3,4.0,3.1,78.5,0,1,0,0,0,0,0,0,0,1,0,0,0,0,0,0,0,0,0,0,0,1
51.8,0,31.9,131.0,88.8,166.8,193.7,0,0.7,8.3,1.6,5.4,62.8,0,1,0,0,0,0,0,0,0,1,1,0,0,0,0,0,0,0,0,0,0,1
53.4,0,26.5,127.3,87.5,197.5,229.7,0,3.2,7.7,1.0,2.5,74.8,0,1,0,0,0,0,0,0,1,1,1,0,1,0,0,0,0,0,0,0,0,1
62.0,0,28.0,134.9,73.2,141.9,188.8,0,2.3,7.9,8.7,3.5,69.1,0,1,0,0,0,0,0,0,0,1,0,0,0,0,0,0,0,0,0,0,0,1
66.1,0,31.6,130.1,91.4,169.4,174.2,1,1.6,5.7,11.0,3.9,75.1,0,1,0,0,0,0,0,0,1,1,1,0,0,0,0,0,0,0,0,0,0,1
72.6,1,31.0,156.5,88.0,192.0,164.9,0,1.2,7.5,2.8,3.3,85.6,0,1,0,0,0,0,0,0,0,1,1,0,0,0,0,0,0,0,0,0,0,1
45.8,0,28.9,127.7,89.7,206.3,168.1,0,0.8,7.5,2.5,3.5,65.8,0,0,0,0,0,0,0,0,1,1,1,0,1,0,0,0,0,0,0,0,0,1
35.0,0,36.9,128.3,87.7,166.5,176.3,0,2.5,6.6,1.3,3.4,72.2,0,1,0,0,0,0,0,0,0,0,1,0,1,0,0,0,0,0,0,0,0,1
57.8,0,34.6,132.2,85.6,210.4,187.4,0,1.6,6.3,0.8,6.4,64.6,0,0,0,0,0,0,0,0,0,1,1,0,0,0,0,0,0,0,0,0,0,1
49.1,0,35.2,154.2,89.8,134.9,164.6,0,0.9,7.2,1.7,4.1,61.9,0,1,0,0,0,0,0,0,1,1,1,0,1,0,0,0,0,0,0,0,0,1
73.3,0,29.8,130.4,80.5,134.8,183.1,0,0.7,8.1,4.9,4.4,67.8,0,1,0,0,0,0,0,0,1,1,1,0,0,0,0,0,0,0,0,0,0,1
47.3,1,34.9,147.7,76.6,148.7,168.9,0,0.6,7.7,1.4,4.7,73.7,0,1,0,0,0,0,0,0,1,1,1,0,0,0,0,0,0,0,0,0,0,1
57.4,1,46.0,140.7,93.3,137.9,182.3,0,1.2,7.5,0.2,4.3,73.7,0,1,0,0,0,0,0,0,0,1,1,0,0,0,0,0,0,0,0,0,0,1
64.9,0,32.4,142.1,75.7,186.3,178.8,0,0.0,7.2,1.4,6.5,76.9,0,0,0,0,0,0,0,0,1,0,1,0,0,0,0,0,0,0,0,0,0,1
38.9,0,34.6,139.7,87.0,193.8,196.8,0,1.1,6.3,0.1,3.0,70.4,0,1,0,0,0,0,0,0,1,0,1,0,0,0,0,0,0,0,0,0,0,1
52.0,1,28.2,129.2,92.5,127.9,188.1,0,2.6,8.3,1.2,4.0,81.5,0,1,0,0,0,0,0,0,0,1,0,0,0,0,0,0,0,0,0,0,0,1
54.2,1,31.3,128.8,72.0,185.0,174.0,1,1.9,7.1,0.0,4.1,56.4,1,1,0,0,0,0,0,0,1,1,1,0,0,0,0,0,0,0,0,0,0,1
54.8,1,37.0,130.8,82.5,141.3,174.5,0,0.0,6.6,8.0,3.6,71.5,0,0,0,0,0,0,0,0,0,0,0,0,1,0,0,0,0,0,0,0,0,1
56.6,1,29.3,148.9,87.3,152.0,179.3,0,1.9,7.1,7.3,5.0,64.5,0,1,0,0,0,0,0,0,1,1,1,0,1,0,0,0,0,0,0,0,0,1
61.2,1,31.0,121.8,75.0,168.2,168.4,0,1.3,8.0,1.7,2.0,69.1,0,1,0,0,0,0,0,0,0,1,1,0,1,0,0,0,0,0,0,0,0,1
51.3,0,36.7,135.3,84.0,165.1,202.6,0,1.3,8.2,1.2,3.3,76.9,0,1,0,0,0,0,0,0,0,1,1,0,0,0,0,0,0,0,0,0,0,1
50.1,1,38.7,136.8,78.5,208.8,180.8,0,1.4,7.1,0.3,3.6,71.5,0,1,0,0,0,0,0,0,0,1,1,0,0,0,0,0,0,0,0,0,0,1
75.9,0,31.2,121.4,77.2,167.7,203.9,0,0.8,8.1,7.3,4.3,71.2,0,1,0,0,0,0,0,0,1,1,1,0,1,0,0,0,0,0,0,0,0,1
51.7,0,30.1,127.9,85.7,126.0,169.4,0,2.2,8.0,0.8,4.1,67.2,0,1,0,0,0,0,0,0,1,1,1,0,0,0,0,0,0,0,0,0,0,1
44.9,0,36.8,148.2,88.6,155.8,180.2,0,1.4,6.9,8.1,3.1,71.4,0,1,0,0,0,0,0,0,1,0,0,0,1,0,0,0,0,0,0,0,0,1
40.6,1,37.1,132.0,81.3,126.0,184.2,0,2.4,6.7,1.8,3.6,80.7,0,0,0,0,0,0,0,0,0,1,1,0,0,0,0,0,0,0,0,0,0,1
40.1,0,34.4,130.9,73.2,172.2,188.5,1,2.8,8.9,7.3,4.3,72.2,0,1,0,0,0,0,0,0,0,1,1,0,0,0,0,0,0,0,0,0,0,1
51.6,1,36.8,139.4,77.0,213.4,186.3,1,2.1,6.8,1.4,3.9,81.3,0,1,0,0,0,0,0,0,1,1,1,0,1,0,0,0,0,0,0,0,0,1
65.0,0,33.0,142.6,83.1,162.3,172.6,0,1.9,7.6,0.5,2.3,70.4,0,1,0,0,0,0,0,0,0,1,1,0,1,0,0,0,0,0,0,0,0,1
66.5,1,37.6,148.6,79.8,213.9,131.0,0,2.9,6.3,3.0,3.5,68.4,0,1,0,0,0,0,0,0,1,1,0,0,1,0,0,0,0,0,0,0,0,1
54.2,1,28.2,134.9,84.2,141.4,151.5,0,1.9,7.1,2.9,2.4,75.6,0,0,0,0,0,0,0,0,1,1,1,0,0,0,0,0,0,0,0,0,0,1
53.9,0,31.9,128.0,81.7,189.2,158.9,0,2.5,7.3,8.3,5.2,68.3,0,1,0,0,0,0,0,0,0,0,0,0,0,0,0,0,0,0,0,0,0,1
53.9,0,28.4,123.4,81.4,192.9,165.1,1,1.4,6.9,0.5,1.1,85.6,0,1,0,0,0,0,0,0,0,1,1,0,0,0,0,0,0,0,0,0,0,1
61.9,0,26.5,140.9,82.1,170.7,164.7,0,0.4,6.4,0.3,5.0,76.8,0,1,0,0,0,0,0,0,0,1,1,0,0,0,0,0,0,0,0,0,0,1
66.9,0,33.4,137.6,75.2,126.0,139.4,0,1.9,6.5,8.0,4.3,71.8,0,1,0,0,0,0,0,0,1,0,1,0,0,0,0,0,0,0,0,0,0,1
43.4,1,28.3,154.5,89.4,157.7,204.6,0,0.9,8.2,4.8,2.5,78.5,0,1,0,0,0,0,0,0,1,1,1,0,0,0,0,0,0,0,0,0,0,1
54.4,1,27.0,139.0,76.5,187.2,182.3,1,0.5,6.8,3.2,3.6,64.8,0,1,0,0,0,0,0,0,1,1,1,0,0,0,0,0,0,0,0,0,0,1
53.9,0,31.1,126.6,78.5,126.0,173.7,0,1.2,7.8,0.1,4.4,79.4,0,1,0,0,0,0,0,0,1,1,1,0,1,0,0,0,0,0,0,0,0,1
64.7,1,38.9,148.6,84.3,157.4,188.2,1,0.5,6.8,3.8,5.1,69.5,0,0,0,0,0,0,0,0,0,0,1,0,0,0,0,0,0,0,0,0,0,1
47.2,1,26.5,143.7,85.5,225.2,195.1,0,1.8,6.7,4.1,2.8,77.7,0,1,0,0,0,0,0,0,1,1,1,0,1,0,0,0,0,0,0,0,0,1
59.2,0,33.6,140.9,90.4,165.2,160.6,0,1.5,6.3,0.2,3.4,65.7,1,1,0,0,0,0,0,0,1,1,1,0,0,0,0,0,0,0,0,0,0,1
57.7,0,34.4,115.0,74.6,201.0,183.9,1,1.3,8.7,0.8,4.4,80.1,0,1,0,0,0,0,0,0,1,1,1,0,0,0,0,0,0,0,0,0,0,1
63.6,0,37.3,115.0,94.1,159.9,186.3,0,0.4,8.6,5.2,3.9,79.6,0,0,0,0,0,0,0,0,0,1,1,0,0,0,0,0,0,0,0,0,0,1
66.0,1,26.5,134.2,87.5,225.4,185.5,0,2.2,5.4,2.5,1.0,78.9,0,1,0,0,0,0,0,0,1,1,1,0,0,0,0,0,0,0,0,0,0,1
65.1,0,38.3,142.5,85.3,182.5,164.0,0,0.1,5.7,0.4,4.7,68.8,0,1,0,0,0,0,0,0,1,1,1,0,0,0,0,0,0,0,0,0,0,1
40.2,1,28.9,137.2,78.3,141.4,171.3,0,0.1,6.9,0.1,2.3,75.4,0,1,0,0,0,0,0,0,0,1,1,0,0,0,0,0,0,0,0,0,0,1
58.1,0,36.7,121.8,75.6,155.1,172.4,0,3.1,8.5,1.7,2.7,82.7,0,1,0,0,0,0,0,0,1,1,1,0,1,0,0,0,0,0,0,0,0,1
67.8,0,32.4,154.0,87.2,126.0,160.5,0,1.4,6.1,2.6,3.3,70.5,0,1,0,0,0,0,0,0,0,1,0,0,1,0,0,0,0,0,0,0,0,1
63.9,1,36.3,117.1,80.6,203.1,190.7,0,2.0,7.8,0.7,3.7,69.0,0,0,0,0,0,0,0,0,0,1,1,0,0,0,0,0,0,0,0,0,0,1
62.6,1,33.3,131.2,74.6,202.4,208.2,0,1.5,7.4,0.6,5.4,66.8,0,1,0,0,0,0,0,0,1,1,1,0,1,0,0,0,0,0,0,0,0,1
65.9,1,39.9,142.2,81.0,154.7,169.9,0,2.0,7.2,1.8,5.1,71.2,1,1,0,0,0,0,0,0,1,1,1,0,0,0,0,0,0,0,0,0,0,1
54.5,0,29.7,145.5,91.1,243.5,146.2,1,1.2,8.3,9.0,4.0,61.7,0,1,0,0,0,0,0,0,1,1,1,0,0,0,0,0,0,0,0,0,0,1
62.6,0,40.0,133.6,93.9,167.9,164.2,0,2.5,6.8,2.5,5.3,70.7,0,1,0,0,0,0,0,0,0,1,1,0,1,0,0,0,0,0,0,0,0,1
75.3,0,31.0,121.9,85.6,216.8,170.2,1,3.5,6.1,1.5,5.5,70.0,1,1,0,0,0,0,0,0,1,1,1,0,0,0,0,0,0,0,0,0,0,1
67.2,1,27.9,120.0,83.3,193.7,175.8,0,0.2,6.9,0.2,3.5,65.4,0,1,0,0,0,0,0,0,0,1,1,0,0,0,0,0,0,0,0,0,0,1
42.6,0,32.4,149.2,81.1,187.3,192.7,0,1.6,7.4,4.3,4.2,73.0,1,0,0,0,0,0,0,0,1,1,1,0,0,0,0,0,0,0,0,0,0,1
46.7,0,33.2,149.3,94.8,214.2,193.6,1,0.7,7.2,2.0,2.7,69.6,0,1,0,0,0,0,0,0,1,1,1,0,0,0,0,0,0,0,0,0,0,1
62.1,0,34.8,132.1,77.6,204.1,183.9,0,0.6,6.6,3.3,3.6,72.7,0,1,0,0,0,0,0,0,0,1,0,0,0,0,0,0,0,0,0,0,0,1
46.8,0,26.5,139.6,76.1,181.9,184.2,0,2.8,7.9,0.5,3.3,77.3,1,0,0,0,0,0,0,0,1,1,0,0,1,0,0,0,0,0,0,0,0,1
56.9,0,35.9,134.2,77.8,133.7,156.4,1,0.7,6.4,3.9,5.5,64.7,0,1,0,0,0,0,0,0,0,1,1,0,0,0,0,0,0,0,0,0,0,1
57.7,0,26.5,133.4,85.7,182.2,167.2,0,1.1,6.8,11.1,2.7,76.0,0,1,0,0,0,0,0,0,0,1,1,0,0,0,0,0,0,0,0,0,0,1
56.7,1,38.3,116.0,86.5,236.3,181.3,0,0.2,6.6,2.0,3.4,60.6,0,1,0,0,0,0,0,0,1,1,0,0,0,0,0,0,0,0,0,0,0,1
56.0,1,28.0,153.3,84.7,142.8,184.1,1,0.4,6.1,7.0,4.5,75.9,0,1,0,0,0,0,0,0,1,1,1,0,0,0,0,0,0,0,0,0,0,1
49.1,1,31.6,138.0,89.5,239.2,155.1,0,0.8,5.5,0.1,5.2,69.3,0,1,0,0,0,0,0,0,0,1,0,0,0,0,0,0,0,0,0,0,0,1
51.9,0,26.5,135.0,86.2,227.8,173.6,0,0.4,7.8,2.1,6.5,69.0,0,0,0,0,0,0,0,0,0,0,0,0,0,0,0,0,0,0,0,0,0,1
62.2,0,30.8,123.0,93.1,134.9,177.4,0,0.0,7.0,2.5,4.3,84.4,0,1,0,0,0,0,0,0,0,1,0,0,0,0,0,0,0,0,0,0,0,1
58.1,0,31.1,149.9,88.8,185.9,178.0,0,2.0,6.6,4.7,2.0,65.1,0,0,0,0,0,0,0,0,1,0,1,0,1,0,0,0,0,0,0,0,0,1
65.2,0,36.4,118.2,88.6,126.0,172.2,1,1.0,6.8,4.0,4.2,71.0,0,1,0,0,0,0,0,0,1,1,1,0,0,0,0,0,0,0,0,0,0,1
51.6,1,36.4,136.6,101.2,179.0,170.9,1,0.8,6.0,1.2,4.8,65.1,1,1,0,0,0,0,0,0,1,1,1,0,1,0,0,0,0,0,0,0,0,1
38.8,0,32.3,145.3,84.9,126.0,171.6,1,1.9,7.2,0.3,3.7,85.3,0,1,0,0,0,0,0,0,0,1,1,0,0,0,0,0,0,0,0,0,0,1
60.3,1,26.5,146.4,89.7,161.5,203.5,0,2.4,8.4,3.7,5.5,68.4,0,1,0,0,0,0,0,0,0,1,1,0,0,0,0,0,0,0,0,0,0,1
56.3,0,35.3,138.1,86.3,152.9,186.5,0,1.7,7.1,13.6,5.9,73.0,1,1,0,0,0,0,0,0,1,1,1,0,0,0,0,0,0,0,0,0,0,1
56.0,1,35.3,140.2,86.4,172.4,165.6,0,1.4,9.5,2.6,3.3,74.7,0,0,0,0,0,0,0,0,1,1,1,0,0,0,0,0,0,0,0,0,0,1
47.6,0,26.5,145.5,90.6,126.0,172.1,0,0.9,7.0,3.5,5.6,74.8,0,1,0,0,0,0,0,0,0,1,1,0,0,0,0,0,0,0,0,0,0,1
51.0,1,36.7,127.6,94.6,188.3,163.1,1,2.4,7.4,0.2,2.2,78.4,0,1,0,0,0,0,0,0,0,1,1,0,0,0,0,0,0,0,0,0,0,1
39.4,1,27.8,119.6,95.0,199.4,171.2,0,2.2,6.6,1.4,5.1,71.2,0,1,0,0,0,0,0,0,1,1,0,0,0,0,0,0,0,0,0,0,0,1
57.3,1,29.7,147.9,80.9,190.4,203.2,0,1.8,6.1,2.0,3.6,66.1,0,0,0,0,0,0,0,0,1,0,1,0,0,0,0,0,0,0,0,0,0,1
68.0,1,35.6,138.9,78.6,173.3,121.0,1,2.3,7.8,0.9,5.0,61.0,1,1,0,0,0,0,0,0,0,1,1,0,0,0,0,0,0,0,0,0,0,1
38.2,1,28.1,131.2,85.7,161.1,174.8,0,0.4,7.2,0.3,2.7,69.0,0,1,0,0,0,0,0,0,0,1,1,0,1,0,0,0,0,0,0,0,0,1
56.2,0,26.5,151.2,79.4,160.8,193.0,1,1.5,5.9,3.8,6.5,77.2,0,1,0,0,0,0,0,0,1,1,1,0,1,0,0,0,0,0,0,0,0,1
40.8,0,31.7,139.9,93.7,178.2,183.8,0,1.0,6.0,1.1,3.4,74.9,0,1,0,0,0,0,0,0,1,1,1,0,0,0,0,0,0,0,0,0,0,1
48.8,1,32.5,153.8,88.8,157.4,171.8,0,0.4,7.2,1.3,6.5,75.3,0,0,0,0,0,0,0,0,1,1,0,0,1,0,0,0,0,0,0,0,0,1
68.2,0,30.5,139.7,78.0,181.6,194.5,0,2.5,7.7,1.1,5.0,71.2,0,1,0,0,0,0,0,0,0,1,1,0,0,0,0,0,0,0,0,0,0,1
56.5,0,27.4,130.7,79.8,188.6,193.8,0,0.0,7.2,0.9,5.3,62.6,0,1,0,0,0,0,0,0,0,1,1,0,0,0,0,0,0,0,0,0,0,1
56.0,0,30.4,140.0,87.4,177.5,183.9,0,0.4,5.8,4.0,3.2,78.5,0,1,0,0,0,0,0,0,1,1,0,0,0,0,0,0,0,0,0,0,0,1
63.0,1,31.7,141.4,94.8,166.8,169.2,1,1.7,7.9,0.6,3.2,83.6,0,1,0,0,0,0,0,0,1,0,1,0,0,0,0,0,0,0,0,0,0,1
56.6,1,39.1,146.2,92.5,134.1,171.5,0,0.1,6.4,4.0,4.3,80.7,0,1,0,0,0,0,0,0,0,1,1,0,0,0,0,0,0,0,0,0,0,1
59.4,1,34.9,144.3,75.3,173.7,159.6,0,1.5,7.5,0.1,6.5,68.4,0,0,0,0,0,0,0,0,1,1,1,0,0,0,0,0,0,0,0,0,0,1
48.7,0,31.9,133.2,90.1,231.1,198.6,0,0.6,7.6,3.6,5.3,71.0,0,1,0,0,0,0,0,0,1,1,1,0,0,0,0,0,0,0,0,0,0,1
53.2,1,38.0,137.1,73.5,158.7,199.0,0,2.0,5.9,2.4,3.2,78.7,0,1,0,0,0,0,0,0,1,0,1,0,0,0,0,0,0,0,0,0,0,1
68.5,0,30.9,128.6,86.0,165.1,163.1,0,1.1,7.2,8.6,3.4,71.2,0,0,0,0,0,0,0,0,1,1,1,0,0,0,0,0,0,0,0,0,0,1
43.5,0,30.0,141.0,80.3,148.6,185.4,0,0.9,7.6,0.7,2.8,82.9,0,1,0,0,0,0,0,0,1,1,1,0,1,0,0,0,0,0,0,0,0,1
59.5,1,29.8,138.8,73.3,155.1,147.8,0,0.0,5.3,0.8,4.3,74.1,0,0,0,0,0,0,0,0,1,1,0,0,0,0,0,0,0,0,0,0,0,1
53.5,1,30.9,145.3,89.9,138.9,179.9,0,1.9,8.2,1.9,5.0,75.5,0,1,0,0,0,0,0,0,0,1,1,0,0,0,0,0,0,0,0,0,0,1
56.4,1,32.5,124.5,82.6,199.5,186.6,0,0.5,6.3,0.3,5.1,66.8,0,1,0,0,0,0,0,0,0,1,1,0,1,0,0,0,0,0,0,0,0,1
51.3,1,31.7,140.8,96.0,150.9,180.1,0,1.8,5.5,0.5,2.5,68.3,0,0,0,0,0,0,0,0,0,0,1,0,0,0,0,0,0,0,0,0,0,1
53.6,0,35.7,150.4,83.7,129.9,178.8,0,1.7,8.4,0.0,4.9,69.1,0,1,0,0,0,0,0,0,0,0,1,0,0,0,0,0,0,0,0,0,0,1
68.1,1,26.5,149.8,82.3,196.5,164.8,0,2.9,5.6,1.4,3.0,69.0,0,0,0,0,0,0,0,0,0,1,1,0,1,0,0,0,0,0,0,0,0,1
51.7,1,28.2,125.2,76.3,159.2,152.4,0,2.8,7.5,1.7,3.3,71.5,0,0,0,0,0,0,0,0,0,1,0,0,0,0,0,0,0,0,0,0,0,1
58.9,1,37.9,158.2,79.8,151.0,181.4,0,3.0,6.1,7.6,3.1,66.4,0,1,0,0,0,0,0,0,1,1,0,0,1,0,0,0,0,0,0,0,0,1
45.5,0,27.0,135.5,87.4,155.5,174.3,0,2.6,6.3,1.3,2.3,72.8,0,1,0,0,0,0,0,0,0,1,1,0,0,0,0,0,0,0,0,0,0,1
54.1,0,29.1,153.1,81.9,151.2,192.2,0,3.5,7.9,1.1,4.0,70.2,0,1,0,0,0,0,0,0,1,1,1,0,0,0,0,0,0,0,0,0,0,1
61.4,1,29.7,131.8,72.0,199.3,155.3,1,1.3,8.6,0.8,2.2,70.4,0,1,0,0,0,0,0,0,1,1,1,0,0,0,0,0,0,0,0,0,0,1
59.5,1,28.0,149.6,77.3,126.0,185.6,0,1.2,6.0,3.6,4.2,67.7,0,0,0,0,0,0,0,0,1,1,1,0,1,0,0,0,0,0,0,0,0,1
78.2,1,37.8,148.5,89.6,152.1,150.1,0,0.6,7.4,1.1,4.0,69.6,0,1,0,0,0,0,0,0,1,1,1,0,0,0,0,0,0,0,0,0,0,1
66.5,1,26.5,125.0,85.2,186.3,193.1,0,1.7,6.9,0.8,4.7,75.8,0,1,0,0,0,0,0,0,0,1,1,0,1,0,0,0,0,0,0,0,0,1
48.7,0,32.3,142.2,87.7,141.5,188.7,0,0.7,7.6,6.3,4.8,76.7,0,0,0,0,0,0,0,0,1,1,1,0,0,0,0,0,0,0,0,0,0,1
55.0,1,35.4,138.4,85.0,126.0,198.8,0,0.3,6.8,2.3,2.7,72.9,0,1,0,0,0,0,0,0,1,1,1,0,1,0,0,0,0,0,0,0,0,1
69.7,0,36.1,122.2,85.7,142.2,164.7,0,2.3,7.0,0.1,4.5,73.5,0,1,0,0,0,0,0,0,1,1,0,0,0,0,0,0,0,0,0,0,0,1
54.3,1,40.0,130.6,72.7,150.7,197.7,1,1.8,7.1,0.6,4.3,52.1,0,1,0,0,0,0,0,0,0,1,0,0,1,0,0,0,0,0,0,0,0,1
51.4,0,29.6,140.6,84.9,126.0,183.4,0,0.7,7.6,1.0,4.9,67.1,0,1,0,0,0,0,0,0,0,1,1,0,1,0,0,0,0,0,0,0,0,1
48.0,1,34.7,132.1,74.1,193.0,166.3,0,1.5,6.4,1.9,1.1,65.8,0,1,0,0,0,0,0,0,1,1,1,0,0,0,0,0,0,0,0,0,0,1
46.2,1,27.1,115.0,88.3,126.0,189.3,1,1.8,6.2,0.2,2.8,69.3,0,0,0,0,0,0,0,0,1,1,1,0,1,0,0,0,0,0,0,0,0,1
49.2,0,27.6,129.2,72.0,183.4,215.5,0,0.0,7.6,0.4,2.1,70.8,0,1,0,0,0,0,0,0,1,1,1,0,1,0,0,0,0,0,0,0,0,1
49.5,1,33.2,158.4,89.2,183.0,191.2,0,0.6,7.1,0.3,5.5,85.2,0,1,0,0,0,0,0,0,1,1,1,0,0,0,0,0,0,0,0,0,0,1
51.2,1,33.6,149.7,86.0,151.7,172.3,1,0.7,5.6,0.9,3.3,67.7,0,1,0,0,0,0,0,0,1,1,1,0,0,0,0,0,0,0,0,0,0,1
51.1,0,29.8,132.6,73.9,182.5,160.3,0,1.5,8.0,0.5,2.6,77.5,0,1,0,0,0,0,0,0,1,1,1,0,0,0,0,0,0,0,0,0,0,1
65.6,1,30.8,144.6,89.3,158.0,166.7,0,2.3,5.6,1.5,3.8,73.5,1,1,0,0,0,0,0,0,1,1,0,0,0,0,0,0,0,0,0,0,0,1
57.7,1,31.8,120.2,98.4,129.2,161.4,0,2.2,7.6,1.5,4.1,72.3,0,0,0,0,0,0,0,0,0,1,1,0,0,0,0,0,0,0,0,0,0,1
56.3,1,31.5,128.6,90.9,173.3,158.9,0,1.4,8.8,1.6,4.9,72.6,0,1,0,0,0,0,0,0,1,1,1,0,0,0,0,0,0,0,0,0,0,1
65.6,0,28.3,135.1,89.6,191.7,198.5,0,0.0,6.9,1.1,6.1,61.1,0,1,0,0,0,0,0,0,0,1,1,0,0,0,0,0,0,0,0,0,0,1
57.4,0,28.0,149.3,93.2,226.6,173.4,1,2.2,7.6,6.9,3.3,80.1,0,1,0,0,0,0,0,0,0,1,1,0,1,0,0,0,0,0,0,0,0,1
40.3,0,27.3,129.0,81.9,173.4,159.4,1,2.2,7.9,1.2,3.9,79.5,0,0,0,0,0,0,0,0,1,1,1,0,0,0,0,0,0,0,0,0,0,1
52.0,1,38.3,118.9,75.6,187.0,179.1,0,1.4,8.7,0.3,5.2,73.2,0,0,0,0,0,0,0,0,1,1,1,0,1,0,0,0,0,0,0,0,0,1
64.0,0,36.7,142.8,86.0,132.7,200.1,0,1.4,7.0,1.5,2.6,67.5,0,1,0,0,0,0,0,0,1,1,1,0,0,0,0,0,0,0,0,0,0,1
53.7,0,28.7,136.7,98.5,162.3,167.3,0,2.8,7.9,0.6,3.9,62.4,0,1,0,0,0,0,0,0,1,1,1,0,0,0,0,0,0,0,0,0,0,1
67.1,0,29.9,122.9,81.4,191.7,141.6,0,1.3,8.4,0.3,2.4,75.2,0,1,0,0,0,0,0,0,0,0,0,0,0,0,0,0,0,0,0,0,0,1
58.1,0,34.0,128.9,78.4,127.0,128.6,0,0.0,7.3,1.8,3.7,77.1,0,1,0,0,0,0,0,0,1,1,1,0,0,0,0,0,0,0,0,0,0,1
54.4,1,27.2,119.0,79.4,126.0,170.1,0,2.0,7.8,1.2,3.7,77.3,0,0,0,0,0,0,0,0,1,1,1,0,1,0,0,0,0,0,0,0,0,1
35.0,0,38.3,138.3,86.9,162.6,204.2,1,0.0,7.1,2.4,4.7,74.6,0,1,0,0,0,0,0,0,1,0,1,0,0,0,0,0,0,0,0,0,0,1
62.3,1,29.1,132.3,80.3,126.0,162.2,1,2.2,8.4,1.2,3.0,66.8,0,1,0,0,0,0,0,0,0,1,1,0,1,0,0,0,0,0,0,0,0,1
74.7,1,30.1,115.0,80.8,138.0,178.2,0,1.6,7.7,0.4,4.1,61.4,0,1,0,0,0,0,0,0,0,1,1,0,0,0,0,0,0,0,0,0,0,1
56.3,1,36.4,127.0,92.3,161.0,191.1,0,1.7,6.6,4.9,3.8,73.1,0,1,0,0,0,0,0,0,0,1,1,0,0,0,0,0,0,0,0,0,0,1
75.8,0,34.0,134.1,80.1,148.2,234.4,0,0.0,6.5,3.6,3.5,70.0,0,0,0,0,0,0,0,0,1,1,1,0,0,0,0,0,0,0,0,0,0,1
44.7,0,30.0,142.2,81.5,173.2,169.1,1,1.5,7.1,1.6,3.9,68.7,0,1,0,0,0,0,0,0,1,1,1,0,0,0,0,0,0,0,0,0,0,1
58.2,1,28.4,129.8,83.3,178.8,172.5,0,1.7,6.8,1.0,2.8,68.2,0,0,0,0,0,0,0,0,1,0,1,0,1,0,0,0,0,0,0,0,0,1
56.1,0,26.5,115.0,80.5,184.2,170.3,1,0.8,8.2,2.1,5.6,65.2,0,1,0,0,0,0,0,0,0,1,0,0,0,0,0,0,0,0,0,0,0,1
51.1,0,36.5,150.4,75.0,132.8,175.8,0,0.9,6.6,3.3,2.6,77.6,0,1,0,0,0,0,0,0,0,1,1,0,0,0,0,0,0,0,0,0,0,1
64.7,0,35.2,136.5,97.0,223.9,173.1,0,1.8,8.4,8.1,4.8,66.4,0,1,0,0,0,0,0,0,0,1,1,0,0,0,0,0,0,0,0,0,0,1
44.3,1,37.6,115.0,85.9,137.0,199.1,0,2.4,7.1,0.6,3.8,70.0,0,1,0,0,0,0,0,0,0,1,0,0,0,0,0,0,0,0,0,0,0,1
61.1,1,33.9,138.8,78.9,166.2,185.5,0,0.4,6.2,0.1,5.6,77.3,0,1,0,0,0,0,0,0,0,0,1,0,0,0,0,0,0,0,0,0,0,1
51.8,1,26.9,136.8,91.5,134.2,189.8,1,0.0,8.1,1.4,4.1,66.3,0,1,0,0,0,0,0,0,0,1,1,0,0,0,0,0,0,0,0,0,0,1
44.8,1,31.9,115.0,74.0,198.5,173.6,0,1.9,7.4,1.2,1.7,76.3,0,1,0,0,0,0,0,0,0,1,1,0,0,0,0,0,0,0,0,0,0,1
55.2,0,41.2,143.4,86.7,185.6,170.2,0,0.2,7.1,0.3,2.7,76.0,0,1,0,0,0,0,0,0,1,1,1,0,1,0,0,0,0,0,0,0,0,1
65.1,1,29.3,133.7,90.9,168.5,176.6,0,3.3,10.3,6.5,5.2,53.9,0,1,0,0,0,0,0,0,0,1,1,0,1,0,0,0,0,0,0,0,0,1
46.5,0,33.8,137.4,72.2,162.6,180.7,0,1.5,7.8,1.8,3.8,74.2,0,1,0,0,0,0,0,0,0,1,1,0,0,0,0,0,0,0,0,0,0,1
57.8,1,33.4,145.6,77.7,202.1,184.4,1,2.1,7.1,0.6,4.8,65.7,0,0,0,0,0,0,0,0,1,1,1,0,0,0,0,0,0,0,0,0,0,1
52.5,0,29.0,126.7,77.2,208.6,181.7,0,0.2,7.7,0.0,2.6,59.6,0,0,0,0,0,0,0,0,0,1,1,0,0,0,0,0,0,0,0,0,0,1
50.8,1,32.2,115.8,86.8,137.7,180.3,0,1.9,7.6,1.2,1.7,72.6,0,1,0,0,0,0,0,0,0,1,1,0,1,0,0,0,0,0,0,0,0,1
62.4,0,33.5,121.5,83.1,195.4,179.5,0,1.7,7.1,1.0,2.4,67.9,0,1,0,0,0,0,0,0,0,1,1,0,0,0,0,0,0,0,0,0,0,1
52.1,0,35.8,137.1,87.2,174.2,201.7,0,1.1,6.5,0.6,4.9,68.3,0,1,0,0,0,0,0,0,0,1,0,0,1,0,0,0,0,0,0,0,0,1
42.2,0,29.6,135.6,79.7,146.7,167.9,0,2.7,5.8,0.8,2.0,65.3,0,1,0,0,0,0,0,0,1,1,1,0,1,0,0,0,0,0,0,0,0,1
60.9,0,31.4,144.2,92.2,202.9,164.7,0,2.6,6.3,0.4,4.3,67.0,0,1,0,0,0,0,0,0,0,1,0,0,0,0,0,0,0,0,0,0,0,1
42.9,0,28.4,126.8,100.1,126.0,167.4,0,2.3,6.2,0.5,3.4,84.7,0,1,0,0,0,0,0,0,1,0,1,0,1,0,0,0,0,0,0,0,0,1
63.8,0,31.8,139.5,88.1,126.0,147.4,0,1.1,5.8,0.6,1.6,76.3,0,1,0,0,0,0,0,0,1,1,1,0,0,0,0,0,0,0,0,0,0,1
65.3,1,40.7,127.6,86.5,196.3,197.8,0,0.8,7.1,2.0,5.0,73.9,0,0,0,0,0,0,0,0,1,1,1,0,0,0,0,0,0,0,0,0,0,1
65.1,1,28.3,142.6,74.0,136.1,169.4,0,2.7,6.3,2.1,4.0,69.0,0,1,0,0,0,0,0,0,1,1,1,0,0,0,0,0,0,0,0,0,0,1
51.4,1,26.5,147.0,86.5,133.6,164.9,0,1.5,7.8,1.2,2.7,72.6,0,1,0,0,0,0,0,0,0,1,1,0,1,0,0,0,0,0,0,0,0,1
53.9,0,36.1,144.1,92.9,147.4,191.0,0,1.8,8.7,1.1,1.7,75.3,0,1,0,0,0,0,0,0,1,1,0,0,0,0,0,0,0,0,0,0,0,1
52.4,1,39.0,117.7,88.5,167.0,204.6,0,1.9,6.5,3.6,3.4,77.6,0,1,0,0,0,0,0,0,1,1,1,0,1,0,0,0,0,0,0,0,0,1
43.4,0,30.7,129.0,83.1,210.9,178.6,0,3.5,5.8,3.3,4.4,68.0,0,1,0,0,0,0,0,0,0,1,1,0,0,0,0,0,0,0,0,0,0,1
44.1,1,33.2,130.9,82.5,126.0,163.0,0,2.1,5.8,1.3,1.3,71.4,0,1,0,0,0,0,0,0,0,1,1,0,0,0,0,0,0,0,0,0,0,1
57.4,1,30.2,133.5,91.0,155.2,195.7,0,0.9,7.0,5.5,4.0,72.6,0,0,0,0,0,0,0,0,1,1,1,0,1,0,0,0,0,0,0,0,0,1
57.9,1,32.1,137.4,96.9,221.8,176.0,0,3.2,7.4,1.6,2.4,82.3,0,1,0,0,0,0,0,0,1,1,1,0,0,0,0,0,0,0,0,0,0,1
65.0,0,38.9,146.8,85.4,126.0,170.5,1,1.3,6.6,0.4,4.8,68.3,0,1,0,0,0,0,0,0,1,1,1,0,0,0,0,0,0,0,0,0,0,1
56.6,1,31.9,150.0,75.6,162.7,198.7,0,1.7,6.7,0.3,2.6,72.7,0,1,0,0,0,0,0,0,1,0,1,0,1,0,0,0,0,0,0,0,0,1
49.5,0,28.7,138.7,92.6,158.9,188.3,1,0.0,6.7,3.0,3.6,80.3,0,0,0,0,0,0,0,0,1,1,0,0,0,0,0,0,0,0,0,0,0,1
66.0,0,40.4,144.5,96.6,191.1,158.0,0,0.4,5.4,7.8,4.8,65.5,0,1,0,0,0,0,0,0,0,1,1,0,0,0,0,0,0,0,0,0,0,1
65.8,1,30.6,154.2,79.5,232.2,176.8,0,1.2,8.4,3.6,6.0,62.0,0,1,0,0,0,0,0,0,1,1,1,0,1,0,0,0,0,0,0,0,0,1
44.1,0,32.1,131.6,92.3,166.3,183.6,0,1.9,8.1,5.6,3.7,78.4,0,1,0,0,0,0,0,0,1,1,1,0,1,0,0,0,0,0,0,0,0,1
60.7,0,34.1,135.6,86.1,159.7,167.9,0,1.7,7.4,2.4,3.1,67.6,0,1,0,0,0,0,0,0,0,1,0,0,1,0,0,0,0,0,0,0,0,1
57.2,0,30.5,143.4,72.0,126.0,184.2,0,1.3,6.8,7.4,4.2,75.1,0,1,0,0,0,0,0,0,0,1,1,0,1,0,0,0,0,0,0,0,0,1
58.2,0,31.4,137.5,83.1,194.8,218.6,0,0.5,7.0,3.7,5.9,68.9,0,0,0,0,0,0,0,0,1,1,1,0,0,0,0,0,0,0,0,0,0,1
52.7,1,31.3,129.9,89.9,230.2,187.4,0,2.2,6.3,0.4,4.7,62.4,0,1,0,0,0,0,0,0,1,1,1,0,0,0,0,0,0,0,0,0,0,1
52.1,0,36.8,128.6,80.8,182.2,169.2,0,2.0,6.0,0.5,3.1,72.9,0,1,0,0,0,0,0,0,0,1,1,0,0,0,0,0,0,0,0,0,0,1
46.7,0,33.9,128.1,77.8,161.3,187.7,1,1.0,5.7,5.8,5.2,67.1,0,1,0,0,0,0,0,0,0,0,1,0,1,0,0,0,0,0,0,0,0,1
42.4,0,26.5,134.5,92.5,249.8,202.6,0,0.8,6.5,1.8,4.5,64.1,0,0,0,0,0,0,0,0,0,1,1,0,1,0,0,0,0,0,0,0,0,1
54.7,1,31.0,153.6,82.4,156.3,156.2,0,2.2,6.2,3.5,3.4,78.5,0,1,0,0,0,0,0,0,0,1,1,0,0,0,0,0,0,0,0,0,0,1
51.6,1,34.3,117.8,87.0,144.5,188.5,1,0.8,8.2,1.1,3.8,67.7,0,1,0,0,0,0,0,0,0,1,1,0,0,0,0,0,0,0,0,0,0,1
48.8,0,35.6,129.2,73.9,153.4,186.9,0,0.0,8.8,1.2,2.8,75.5,0,0,0,0,0,0,0,0,0,1,1,0,1,0,0,0,0,0,0,0,0,1
41.6,0,31.1,152.7,78.1,146.7,162.7,0,1.3,7.7,1.6,6.5,75.2,0,1,0,0,0,0,0,0,0,1,1,0,1,0,0,0,0,0,0,0,0,1
48.4,1,41.4,136.2,85.2,126.0,151.9,0,1.9,7.2,0.6,6.5,73.3,1,1,0,0,0,0,0,0,0,1,0,0,0,0,0,0,0,0,0,0,0,1
47.1,1,30.5,132.0,87.0,196.3,165.4,1,2.4,7.6,0.4,2.6,67.8,0,1,0,0,0,0,0,0,1,1,1,0,0,0,0,0,0,0,0,0,0,1
46.8,0,31.4,131.4,83.3,191.5,203.5,0,0.8,5.9,0.7,2.7,72.2,0,1,0,0,0,0,0,0,1,1,1,0,0,0,0,0,0,0,0,0,0,1
54.4,0,27.1,141.0,81.8,126.0,212.0,0,1.3,6.0,1.7,4.6,82.0,0,1,0,0,0,0,0,0,0,1,1,0,1,0,0,0,0,0,0,0,0,1
63.6,1,33.2,136.3,79.0,164.2,146.9,0,0.3,6.1,0.7,5.0,69.1,0,1,0,0,0,0,0,0,0,1,1,0,0,0,0,0,0,0,0,0,0,1
70.0,0,36.3,152.5,72.0,126.0,179.5,0,1.0,6.4,2.7,2.7,59.1,0,1,0,0,0,0,0,0,1,1,1,0,0,0,0,0,0,0,0,0,0,1
49.8,0,33.4,148.4,94.5,134.0,177.7,0,1.7,5.4,1.8,3.7,58.1,0,1,0,0,0,0,0,0,1,1,1,0,0,0,0,0,0,0,0,0,0,1
57.0,1,28.3,128.3,86.0,211.0,161.9,1,0.1,7.5,4.0,3.5,86.2,0,1,0,0,0,0,0,0,0,1,1,0,0,0,0,0,0,0,0,0,0,1
39.3,0,27.6,131.6,75.2,163.9,169.9,1,0.0,8.5,0.3,2.1,77.5,0,1,0,0,0,0,0,0,1,1,1,0,1,0,0,0,0,0,0,0,0,1
51.4,1,29.2,139.2,90.1,222.9,191.4,0,2.7,5.7,1.4,2.7,73.2,0,1,0,0,0,0,0,0,1,1,1,0,0,0,0,0,0,0,0,0,0,1
62.7,1,30.1,134.5,82.0,144.8,167.5,0,1.0,6.7,0.2,1.0,65.3,0,0,0,0,0,0,0,0,0,0,1,0,1,0,0,0,0,0,0,0,0,1
44.2,0,31.7,143.3,82.4,181.4,206.6,1,2.3,7.8,0.9,2.7,56.2,0,0,0,0,0,0,0,0,1,1,1,0,0,0,0,0,0,0,0,0,0,1
64.2,1,34.5,128.9,82.8,170.8,177.5,0,1.4,7.7,0.9,5.1,64.3,0,1,0,0,0,0,0,0,0,1,1,0,0,0,0,0,0,0,0,0,0,1
55.8,1,34.5,123.7,89.5,162.2,175.3,1,2.2,7.7,7.2,3.8,59.9,0,1,0,0,0,0,0,0,0,0,1,0,0,0,0,0,0,0,0,0,0,1
46.5,1,32.5,141.1,83.8,193.4,190.1,0,0.4,5.9,2.6,1.5,67.6,0,0,0,0,0,0,0,0,0,1,1,0,0,0,0,0,0,0,0,0,0,1
40.0,0,29.7,140.9,94.2,154.2,191.7,0,1.5,8.5,2.8,3.4,76.8,0,1,0,0,0,0,0,0,1,1,1,0,0,0,0,0,0,0,0,0,0,1
62.8,1,31.8,129.5,99.1,190.6,186.6,1,2.5,6.2,0.7,4.9,73.1,1,1,0,0,0,0,0,0,1,1,1,0,0,0,0,0,0,0,0,0,0,1
58.3,1,34.0,137.5,88.0,181.4,216.5,0,1.8,7.9,3.7,2.9,77.7,0,1,0,0,0,0,0,0,0,1,0,0,0,0,0,0,0,0,0,0,0,1
66.5,0,27.9,128.0,86.6,154.8,189.0,1,0.0,6.9,1.3,5.4,70.8,0,1,0,0,0,0,0,0,1,1,0,0,1,0,0,0,0,0,0,0,0,1
46.1,0,29.2,130.8,74.9,216.8,166.9,0,2.5,6.0,0.8,5.3,60.1,1,1,0,0,0,0,0,0,0,1,1,0,1,0,0,0,0,0,0,0,0,1
35.0,1,30.3,137.7,81.8,151.4,182.2,1,0.0,5.7,2.6,2.9,65.2,0,1,0,0,0,0,0,0,0,1,0,0,0,0,0,0,0,0,0,0,0,1
60.9,0,36.9,140.1,85.0,201.1,209.3,0,0.8,8.0,1.6,3.5,70.9,0,1,0,0,0,0,0,0,0,1,1,0,0,0,0,0,0,0,0,0,0,1
35.0,0,35.5,149.5,86.5,196.9,201.6,0,1.0,6.2,1.1,5.1,61.7,0,1,0,0,0,0,0,0,1,1,1,0,1,0,0,0,0,0,0,0,0,1
43.6,1,32.7,135.3,84.5,131.1,175.6,0,0.2,7.7,10.5,6.4,83.8,0,1,0,0,0,0,0,0,1,1,1,0,0,0,0,0,0,0,0,0,0,1
50.3,1,31.3,131.3,81.3,199.8,150.1,1,0.0,7.4,1.2,3.7,62.6,1,1,0,0,0,0,0,0,1,1,1,0,1,0,0,0,0,0,0,0,0,1
54.3,0,26.5,125.5,82.2,126.0,187.0,0,0.7,5.6,2.6,4.0,76.2,0,1,0,0,0,0,0,0,0,1,1,0,1,0,0,0,0,0,0,0,0,1
61.2,0,30.1,116.9,73.5,172.9,157.0,0,2.6,6.6,2.2,6.0,71.4,0,1,0,0,0,0,0,0,0,1,0,0,0,0,0,0,0,0,0,0,0,1
72.3,1,28.0,125.0,82.0,139.5,181.6,1,1.7,6.1,0.8,3.2,74.1,0,0,0,0,0,0,0,0,0,1,1,0,1,0,0,0,0,0,0,0,0,1
64.8,0,36.8,145.3,80.1,126.0,210.7,0,0.0,6.5,8.3,4.2,69.3,0,1,0,0,0,0,0,0,1,1,1,0,0,0,0,0,0,0,0,0,0,1
45.7,0,36.9,118.1,83.8,153.2,167.9,0,1.7,7.8,2.6,4.1,76.9,0,1,0,0,0,0,0,0,1,1,0,0,0,0,0,0,0,0,0,0,0,1
41.3,1,34.6,128.3,82.8,126.0,187.4,1,1.9,6.5,0.7,4.9,79.7,0,1,0,0,0,0,0,0,1,1,1,0,1,0,0,0,0,0,0,0,0,1
60.5,1,34.0,139.0,81.5,157.4,179.8,1,1.8,9.3,0.5,3.5,60.8,0,0,0,0,0,0,0,0,0,1,0,0,0,0,0,0,0,0,0,0,0,1
35.4,0,33.3,144.6,87.0,148.1,161.4,0,0.2,6.1,1.5,3.4,63.6,0,0,0,0,0,0,0,0,0,1,1,0,1,0,0,0,0,0,0,0,0,1
68.2,0,31.8,131.8,101.3,154.5,183.6,0,0.6,6.3,3.3,4.9,71.3,0,1,0,0,0,0,0,0,1,1,1,0,0,0,0,0,0,0,0,0,0,1
59.3,0,26.5,146.9,74.7,196.3,190.2,0,2.2,7.2,4.2,3.0,97.4,0,1,0,0,0,0,0,0,0,1,1,0,0,0,0,0,0,0,0,0,0,1
56.3,1,32.6,127.4,76.8,160.4,187.4,1,0.4,7.5,4.6,3.7,77.2,1,1,0,0,0,0,0,0,0,1,1,0,0,0,0,0,0,0,0,0,0,1
57.4,1,33.4,143.9,72.0,138.3,215.6,1,0.0,5.6,2.1,3.7,60.1,1,1,0,0,0,0,0,0,0,0,1,0,0,0,0,0,0,0,0,0,0,1
58.4,0,27.8,134.3,80.4,173.0,156.7,0,2.6,7.5,2.8,3.9,68.6,0,1,0,0,0,0,0,0,1,1,0,0,1,0,0,0,0,0,0,0,0,1
59.5,0,32.3,139.5,82.0,143.3,144.0,1,2.1,7.5,1.0,3.6,76.0,0,1,0,0,0,0,0,0,1,1,0,0,0,0,0,0,0,0,0,0,0,1
63.2,0,29.9,140.2,80.3,126.0,181.3,0,1.1,5.4,6.1,4.1,55.2,0,1,0,0,0,0,0,0,0,1,0,0,0,0,0,0,0,0,0,0,0,1
75.7,1,30.6,129.4,72.0,226.3,179.2,1,0.5,7.6,4.3,2.7,65.7,0,1,0,0,0,0,0,0,1,1,0,0,1,0,0,0,0,0,0,0,0,1
58.7,0,28.1,123.9,86.7,131.1,186.2,0,1.3,8.0,1.2,5.1,63.1,0,1,0,0,0,0,0,0,1,1,0,0,0,0,0,0,0,0,0,0,0,1
38.4,1,31.8,158.7,93.8,183.7,170.6,0,2.0,7.1,5.5,3.1,78.9,0,1,0,0,0,0,0,0,1,1,1,0,0,0,0,0,0,0,0,0,0,1
44.9,1,35.2,141.4,93.2,167.2,196.7,0,2.7,7.5,0.7,4.7,74.6,0,1,0,0,0,0,0,0,1,1,0,0,0,0,0,0,0,0,0,0,0,1
48.1,1,28.6,156.4,78.8,223.0,164.9,1,2.2,6.7,0.2,3.7,72.0,0,1,0,0,0,0,0,0,0,1,1,0,0,0,0,0,0,0,0,0,0,1
70.9,1,26.5,122.5,84.8,171.3,174.0,1,1.6,6.7,9.3,3.0,78.8,0,1,0,0,0,0,0,0,1,1,1,0,0,0,0,0,0,0,0,0,0,1
49.8,0,28.3,133.8,72.0,177.9,165.6,0,2.0,6.8,2.6,5.7,63.8,0,1,0,0,0,0,0,0,0,1,1,0,0,0,0,0,0,0,0,0,0,1
36.7,1,31.0,138.4,72.0,163.4,177.7,0,1.7,7.8,0.1,3.3,85.9,0,1,0,0,0,0,0,0,1,1,1,0,0,0,0,0,0,0,0,0,0,1
51.4,0,29.0,120.2,90.6,128.7,157.4,0,0.6,6.5,0.7,5.5,65.4,1,1,0,0,0,0,0,0,0,1,1,0,0,0,0,0,0,0,0,0,0,1
56.9,1,36.1,135.4,85.3,150.1,145.4,0,2.1,7.6,1.7,3.7,73.7,0,1,0,0,0,0,0,0,0,1,1,0,1,0,0,0,0,0,0,0,0,1
56.3,0,28.6,140.3,100.9,207.8,173.1,0,0.1,7.5,9.4,2.6,66.8,1,0,0,0,0,0,0,0,0,1,1,0,0,0,0,0,0,0,0,0,0,1
35.0,0,35.1,130.9,75.2,166.8,175.7,1,2.1,6.4,0.4,2.0,73.6,0,0,0,0,0,0,0,0,1,0,0,0,0,0,0,0,0,0,0,0,0,1
43.4,0,31.2,130.6,92.7,176.7,203.7,1,2.4,8.5,1.4,2.6,78.1,1,0,0,0,0,0,0,0,0,0,1,0,0,0,0,0,0,0,0,0,0,1
52.3,0,26.7,126.1,79.3,272.6,159.3,0,0.4,7.6,1.8,2.4,77.1,0,1,0,0,0,0,0,0,1,1,1,0,0,0,0,0,0,0,0,0,0,1
56.0,0,34.8,138.1,72.0,151.6,200.5,0,0.0,7.0,1.6,3.4,77.0,0,0,0,0,0,0,0,0,1,0,0,0,0,0,0,0,0,0,0,0,0,1
60.2,0,35.1,128.8,76.0,155.5,205.7,0,2.1,7.6,1.8,3.0,66.7,0,1,0,0,0,0,0,0,0,1,1,0,0,0,0,0,0,0,0,0,0,1
45.8,1,29.1,134.5,104.3,171.9,182.1,0,2.2,6.7,0.8,2.8,76.5,0,1,0,0,0,0,0,0,0,1,1,0,1,0,0,0,0,0,0,0,0,1
49.5,0,33.9,142.5,100.5,100.4,163.4,1,2.2,9.6,15.0,5.2,74.4,0,0,0,0,0,0,1,0,0,0,0,0,0,0,0,0,0,0,0,0,0,2
46.3,1,36.9,138.0,91.4,90.1,187.3,0,3.2,6.4,17.3,3.0,68.3,0,0,0,0,1,0,1,0,0,0,0,0,0,0,0,0,0,0,1,0,0,2
48.1,1,28.3,147.1,88.0,93.3,181.5,0,3.0,6.1,20.9,3.2,75.0,0,0,0,0,0,0,1,0,0,0,0,0,0,0,0,0,0,0,1,0,0,2
64.0,0,35.2,166.9,90.1,85.9,142.9,0,3.9,6.3,16.9,4.6,72.8,1,0,0,0,1,0,1,0,0,0,0,0,0,0,0,0,0,0,0,0,0,2
49.1,0,32.4,142.2,93.7,91.5,178.4,0,3.5,8.0,21.0,3.5,68.9,0,0,0,0,1,0,1,0,0,0,0,0,0,0,0,0,0,0,0,0,0,2
51.7,1,33.4,167.5,97.4,99.8,173.0,0,3.7,7.3,8.9,5.7,74.9,0,0,0,0,1,0,1,0,0,0,0,0,0,0,0,0,0,0,1,0,0,2
35.2,1,26.2,167.5,91.8,91.0,175.1,0,5.1,6.2,8.7,3.8,63.0,0,0,0,0,1,0,1,0,0,0,0,0,0,0,0,0,0,0,1,0,0,2
35.9,1,25.9,158.1,108.1,101.6,181.8,0,4.6,7.7,6.4,3.8,73.5,0,0,0,0,1,0,1,0,0,0,0,0,0,0,0,0,0,0,0,0,0,2
38.6,0,30.2,148.0,88.0,87.6,192.1,1,5.3,7.7,24.3,5.0,74.7,0,0,0,0,1,0,1,0,0,0,0,0,0,0,0,0,0,0,1,0,0,2
63.7,1,29.5,142.5,88.0,90.7,214.6,0,3.7,6.5,11.9,6.3,78.9,0,0,0,0,0,0,1,0,0,0,0,0,0,0,0,0,0,0,1,0,0,2
50.0,1,23.5,153.9,103.6,78.9,210.2,1,6.4,5.6,24.7,4.7,69.3,0,0,0,0,1,0,1,0,0,0,0,0,0,0,0,0,0,0,0,0,0,2
37.6,0,33.6,145.4,97.3,77.2,174.5,0,4.5,7.1,19.8,3.6,72.3,0,0,0,0,0,0,1,0,0,0,0,0,0,0,0,0,0,0,1,0,0,2
49.0,0,24.5,146.7,88.0,91.4,178.1,0,2.8,7.3,3.9,5.6,73.9,0,0,0,0,1,0,1,0,0,0,0,0,0,0,0,0,0,0,1,0,0,2
72.5,1,29.7,163.2,89.5,101.4,202.2,0,0.8,7.1,15.4,4.9,72.4,0,0,0,0,1,0,1,0,0,0,0,0,0,0,0,0,0,0,1,0,0,2
59.2,0,27.6,156.7,88.0,81.0,216.8,0,1.9,8.2,8.1,3.9,79.2,0,0,0,0,0,0,1,0,0,0,0,0,0,0,0,0,0,0,0,0,0,2
42.1,1,25.7,138.0,94.7,90.9,202.7,1,3.9,7.6,2.7,4.7,75.4,0,0,0,0,1,0,0,0,0,0,0,0,0,0,0,0,0,0,1,0,0,2
62.0,1,23.5,143.7,88.0,96.9,178.4,1,3.7,8.3,2.0,1.0,71.9,0,0,0,0,1,0,1,0,0,0,0,0,0,0,0,0,0,0,0,0,0,2
66.3,1,27.3,166.6,88.0,92.1,183.7,1,1.1,6.7,14.0,4.8,88.2,0,0,0,0,0,0,1,0,0,0,0,0,0,0,0,0,0,0,1,0,0,2
44.4,1,31.2,142.8,88.0,76.4,167.1,0,2.3,7.3,27.9,4.5,74.1,0,0,0,0,0,0,0,0,0,0,0,0,0,0,0,0,0,0,0,0,0,2
38.4,1,30.2,155.3,101.4,97.8,178.6,0,3.2,7.6,4.4,5.5,79.3,0,0,0,0,0,0,1,0,0,0,0,0,0,0,0,0,0,0,0,0,0,2
42.8,1,29.2,152.9,94.2,86.7,167.4,1,5.9,7.8,26.2,3.8,71.2,0,0,0,0,1,0,1,0,0,0,0,0,0,0,0,0,0,0,1,0,0,2
65.6,0,30.0,145.3,99.6,87.9,189.3,0,6.8,7.8,21.4,4.6,74.4,0,0,0,0,1,0,1,0,0,0,0,0,0,0,0,0,0,0,0,0,0,2
54.2,0,30.3,149.7,90.9,93.7,177.9,0,3.5,6.9,7.6,4.0,85.4,0,0,0,0,0,0,1,0,0,0,0,0,0,0,0,0,0,0,0,0,0,2
67.9,1,34.4,153.6,103.9,79.0,194.2,0,3.1,7.7,10.3,3.7,81.2,0,0,0,0,1,0,0,0,0,0,0,0,0,0,0,0,0,0,0,0,0,2
68.2,1,28.8,138.0,91.9,94.4,174.8,0,3.3,5.6,11.5,3.2,80.4,0,0,0,0,0,0,1,0,0,0,0,0,0,0,0,0,0,0,1,0,0,2
51.2,1,31.6,149.6,99.4,82.2,214.0,1,3.4,8.3,12.6,2.8,64.6,1,0,0,0,1,0,0,0,0,0,0,0,0,0,0,0,0,0,0,0,0,2
50.2,1,28.4,138.0,89.5,81.8,196.6,0,0.6,7.6,16.6,5.9,67.4,0,0,0,0,1,0,1,0,0,0,0,0,0,0,0,0,0,0,1,0,0,2
51.7,0,32.4,162.9,88.0,91.3,169.6,0,5.5,6.1,15.0,4.2,70.4,1,0,0,0,0,0,0,0,0,0,0,0,0,0,0,0,0,0,0,0,0,2
53.9,1,28.2,154.5,88.0,79.7,207.1,0,5.6,8.1,2.0,3.8,63.6,0,0,0,0,0,0,0,0,0,0,0,0,0,0,0,0,0,0,0,0,0,2
58.7,0,23.5,152.7,100.3,88.8,184.4,0,4.6,7.4,9.4,3.0,66.0,0,0,0,0,1,0,0,0,0,0,0,0,0,0,0,0,0,0,1,0,0,2
56.6,0,30.9,158.7,101.7,84.3,172.1,1,7.6,5.7,22.6,1.3,70.3,0,0,0,0,0,0,1,0,0,0,0,0,0,0,0,0,0,0,1,0,0,2
49.1,1,30.3,150.5,101.6,105.0,195.3,0,2.7,7.2,8.2,5.8,66.6,0,0,0,0,1,0,1,0,0,0,0,0,0,0,0,0,0,0,0,0,0,2
56.1,1,23.5,158.8,94.3,102.8,189.8,0,3.3,8.7,21.0,3.1,88.3,0,0,0,0,1,0,1,0,0,0,0,0,0,0,0,0,0,0,0,0,0,2
44.7,0,29.7,145.3,99.4,84.2,175.7,0,3.8,6.3,21.4,1.0,68.2,0,0,0,0,0,0,1,0,0,0,0,0,0,0,0,0,0,0,1,0,0,2
69.7,0,23.5,156.1,88.0,102.1,176.0,1,1.4,5.8,14.4,3.3,66.0,0,0,0,0,0,0,1,0,0,0,0,0,0,0,0,0,0,0,0,0,0,2
62.1,1,27.0,151.3,99.6,84.6,191.7,1,1.9,8.6,2.0,3.1,91.6,0,0,0,0,1,0,1,0,0,0,0,0,0,0,0,0,0,0,1,0,0,2
50.5,1,26.6,143.5,98.8,86.0,198.2,0,0.5,5.9,15.8,4.6,74.6,1,0,0,0,0,0,1,0,0,0,0,0,0,0,0,0,0,0,0,0,0,2
60.5,0,31.6,139.4,92.3,92.6,188.5,1,3.3,6.6,7.2,4.4,75.7,0,0,0,0,0,0,1,0,0,0,0,0,0,0,0,0,0,0,0,0,0,2
46.2,1,24.2,154.1,91.6,78.1,191.4,0,3.3,7.5,11.3,3.3,65.0,0,0,0,0,0,0,1,0,0,0,0,0,0,0,0,0,0,0,1,0,0,2
56.7,0,32.4,157.7,102.8,85.0,149.1,0,3.8,6.7,10.8,5.7,66.7,0,0,0,0,1,0,0,0,0,0,0,0,0,0,0,0,0,0,1,0,0,2
65.8,0,24.5,145.1,101.0,75.8,186.3,0,3.2,8.7,7.0,2.9,59.4,0,0,0,0,1,0,1,0,0,0,0,0,0,0,0,0,0,0,1,0,0,2
52.9,0,29.8,173.2,105.5,82.2,200.7,0,4.2,7.5,2.5,4.0,71.8,0,0,0,0,1,0,0,0,0,0,0,0,0,0,0,0,0,0,0,0,0,2
68.8,0,28.6,160.4,113.7,83.8,184.5,0,3.2,7.6,2.0,3.0,65.8,0,0,0,0,0,0,0,0,0,0,0,0,0,0,0,0,0,0,1,0,0,2
48.7,0,24.6,155.7,92.5,88.4,169.9,0,0.8,8.4,18.1,3.6,75.0,0,0,0,0,1,0,1,0,0,0,0,0,0,0,0,0,0,0,0,0,0,2
42.1,0,28.2,169.8,101.2,82.5,160.7,0,2.9,7.6,2.8,2.5,56.3,0,0,0,0,1,0,1,0,0,0,0,0,0,0,0,0,0,0,1,0,0,2
55.9,0,29.9,147.6,98.2,78.5,164.9,0,3.9,8.3,10.7,5.0,66.5,0,0,0,0,1,0,1,0,0,0,0,0,0,0,0,0,0,0,1,0,0,2
71.7,0,28.2,181.9,111.1,87.3,168.3,0,1.0,8.6,17.6,3.5,76.2,0,0,0,0,1,0,0,0,0,0,0,0,0,0,0,0,0,0,1,0,0,2
67.9,0,30.7,147.5,94.7,83.8,154.7,0,-0.4,6.9,7.7,3.3,82.7,0,0,0,0,0,0,1,0,0,0,0,0,0,0,0,0,0,0,1,0,0,2
39.1,1,31.5,163.1,96.7,90.7,200.6,0,5.7,8.3,4.0,3.2,72.4,0,0,0,0,1,0,1,0,0,0,0,0,0,0,0,0,0,0,1,0,0,2
54.4,1,31.2,138.0,98.8,96.7,159.1,0,2.4,7.7,18.4,4.0,73.1,0,0,0,0,1,0,1,0,0,0,0,0,0,0,0,0,0,0,0,0,0,2
78.3,0,30.2,176.9,102.7,88.1,156.2,0,3.1,7.4,6.1,4.0,62.6,0,0,0,0,0,0,1,0,0,0,0,0,0,0,0,0,0,0,0,0,0,2
46.9,0,32.2,138.0,115.8,107.6,173.5,1,4.0,7.7,17.7,4.0,75.9,0,0,0,0,0,0,1,0,0,0,0,0,0,0,0,0,0,0,1,0,0,2
44.0,1,25.7,147.6,100.3,82.9,168.3,0,5.4,8.6,7.9,3.5,71.8,0,0,0,0,1,0,1,0,0,0,0,0,0,0,0,0,0,0,1,0,0,2
65.0,0,25.4,140.7,92.1,82.2,174.0,1,4.1,7.0,17.8,3.4,68.9,0,0,0,0,1,0,1,0,0,0,0,0,0,0,0,0,0,0,1,0,0,2
62.9,1,29.2,189.3,99.1,82.8,195.8,0,3.8,6.1,12.3,4.1,66.6,0,0,0,0,0,0,0,0,0,0,0,0,0,0,0,0,0,0,1,0,0,2
59.9,0,25.8,164.6,103.6,91.2,185.1,0,2.1,7.4,18.8,3.9,71.0,0,0,0,0,0,0,0,0,0,0,0,0,0,0,0,0,0,0,1,0,0,2
56.7,1,26.5,170.1,88.0,80.7,187.1,0,5.6,7.8,19.8,3.7,62.7,0,0,0,0,0,0,0,0,0,0,0,0,0,0,0,0,0,0,0,0,0,2
68.8,0,26.3,156.5,92.4,88.7,169.3,0,6.8,7.0,15.9,3.5,69.1,0,0,0,0,0,0,0,0,0,0,0,0,0,0,0,0,0,0,0,0,0,2
67.4,0,24.4,187.0,104.4,100.0,201.0,0,5.1,6.3,17.9,1.6,80.8,0,0,0,0,0,0,1,0,0,0,0,0,0,0,0,0,0,0,0,0,0,2
55.7,1,24.7,152.1,104.5,89.0,219.8,0,4.8,7.5,17.4,4.8,65.8,0,0,0,0,1,0,1,0,0,0,0,0,0,0,0,0,0,0,1,0,0,2
42.7,1,28.0,138.0,93.8,85.7,173.3,1,3.3,7.4,14.6,5.4,78.1,1,0,0,0,1,0,1,0,0,0,0,0,0,0,0,0,0,0,0,0,0,2
52.4,1,25.4,171.8,111.9,100.6,155.7,0,2.4,7.6,11.6,2.3,73.0,0,0,0,0,0,0,0,0,0,0,0,0,0,0,0,0,0,0,0,0,0,2
32.7,1,27.2,160.7,88.2,78.7,179.2,1,2.8,6.8,20.1,5.1,77.0,0,0,0,0,1,0,1,0,0,0,0,0,0,0,0,0,0,0,1,0,0,2
44.0,0,23.5,159.5,104.3,69.7,181.3,0,2.7,7.1,18.4,6.5,63.0,0,0,0,0,1,0,0,0,0,0,0,0,0,0,0,0,0,0,1,0,0,2
48.2,1,31.4,143.1,91.0,106.2,202.2,0,3.8,9.3,13.4,5.6,64.9,1,0,0,0,1,0,1,0,0,0,0,0,0,0,0,0,0,0,0,0,0,2
53.8,1,27.0,177.2,90.4,87.1,214.1,0,1.7,6.3,18.0,2.7,70.1,1,0,0,0,1,0,1,0,0,0,0,0,0,0,0,0,0,0,0,0,0,2
52.4,0,30.5,146.6,114.9,95.2,167.7,0,6.9,7.1,25.7,4.2,66.1,0,0,0,0,1,0,0,0,0,0,0,0,0,0,0,0,0,0,0,0,0,2
61.3,1,32.0,144.8,88.0,81.5,184.5,0,4.9,6.9,12.5,5.3,65.8,0,0,0,0,1,0,1,0,0,0,0,0,0,0,0,0,0,0,0,0,0,2
50.9,1,35.2,154.0,110.7,80.8,127.9,0,5.1,8.1,13.1,4.5,76.0,0,0,0,0,1,0,1,0,0,0,0,0,0,0,0,0,0,0,1,0,0,2
53.7,0,34.8,163.0,106.2,91.9,225.4,0,2.4,6.8,4.3,5.1,80.1,1,0,0,0,0,0,1,0,0,0,0,0,0,0,0,0,0,0,0,0,0,2
60.9,1,34.5,145.9,93.6,91.4,178.6,1,7.9,6.8,14.4,5.1,72.0,1,0,0,0,0,0,1,0,0,0,0,0,0,0,0,0,0,0,0,0,0,2
74.1,0,27.6,138.0,88.0,97.3,188.4,0,6.4,7.8,3.1,4.9,61.5,0,0,0,0,1,0,0,0,0,0,0,0,0,0,0,0,0,0,1,0,0,2
51.8,0,26.6,160.3,92.0,95.5,176.1,0,4.3,6.3,20.6,3.7,63.3,0,0,0,0,0,0,0,0,0,0,0,0,0,0,0,0,0,0,0,0,0,2
48.3,0,36.6,138.0,93.2,77.6,200.3,0,1.3,6.5,5.5,2.9,65.2,0,0,0,0,1,0,0,0,0,0,0,0,0,0,0,0,0,0,1,0,0,2
64.5,1,32.8,142.9,108.3,80.5,167.8,0,4.4,7.9,11.3,3.9,74.1,0,0,0,0,0,0,0,0,0,0,0,0,0,0,0,0,0,0,0,0,0,2
53.9,0,26.1,172.6,88.3,97.1,180.0,0,3.7,6.6,16.0,3.2,75.6,0,0,0,0,1,0,0,0,0,0,0,0,0,0,0,0,0,0,0,0,0,2
58.4,1,23.5,151.7,99.1,103.3,163.7,0,4.5,9.1,8.9,1.6,75.5,0,0,0,0,0,0,1,0,0,0,0,0,0,0,0,0,0,0,0,0,0,2
49.6,1,30.9,143.7,93.8,99.1,212.1,1,3.3,6.9,2.0,3.9,75.0,0,0,0,0,0,0,0,0,0,0,0,0,0,0,0,0,0,0,1,0,0,2
67.3,1,31.3,138.0,107.2,90.1,169.4,1,3.7,6.8,11.7,4.6,61.4,0,0,0,0,0,0,0,0,0,0,0,0,0,0,0,0,0,0,1,0,0,2
59.8,0,34.1,183.4,99.2,72.7,186.0,0,2.9,7.8,24.0,5.3,69.6,0,0,0,0,1,0,1,0,0,0,0,0,0,0,0,0,0,0,1,0,0,2
57.5,0,30.7,139.4,99.4,80.7,180.2,1,2.2,8.3,12.1,5.6,73.2,1,0,0,0,1,0,1,0,0,0,0,0,0,0,0,0,0,0,0,0,0,2
69.5,1,31.9,157.2,109.7,99.9,165.5,0,4.3,5.7,15.6,2.5,77.2,0,0,0,0,1,0,1,0,0,0,0,0,0,0,0,0,0,0,0,0,0,2
52.5,0,31.8,146.4,97.8,85.3,189.0,1,3.2,8.6,19.4,4.3,63.1,0,0,0,0,1,0,1,0,0,0,0,0,0,0,0,0,0,0,0,0,0,2
52.2,0,30.0,150.6,94.7,85.3,153.8,0,4.2,6.7,15.6,1.9,75.2,0,0,0,0,1,0,1,0,0,0,0,0,0,0,0,0,0,0,0,0,0,2
58.1,0,31.3,167.3,97.6,81.8,153.5,0,3.8,7.2,11.5,4.1,74.7,0,0,0,0,1,0,1,0,0,0,0,0,0,0,0,0,0,0,1,0,0,2
59.6,1,26.2,162.4,103.2,78.2,185.3,0,4.4,7.6,15.2,4.9,68.5,0,0,0,0,0,0,1,0,0,0,0,0,0,0,0,0,0,0,1,0,0,2
66.7,1,25.5,148.1,93.7,90.4,162.8,0,5.6,7.2,15.0,4.4,72.1,0,0,0,0,0,0,1,0,0,0,0,0,0,0,0,0,0,0,1,0,0,2
53.5,1,23.5,150.1,96.6,75.4,180.8,0,2.9,7.6,37.1,3.4,64.4,0,0,0,0,1,0,1,0,0,0,0,0,0,0,0,0,0,0,0,0,0,2
43.4,1,34.5,186.9,98.6,102.4,152.6,0,6.6,7.0,5.8,4.1,68.7,0,0,0,0,1,0,1,0,0,0,0,0,0,0,0,0,0,0,1,0,0,2
51.4,0,29.9,141.6,102.0,90.1,172.6,0,2.3,7.0,8.8,2.6,76.5,0,0,0,0,0,0,1,0,0,0,0,0,0,0,0,0,0,0,0,0,0,2
54.5,1,29.0,157.3,92.4,82.6,170.7,0,5.7,5.7,7.7,7.3,68.1,0,0,0,0,1,0,1,0,0,0,0,0,0,0,0,0,0,0,0,0,0,2
69.1,0,29.6,190.0,99.7,91.2,208.3,0,3.4,7.3,20.3,2.9,66.8,0,0,0,0,1,0,1,0,0,0,0,0,0,0,0,0,0,0,0,0,0,2
53.7,0,28.6,156.6,96.4,80.1,187.7,1,4.6,7.3,9.5,3.0,67.8,0,0,0,0,0,0,1,0,0,0,0,0,0,0,0,0,0,0,0,0,0,2
54.8,0,29.9,150.4,94.6,94.7,197.4,0,3.1,8.4,2.0,4.1,75.6,0,0,0,0,1,0,1,0,0,0,0,0,0,0,0,0,0,0,1,0,0,2
58.4,1,32.2,173.9,104.7,98.6,182.5,0,3.1,5.3,28.7,5.5,67.2,0,0,0,0,1,0,1,0,0,0,0,0,0,0,0,0,0,0,1,0,0,2
52.8,1,33.8,158.9,92.7,91.7,182.8,0,4.5,7.2,13.0,5.6,62.2,0,0,0,0,1,0,0,0,0,0,0,0,0,0,0,0,0,0,1,0,0,2
54.9,1,28.8,140.5,106.4,93.5,163.4,0,2.8,5.6,16.2,3.5,71.7,0,0,0,0,1,0,1,0,0,0,0,0,0,0,0,0,0,0,1,0,0,2
54.1,1,25.7,165.3,90.6,91.6,183.8,1,5.1,6.8,3.2,3.9,74.5,0,0,0,0,1,0,0,0,0,0,0,0,0,0,0,0,0,0,0,0,0,2
52.8,0,27.4,159.4,94.7,102.4,187.7,0,3.4,7.6,18.6,3.6,65.9,0,0,0,0,1,0,1,0,0,0,0,0,0,0,0,0,0,0,1,0,0,2
55.7,0,25.5,194.8,96.0,98.4,204.1,0,6.7,7.4,20.7,3.1,61.1,0,0,0,0,0,0,1,0,0,0,0,0,0,0,0,0,0,0,0,0,0,2
64.1,0,33.6,150.5,109.6,85.9,192.3,0,2.8,6.7,20.4,5.3,78.2,0,0,0,0,0,0,1,0,0,0,0,0,0,0,0,0,0,0,0,0,0,2
56.0,1,34.6,156.9,99.0,88.8,169.5,0,4.1,9.2,7.2,4.2,70.9,0,0,0,0,1,0,1,0,0,0,0,0,0,0,0,0,0,0,1,0,0,2
47.0,0,26.3,165.2,88.0,94.4,213.6,1,3.5,7.6,4.5,3.7,70.7,0,0,0,0,1,0,0,0,0,0,0,0,0,0,0,0,0,0,1,0,0,2
58.4,0,26.6,144.3,103.4,83.3,190.8,0,4.1,6.5,8.5,2.8,75.1,0,0,0,0,1,0,1,0,0,0,0,0,0,0,0,0,0,0,1,0,0,2
78.0,1,38.3,163.4,110.1,91.4,159.5,1,3.7,7.9,2.0,5.8,78.1,0,0,0,0,1,0,1,0,0,0,0,0,0,0,0,0,0,0,0,0,0,2
60.0,0,26.6,160.1,88.0,78.1,159.1,0,5.6,7.2,11.2,4.6,78.6,0,0,0,0,1,0,1,0,0,0,0,0,0,0,0,0,0,0,0,0,0,2
36.5,0,37.9,139.6,95.2,87.2,182.7,1,5.7,6.4,14.6,4.4,65.9,0,0,0,0,1,0,1,0,0,0,0,0,0,0,0,0,0,0,0,0,0,2
59.9,0,27.9,145.7,88.0,89.5,196.9,1,4.0,9.0,14.9,5.8,63.4,0,0,0,0,1,0,1,0,0,0,0,0,0,0,0,0,0,0,0,0,0,2
57.5,1,34.9,157.4,88.0,85.1,178.2,0,1.7,7.7,8.3,4.3,71.1,0,0,0,0,0,0,1,0,0,0,0,0,0,0,0,0,0,0,1,0,0,2
56.3,1,25.6,158.4,94.1,97.8,192.4,0,5.7,6.1,30.0,3.3,91.0,0,0,0,0,1,0,1,0,0,0,0,0,0,0,0,0,0,0,0,0,0,2
40.5,1,40.0,138.0,98.9,93.5,162.7,1,3.8,8.0,15.0,4.7,57.2,0,0,0,0,0,0,1,0,0,0,0,0,0,0,0,0,0,0,1,0,0,2
74.9,1,27.4,166.4,95.5,93.8,206.2,1,4.1,7.8,14.2,2.6,69.8,0,0,0,0,0,0,1,0,0,0,0,0,0,0,0,0,0,0,1,0,0,2
60.8,1,31.3,145.4,104.0,77.5,230.5,0,1.6,8.0,23.5,4.1,66.5,0,0,0,0,1,0,1,0,0,0,0,0,0,0,0,0,0,0,1,0,0,2
70.3,0,26.7,155.8,90.8,84.0,179.5,0,5.0,7.7,5.3,2.9,66.3,0,0,0,0,0,0,1,0,0,0,0,0,0,0,0,0,0,0,0,0,0,2
66.8,1,30.1,176.7,89.3,69.9,198.6,0,4.3,7.4,2.0,3.5,72.7,0,0,0,0,1,0,0,0,0,0,0,0,0,0,0,0,0,0,0,0,0,2
56.7,0,32.0,142.9,88.0,94.5,171.2,1,4.8,6.4,12.6,3.9,72.1,0,0,0,0,1,0,1,0,0,0,0,0,0,0,0,0,0,0,1,0,0,2
53.0,1,30.9,172.1,97.5,84.1,178.9,0,5.1,7.2,15.3,1.1,69.7,0,0,0,0,1,0,0,0,0,0,0,0,0,0,0,0,0,0,1,0,0,2
64.2,0,31.0,138.0,88.0,71.8,130.3,0,1.5,6.8,9.6,3.2,71.0,0,0,0,0,1,0,1,0,0,0,0,0,0,0,0,0,0,0,1,0,0,2
53.4,1,27.3,156.3,96.3,88.4,165.5,1,3.2,7.9,26.2,2.8,68.4,0,0,0,0,1,0,1,0,0,0,0,0,0,0,0,0,0,0,1,0,0,2
51.6,0,28.5,151.3,103.0,87.0,207.6,0,3.9,7.9,17.7,5.1,69.0,0,0,0,0,0,0,1,0,0,0,0,0,0,0,0,0,0,0,0,0,0,2
44.7,1,27.7,162.6,96.0,92.2,181.9,0,7.0,7.7,9.9,6.1,64.7,0,0,0,0,1,0,0,0,0,0,0,0,0,0,0,0,0,0,0,0,0,2
56.7,1,25.2,144.9,93.3,94.7,183.5,0,3.1,6.6,16.2,1.0,77.9,0,0,0,0,0,0,1,0,0,0,0,0,0,0,0,0,0,0,1,0,0,2
45.9,1,24.6,151.8,99.8,95.1,160.4,0,4.2,7.6,17.9,4.7,77.6,0,0,0,0,1,0,1,0,0,0,0,0,0,0,0,0,0,0,0,0,0,2
65.7,1,27.6,150.0,99.5,83.8,143.7,1,2.7,7.8,4.3,5.0,66.9,0,0,0,0,0,0,0,0,0,0,0,0,0,0,0,0,0,0,1,0,0,2
71.6,1,32.6,148.6,88.0,87.9,180.3,0,2.3,6.4,13.6,3.9,68.5,0,0,0,0,1,0,0,0,0,0,0,0,0,0,0,0,0,0,1,0,0,2
49.0,1,26.9,138.0,98.9,87.9,194.9,0,4.5,7.0,30.0,3.5,75.5,0,0,0,0,1,0,1,0,0,0,0,0,0,0,0,0,0,0,0,0,0,2
52.8,1,24.3,145.8,97.3,79.1,178.3,1,3.3,8.7,16.7,3.7,73.4,0,0,0,0,1,0,1,0,0,0,0,0,0,0,0,0,0,0,0,0,0,2
53.9,1,24.6,173.1,103.5,89.4,174.6,1,3.4,6.4,13.8,4.8,64.7,0,0,0,0,0,0,1,0,0,0,0,0,0,0,0,0,0,0,0,0,0,2
35.0,1,25.0,149.4,90.4,87.2,145.9,1,6.9,8.0,25.9,2.0,65.8,0,0,0,0,1,0,0,0,0,0,0,0,0,0,0,0,0,0,1,0,0,2
60.8,0,28.7,147.9,88.0,83.1,152.8,0,2.9,6.8,19.4,3.4,71.2,0,0,0,0,0,0,1,0,0,0,0,0,0,0,0,0,0,0,0,0,0,2
55.5,0,33.0,151.6,98.3,100.3,178.8,1,5.9,7.5,20.2,4.8,72.6,0,0,0,0,1,0,0,0,0,0,0,0,0,0,0,0,0,0,1,0,0,2
48.5,0,34.1,159.8,90.7,98.5,178.6,0,3.9,7.3,24.8,5.1,80.3,0,0,0,0,1,0,0,0,0,0,0,0,0,0,0,0,0,0,1,0,0,2
63.5,0,24.9,154.1,108.0,98.7,176.4,0,1.8,7.5,22.4,3.4,67.6,0,0,0,0,1,0,0,0,0,0,0,0,0,0,0,0,0,0,0,0,0,2
43.7,0,30.7,138.0,88.0,93.4,123.8,0,3.2,6.9,16.0,3.0,67.0,0,0,0,0,1,0,0,0,0,0,0,0,0,0,0,0,0,0,1,0,0,2
50.6,1,25.3,160.3,92.5,89.5,201.9,0,3.2,7.2,8.9,6.7,65.3,0,0,0,0,1,0,0,0,0,0,0,0,0,0,0,0,0,0,0,0,0,2
72.6,1,23.5,162.6,103.1,90.0,197.5,0,2.7,7.4,13.9,4.8,78.8,0,0,0,0,1,0,1,0,0,0,0,0,0,0,0,0,0,0,0,0,0,2
61.0,0,31.0,141.5,97.4,85.4,191.6,0,5.4,7.3,16.6,5.5,69.0,0,0,0,0,0,0,1,0,0,0,0,0,0,0,0,0,0,0,1,0,0,2
70.6,0,32.9,138.0,104.0,92.8,196.7,1,4.4,7.6,16.6,1.4,75.0,0,0,0,0,0,0,0,0,0,0,0,0,0,0,0,0,0,0,0,0,0,2
65.2,0,36.7,163.0,108.6,92.8,187.4,0,3.8,7.1,22.7,3.2,66.7,0,0,0,0,0,0,1,0,0,0,0,0,0,0,0,0,0,0,0,0,0,2
68.9,0,34.4,148.9,109.6,94.4,188.3,0,4.1,5.9,22.0,4.3,85.4,0,0,0,0,1,0,1,0,0,0,0,0,0,0,0,0,0,0,1,0,0,2
70.6,0,39.8,171.5,90.2,80.4,197.1,0,5.1,6.2,12.9,6.0,73.7,0,0,0,0,1,0,1,0,0,0,0,0,0,0,0,0,0,0,0,0,0,2
41.4,0,24.3,180.4,95.8,84.2,167.8,1,2.0,7.9,16.6,4.0,79.1,0,0,0,0,0,0,1,0,0,0,0,0,0,0,0,0,0,0,0,0,0,2
48.3,1,35.6,138.0,88.0,92.2,204.7,0,4.9,7.2,13.8,2.2,71.7,0,0,0,0,0,0,1,0,0,0,0,0,0,0,0,0,0,0,0,0,0,2
48.1,0,35.4,149.0,103.8,86.1,184.9,0,5.3,7.4,16.3,1.0,76.0,0,0,0,0,0,0,1,0,0,0,0,0,0,0,0,0,0,0,0,0,0,2
58.8,1,27.8,139.3,89.7,93.6,157.4,0,1.7,6.7,17.9,5.3,75.4,1,0,0,0,0,0,1,0,0,0,0,0,0,0,0,0,0,0,0,0,0,2
43.1,1,30.6,153.3,92.1,95.0,159.1,0,5.8,7.5,9.0,3.7,63.5,0,0,0,0,0,0,1,0,0,0,0,0,0,0,0,0,0,0,1,0,0,2
82.0,0,31.8,138.0,97.2,95.0,154.7,0,5.9,7.8,14.8,4.4,81.7,0,0,0,0,0,0,1,0,0,0,0,0,0,0,0,0,0,0,1,0,0,2
59.8,1,27.5,153.5,106.3,95.8,245.1,0,2.0,9.1,12.6,6.7,73.2,0,0,0,0,1,0,1,0,0,0,0,0,0,0,0,0,0,0,1,0,0,2
46.5,1,23.5,153.5,109.6,90.7,195.4,0,2.4,6.0,21.1,6.5,56.9,0,0,0,0,1,0,1,0,0,0,0,0,0,0,0,0,0,0,1,0,0,2
57.2,0,26.4,156.4,95.1,98.3,225.0,0,3.8,7.3,16.8,4.7,74.1,0,0,0,0,1,0,0,0,0,0,0,0,0,0,0,0,0,0,1,0,0,2
57.3,1,26.1,138.0,91.5,88.5,183.9,0,3.2,8.0,8.1,3.3,69.5,0,0,0,0,0,0,1,0,0,0,0,0,0,0,0,0,0,0,1,0,0,2
62.7,1,30.9,161.3,88.0,91.2,189.7,0,-0.3,5.3,19.7,7.1,73.8,0,0,0,0,1,0,1,0,0,0,0,0,0,0,0,0,0,0,1,0,0,2
49.9,1,33.6,169.9,101.9,100.9,202.4,1,3.3,9.1,5.4,5.0,64.5,0,0,0,0,1,0,1,0,0,0,0,0,0,0,0,0,0,0,1,0,0,2
72.2,0,28.5,138.0,95.4,93.4,164.3,0,3.7,7.0,12.5,3.0,73.5,1,0,0,0,0,0,1,0,0,0,0,0,0,0,0,0,0,0,1,0,0,2
41.2,1,32.9,158.9,105.9,64.7,181.4,1,2.1,8.3,5.6,4.5,72.5,0,0,0,0,1,0,1,0,0,0,0,0,0,0,0,0,0,0,0,0,0,2
73.2,1,27.2,159.8,104.2,91.8,151.3,0,1.5,6.0,13.9,4.2,67.0,0,0,0,0,1,0,1,0,0,0,0,0,0,0,0,0,0,0,1,0,0,2
48.4,0,25.1,182.4,99.7,90.7,179.1,0,5.8,7.4,2.0,5.2,77.2,0,0,0,0,1,0,1,0,0,0,0,0,0,0,0,0,0,0,0,0,0,2
65.0,1,29.4,153.5,99.9,95.4,188.5,0,3.0,7.4,25.1,5.0,72.9,0,0,0,0,1,0,0,0,0,0,0,0,0,0,0,0,0,0,0,0,0,2
55.7,1,28.5,138.0,108.8,89.7,196.3,1,6.1,7.9,5.7,3.7,74.6,0,0,0,0,1,0,1,0,0,0,0,0,0,0,0,0,0,0,0,0,0,2
59.9,1,26.9,163.6,97.2,94.1,165.8,0,3.7,7.6,5.0,2.0,72.9,0,0,0,0,1,0,1,0,0,0,0,0,0,0,0,0,0,0,0,0,0,2
67.8,1,28.3,143.5,98.5,85.5,194.6,0,3.5,8.0,16.7,5.9,74.2,0,0,0,0,1,0,1,0,0,0,0,0,0,0,0,0,0,0,0,0,0,2
37.5,0,29.2,142.1,109.4,81.7,107.7,0,3.3,6.9,21.1,3.4,87.8,0,0,0,0,1,0,0,0,0,0,0,0,0,0,0,0,0,0,1,0,0,2
44.6,1,29.2,161.1,88.0,87.8,182.4,0,2.8,7.6,4.7,2.8,66.5,0,0,0,0,1,0,1,0,0,0,0,0,0,0,0,0,0,0,1,0,0,2
32.0,1,30.5,140.9,97.1,73.3,158.2,0,3.7,7.7,12.7,4.4,74.5,0,0,0,0,0,0,1,0,0,0,0,0,0,0,0,0,0,0,0,0,0,2
63.4,0,26.9,151.1,97.0,82.4,167.9,0,3.6,7.2,4.3,4.8,73.2,0,0,0,0,1,0,0,0,0,0,0,0,0,0,0,0,0,0,0,0,0,2
42.0,0,25.5,184.3,92.5,88.0,178.9,0,3.0,6.7,13.3,5.3,75.2,0,0,0,0,1,0,0,0,0,0,0,0,0,0,0,0,0,0,0,0,0,2
61.8,0,28.2,159.0,93.0,84.9,173.2,1,3.5,10.2,2.0,5.4,74.5,0,0,0,0,1,0,1,0,0,0,0,0,0,0,0,0,0,0,1,0,0,2
51.8,1,36.1,164.8,94.3,74.0,155.0,0,2.8,7.3,24.4,7.2,64.6,0,0,0,0,1,0,0,0,0,0,0,0,0,0,0,0,0,0,1,0,0,2
56.5,1,29.0,138.0,101.6,82.4,184.5,0,3.1,7.3,5.5,3.3,66.5,1,0,0,0,1,0,1,0,0,0,0,0,0,0,0,0,0,0,1,0,0,2
60.3,0,35.5,159.8,93.6,97.3,182.9,0,4.5,7.6,8.8,6.5,67.2,0,0,0,0,0,0,1,0,0,0,0,0,0,0,0,0,0,0,1,0,0,2
53.2,1,34.4,179.8,94.0,75.2,197.9,0,6.1,7.5,14.2,4.3,74.0,0,0,0,0,1,0,0,0,0,0,0,0,0,0,0,0,0,0,1,0,0,2
51.7,1,26.5,178.6,88.0,82.8,165.8,0,1.0,6.1,25.3,2.4,77.7,0,0,0,0,1,0,0,0,0,0,0,0,0,0,0,0,0,0,1,0,0,2
61.9,0,29.7,159.2,100.4,90.5,183.6,0,4.9,7.4,19.2,4.0,62.1,0,0,0,0,0,0,0,0,0,0,0,0,0,0,0,0,0,0,1,0,0,2
48.2,0,27.4,144.0,102.3,91.5,141.1,1,1.9,6.3,5.5,3.1,66.6,0,0,0,0,0,0,0,0,0,0,0,0,0,0,0,0,0,0,0,0,0,2
51.4,0,34.4,139.8,99.1,100.1,217.1,0,4.9,6.4,11.2,4.6,55.5,0,0,0,0,1,0,1,0,0,0,0,0,0,0,0,0,0,0,0,0,0,2
37.7,0,30.6,173.7,102.8,77.0,180.3,0,3.4,6.3,2.0,5.0,64.2,1,0,0,0,1,0,0,0,0,0,0,0,0,0,0,0,0,0,0,0,0,2
62.5,0,27.6,151.0,106.9,92.2,199.4,0,3.5,7.0,16.7,3.4,74.2,1,0,0,0,0,0,0,0,0,0,0,0,0,0,0,0,0,0,1,0,0,2
62.0,0,29.7,168.6,103.7,88.7,184.3,0,2.9,7.3,9.0,3.7,70.7,0,0,0,0,0,0,0,0,0,0,0,0,0,0,0,0,0,0,0,0,0,2
66.4,1,28.3,166.5,101.7,85.7,173.5,0,6.1,7.1,20.0,5.5,84.7,0,0,0,0,0,0,0,0,0,0,0,0,0,0,0,0,0,0,0,0,0,2
65.1,1,28.5,166.8,104.0,93.6,152.6,0,3.0,6.8,10.8,4.0,59.5,0,0,0,0,1,0,0,0,0,0,0,0,0,0,0,0,0,0,1,0,0,2
47.8,1,27.7,165.4,98.0,88.0,163.8,0,6.0,6.9,9.7,3.0,67.1,0,0,0,0,0,0,1,0,0,0,0,0,0,0,0,0,0,0,0,0,0,2
51.2,0,24.4,142.3,90.5,90.1,174.6,0,2.9,6.9,11.0,3.9,76.3,0,0,0,0,0,0,1,0,0,0,0,0,0,0,0,0,0,0,0,0,0,2
53.0,1,29.4,167.4,89.9,86.5,150.2,1,1.4,7.1,17.6,3.1,78.7,0,0,0,0,1,0,1,0,0,0,0,0,0,0,0,0,0,0,1,0,0,2
38.5,1,28.1,175.7,88.0,86.8,176.7,1,4.5,8.4,7.0,2.0,60.8,0,0,0,0,1,0,0,0,0,0,0,0,0,0,0,0,0,0,1,0,0,2
61.4,1,27.0,138.0,88.1,107.3,185.7,0,2.9,8.0,13.2,6.3,80.0,0,0,0,0,0,0,1,0,0,0,0,0,0,0,0,0,0,0,1,0,0,2
67.7,0,32.6,144.8,112.1,93.6,169.9,0,5.1,8.3,16.0,7.5,65.7,0,0,0,0,1,0,1,0,0,0,0,0,0,0,0,0,0,0,1,0,0,2
56.6,0,26.5,152.4,88.0,90.9,194.0,0,3.9,7.7,6.3,3.4,64.9,0,0,0,0,1,0,0,0,0,0,0,0,0,0,0,0,0,0,0,0,0,2
43.3,0,24.6,169.0,96.0,73.1,192.5,0,6.3,7.0,19.6,1.0,74.0,0,0,0,0,1,0,1,0,0,0,0,0,0,0,0,0,0,0,0,0,0,2
71.1,1,30.5,164.1,97.6,94.6,192.4,0,5.1,6.6,5.5,6.4,83.7,0,0,0,0,1,0,1,0,0,0,0,0,0,0,0,0,0,0,0,0,0,2
54.6,0,28.8,177.5,88.0,92.7,123.5,0,4.7,7.3,5.2,4.6,78.1,0,0,0,0,1,0,1,0,0,0,0,0,0,0,0,0,0,0,1,0,0,2
66.2,1,33.4,142.2,113.0,70.8,194.7,1,1.2,8.3,4.3,6.5,70.5,0,0,0,0,1,0,0,0,0,0,0,0,0,0,0,0,0,0,1,0,0,2
48.5,0,27.2,180.7,96.0,95.5,175.5,0,4.7,6.9,16.2,3.7,82.3,0,0,0,0,1,0,0,0,0,0,0,0,0,0,0,0,0,0,1,0,0,2
55.1,0,29.8,151.3,108.2,94.1,146.5,0,3.0,8.9,17.5,4.0,84.2,0,0,0,0,0,0,1,0,0,0,0,0,0,0,0,0,0,0,1,0,0,2
56.3,0,24.6,176.7,109.9,94.5,197.2,0,5.4,6.6,22.8,6.2,73.0,0,0,0,0,1,0,0,0,0,0,0,0,0,0,0,0,0,0,0,0,0,2
74.0,0,29.6,158.8,93.8,83.3,166.0,0,2.5,7.8,14.7,4.0,92.4,0,0,0,0,0,0,1,0,0,0,0,0,0,0,0,0,0,0,1,0,0,2
56.1,1,29.4,155.5,107.2,79.8,197.0,0,3.8,7.5,13.3,3.2,79.1,0,0,0,0,0,0,1,0,0,0,0,0,0,0,0,0,0,0,1,0,0,2
63.3,0,32.7,168.6,96.4,97.1,184.6,0,2.9,7.8,8.6,3.9,58.7,0,0,0,0,1,0,1,0,0,0,0,0,0,0,0,0,0,0,1,0,0,2
56.8,1,24.1,146.6,93.9,102.3,195.6,0,4.0,7.3,14.8,3.8,64.7,0,0,0,0,1,0,1,0,0,0,0,0,0,0,0,0,0,0,0,0,0,2
61.9,0,30.3,179.0,99.6,80.0,196.6,1,0.8,5.8,9.2,2.0,71.9,0,0,0,0,0,0,0,0,0,0,0,0,0,0,0,0,0,0,0,0,0,2
36.1,0,27.3,155.8,88.0,89.0,204.0,0,6.8,7.3,15.8,4.0,75.4,0,0,0,0,0,0,1,0,0,0,0,0,0,0,0,0,0,0,0,0,0,2
45.1,0,23.5,189.1,88.0,76.3,190.5,0,6.1,7.8,15.9,4.8,84.5,0,0,0,0,0,0,1,0,0,0,0,0,0,0,0,0,0,0,1,0,0,2
59.8,0,30.0,164.2,99.5,93.3,194.3,0,1.9,8.0,13.3,4.1,59.0,1,0,0,0,1,0,1,0,0,0,0,0,0,0,0,0,0,0,1,0,0,2
48.7,1,33.2,153.7,88.0,90.2,162.5,0,4.3,6.9,3.5,3.1,69.0,0,0,0,0,1,0,1,0,0,0,0,0,0,0,0,0,0,0,0,0,0,2
52.9,1,31.1,149.3,94.9,76.3,168.5,0,5.0,6.8,5.7,5.5,61.8,0,0,0,0,1,0,1,0,0,0,0,0,0,0,0,0,0,0,1,0,0,2
69.2,1,23.5,176.9,93.2,96.2,182.3,1,4.9,8.2,9.5,4.1,58.5,0,0,0,0,0,0,1,0,0,0,0,0,0,0,0,0,0,0,0,0,0,2
51.6,1,29.9,143.1,99.9,87.7,141.2,0,5.8,8.3,20.4,6.3,72.5,0,0,0,0,1,0,0,0,0,0,0,0,0,0,0,0,0,0,0,0,0,2
55.7,1,24.0,138.0,98.4,85.1,196.2,0,4.2,6.6,14.3,2.0,71.4,0,0,0,0,1,0,0,0,0,0,0,0,0,0,0,0,0,0,1,0,0,2
67.6,1,30.3,157.2,98.3,88.0,166.2,0,3.1,7.0,26.9,1.3,59.5,0,0,0,0,0,0,1,0,0,0,0,0,0,0,0,0,0,0,1,0,0,2
50.2,0,27.0,188.7,100.8,109.1,177.9,0,5.7,6.8,2.9,5.2,84.8,0,0,0,0,1,0,1,0,0,0,0,0,0,0,0,0,0,0,0,0,0,2
55.1,1,33.9,160.9,96.9,93.4,187.0,1,4.4,7.8,15.1,2.2,77.2,0,0,0,0,0,0,1,0,0,0,0,0,0,0,0,0,0,0,1,0,0,2
56.5,0,25.3,138.0,99.6,92.3,157.4,0,6.2,7.0,16.3,5.2,72.6,0,0,0,0,1,0,0,0,0,0,0,0,0,0,0,0,0,0,1,0,0,2
71.2,1,34.7,155.4,88.0,93.0,205.5,0,2.9,6.7,4.9,5.0,72.9,0,0,0,0,0,0,1,0,0,0,0,0,0,0,0,0,0,0,0,0,0,2
53.6,0,32.7,172.5,102.1,111.4,192.0,0,7.6,6.9,4.7,4.3,70.3,0,0,0,0,1,0,0,0,0,0,0,0,0,0,0,0,0,0,1,0,0,2
48.6,0,32.9,163.3,110.0,92.9,169.5,0,3.8,6.8,22.5,3.8,76.0,0,0,0,0,0,0,1,0,0,0,0,0,0,0,0,0,0,0,1,0,0,2
61.2,0,36.3,142.8,91.6,86.3,177.5,0,2.4,8.6,9.5,6.6,74.9,0,0,0,0,1,0,1,0,0,0,0,0,0,0,0,0,0,0,0,0,0,2
52.4,1,35.6,179.0,100.1,91.9,182.0,0,3.1,7.9,2.0,3.8,85.8,1,0,0,0,0,0,0,0,0,0,0,0,0,0,0,0,0,0,0,0,0,2
38.6,0,23.5,150.3,98.5,96.3,165.2,1,5.1,5.4,13.2,4.9,83.5,0,0,0,0,0,0,1,0,0,0,0,0,0,0,0,0,0,0,1,0,0,2
64.5,0,27.4,151.5,90.4,86.5,174.6,0,3.4,5.8,12.8,3.5,74.4,0,0,0,0,1,0,1,0,0,0,0,0,0,0,0,0,0,0,1,0,0,2
44.2,0,28.8,139.6,99.3,104.0,187.8,1,2.8,8.3,6.1,4.9,75.3,0,0,0,0,0,0,1,0,0,0,0,0,0,0,0,0,0,0,1,0,0,2
61.3,1,33.0,156.6,103.8,84.0,226.0,0,3.5,6.0,16.0,5.3,77.3,0,0,0,0,1,0,0,0,0,0,0,0,0,0,0,0,0,0,1,0,0,2
41.1,0,30.2,182.6,98.1,83.6,205.0,0,3.3,7.1,13.1,5.5,73.5,0,0,0,0,1,0,0,0,0,0,0,0,0,0,0,0,0,0,0,0,0,2
41.0,0,32.0,158.5,96.4,86.4,197.5,0,4.8,7.8,6.8,2.9,61.6,0,0,0,0,1,0,1,0,0,0,0,0,0,0,0,0,0,0,0,0,0,2
70.8,0,25.5,174.3,93.6,92.8,195.7,0,3.4,8.4,23.0,5.3,70.5,0,0,0,0,0,0,1,0,0,0,0,0,0,0,0,0,0,0,0,0,0,2
61.7,1,29.3,164.9,94.1,89.0,143.2,1,2.6,7.4,8.4,3.2,73.6,0,0,0,0,0,0,1,0,0,0,0,0,0,0,0,0,0,0,0,0,0,2
62.4,1,24.9,164.5,95.6,96.5,151.2,0,2.6,5.4,12.3,3.7,62.7,0,0,0,0,0,0,0,0,0,0,0,0,0,0,0,0,0,0,0,0,0,2
61.9,1,28.5,138.0,104.2,101.3,168.6,0,4.0,7.0,14.5,4.6,66.8,0,0,0,0,0,0,1,0,0,0,0,0,0,0,0,0,0,0,0,0,0,2
64.2,0,32.4,157.8,96.7,102.9,152.5,1,5.4,6.4,7.1,6.6,74.6,0,0,0,0,0,0,1,0,0,0,0,0,0,0,0,0,0,0,1,0,0,2
82.0,1,24.2,186.0,88.0,88.3,155.5,0,3.6,8.0,5.5,5.3,64.5,0,0,0,0,1,0,1,0,0,0,0,0,0,0,0,0,0,0,0,0,0,2
56.0,0,34.9,144.3,103.1,89.7,193.9,1,4.4,7.4,14.8,4.1,69.2,0,0,0,0,1,0,1,0,0,0,0,0,0,0,0,0,0,0,0,0,0,2
56.1,0,24.6,138.0,100.0,87.7,197.5,0,3.5,8.0,22.0,6.1,71.8,0,0,0,0,1,0,0,0,0,0,0,0,0,0,0,0,0,0,0,0,0,2
52.1,0,30.4,149.9,90.6,102.3,166.5,1,2.5,7.3,27.2,4.7,72.9,0,0,0,0,0,0,1,0,0,0,0,0,0,0,0,0,0,0,1,0,0,2
62.1,0,30.7,147.4,92.2,81.2,197.8,0,3.2,6.3,27.9,3.2,80.6,0,0,0,0,0,0,1,0,0,0,0,0,0,0,0,0,0,0,1,0,0,2
66.6,0,32.1,161.5,92.0,86.8,184.6,1,2.0,7.1,10.6,1.7,81.1,0,0,0,0,1,0,1,0,0,0,0,0,0,0,0,0,0,0,1,0,0,2
57.2,1,30.5,138.0,102.5,86.9,152.6,0,3.5,8.8,12.3,3.1,69.8,0,0,0,0,1,0,1,0,0,0,0,0,0,0,0,0,0,0,0,0,0,2
51.9,0,25.9,163.1,91.3,86.3,184.2,0,3.4,6.6,15.7,2.4,76.4,0,0,0,0,0,0,1,0,0,0,0,0,0,0,0,0,0,0,1,0,0,2
65.2,0,23.5,169.3,98.9,93.1,171.8,1,2.5,9.5,17.5,2.8,79.7,1,0,0,0,1,0,0,0,0,0,0,0,0,0,0,0,0,0,0,0,0,2
72.8,1,23.5,153.7,89.3,85.2,164.3,1,4.7,5.5,7.3,3.3,81.5,0,0,0,0,1,0,0,0,0,0,0,0,0,0,0,0,0,0,0,0,0,2
50.2,1,27.7,154.8,100.6,79.9,194.7,0,5.1,7.1,22.2,6.6,68.1,0,0,0,0,1,0,1,0,0,0,0,0,0,0,0,0,0,0,1,0,0,2
61.3,1,29.2,138.0,119.0,86.2,170.5,0,2.9,8.3,26.3,4.4,64.3,0,0,0,0,1,0,0,0,0,0,0,0,0,0,0,0,0,0,1,0,0,2
55.9,1,26.4,148.9,90.9,91.4,151.7,0,0.8,7.8,22.3,4.6,81.8,1,0,0,0,1,0,1,0,0,0,0,0,0,0,0,0,0,0,0,0,0,2
54.3,1,32.7,146.5,89.3,89.0,183.8,0,0.5,7.2,6.0,3.8,66.3,0,0,0,0,1,0,1,0,0,0,0,0,0,0,0,0,0,0,1,0,0,2
70.7,1,33.1,155.9,105.3,91.1,188.6,0,5.6,7.3,15.8,4.9,63.1,1,0,0,0,1,0,0,0,0,0,0,0,0,0,0,0,0,0,0,0,0,2
74.1,0,29.2,151.3,93.1,104.3,197.7,0,4.4,6.3,4.8,6.3,76.9,0,0,0,0,0,0,0,0,0,0,0,0,0,0,0,0,0,0,0,0,0,2
59.2,0,24.2,141.7,93.9,89.1,126.6,0,1.6,8.9,16.7,1.8,64.9,1,0,0,0,0,0,1,0,0,0,0,0,0,0,0,0,0,0,0,0,0,2
52.1,0,30.2,138.0,91.3,86.0,185.6,0,3.8,7.7,18.5,3.9,61.7,0,0,0,0,0,0,1,0,0,0,0,0,0,0,0,0,0,0,1,0,0,2
71.8,1,28.4,175.7,98.9,82.1,170.1,0,3.0,6.9,12.3,4.8,73.0,0,0,0,0,1,0,1,0,0,0,0,0,0,0,0,0,0,0,0,0,0,2
41.3,1,26.6,139.5,96.3,90.7,152.4,0,2.8,6.8,12.0,5.2,71.6,0,0,0,0,1,0,0,0,0,0,0,0,0,0,0,0,0,0,0,0,0,2
43.4,0,23.5,138.0,93.2,84.7,190.4,0,5.6,5.7,30.8,5.5,74.2,0,0,0,0,0,0,1,0,0,0,0,0,0,0,0,0,0,0,1,0,0,2
55.9,0,31.1,141.9,92.1,81.6,168.5,0,5.2,6.1,20.8,4.7,62.3,0,0,0,0,0,0,1,0,0,0,0,0,0,0,0,0,0,0,1,0,0,2
50.5,0,29.0,151.2,97.8,82.9,191.4,0,3.1,5.9,23.6,3.2,72.2,0,0,0,0,1,0,1,0,0,0,0,0,0,0,0,0,0,0,1,0,0,2
54.1,1,34.5,175.7,107.9,99.3,164.3,0,4.9,7.3,24.6,4.2,75.7,0,0,0,0,1,0,1,0,0,0,0,0,0,0,0,0,0,0,1,0,0,2
58.6,0,35.3,145.0,94.8,102.0,220.9,1,3.5,7.2,18.9,3.5,70.3,0,0,0,0,1,0,1,0,0,0,0,0,0,0,0,0,0,0,0,0,0,2
57.5,0,29.6,168.3,104.1,87.6,200.7,0,4.1,5.5,12.4,2.3,78.1,0,0,0,0,0,0,0,0,0,0,0,0,0,0,0,0,0,0,1,0,0,2
77.2,0,24.3,146.5,106.3,98.3,192.4,0,5.0,7.3,14.3,3.9,71.9,0,0,0,0,0,0,1,0,0,0,0,0,0,0,0,0,0,0,0,0,0,2
68.0,0,26.2,163.7,109.4,91.6,197.7,1,0.4,7.1,11.9,4.9,67.6,0,0,0,0,1,0,0,0,0,0,0,0,0,0,0,0,0,0,0,0,0,2
57.5,0,23.5,142.4,91.5,89.3,164.0,0,3.7,6.5,8.7,3.3,74.7,0,0,0,0,1,0,0,0,0,0,0,0,0,0,0,0,0,0,0,0,0,2
34.9,0,27.9,168.2,94.5,98.6,160.2,1,2.5,7.0,8.3,4.1,64.6,0,0,0,0,1,0,0,0,0,0,0,0,0,0,0,0,0,0,0,0,0,2
41.1,0,28.6,183.2,112.7,92.9,189.7,0,5.6,7.2,19.2,5.2,67.0,0,0,0,0,1,0,1,0,0,0,0,0,0,0,0,0,0,0,0,0,0,2
66.3,0,31.9,142.9,88.0,74.3,169.1,0,2.8,6.7,2.0,5.9,67.8,0,0,0,0,0,0,1,0,0,0,0,0,0,0,0,0,0,0,0,0,0,2
53.3,0,27.7,151.7,88.0,84.7,186.6,0,2.7,6.6,19.4,6.2,72.0,0,0,0,0,1,0,1,0,0,0,0,0,0,0,0,0,0,0,1,0,0,2
49.3,1,31.2,138.0,97.3,83.2,152.9,0,4.7,7.2,11.2,5.9,66.9,0,0,0,0,1,0,0,0,0,0,0,0,0,0,0,0,0,0,0,0,0,2
54.5,0,24.4,164.5,100.2,76.5,175.0,0,6.0,6.3,15.8,5.5,58.2,0,0,0,0,0,0,1,0,0,0,0,0,0,0,0,0,0,0,1,0,0,2
54.2,1,27.9,150.9,97.8,89.4,177.4,0,4.1,6.7,23.9,3.9,81.1,1,0,0,0,1,0,0,0,0,0,0,0,0,0,0,0,0,0,0,0,0,2
65.2,1,32.6,165.0,96.6,80.5,172.9,0,4.1,7.7,14.6,3.7,63.0,0,0,0,0,0,0,1,0,0,0,0,0,0,0,0,0,0,0,0,0,0,2
38.3,1,30.9,138.0,89.2,96.9,171.5,0,5.6,7.5,22.2,4.7,80.7,0,0,0,0,1,0,0,0,0,0,0,0,0,0,0,0,0,0,1,0,0,2
69.3,1,29.1,145.3,101.3,94.0,147.6,0,1.2,7.9,2.0,3.0,78.6,0,0,0,0,0,0,1,0,0,0,0,0,0,0,0,0,0,0,1,0,0,2
44.8,0,37.4,170.6,88.0,95.5,175.0,0,6.0,6.5,4.5,2.7,75.0,0,0,0,0,1,0,0,0,0,0,0,0,0,0,0,0,0,0,1,0,0,2
68.3,0,30.9,138.0,95.9,98.7,207.0,0,1.9,6.1,2.0,4.8,72.3,0,0,0,0,0,0,1,0,0,0,0,0,0,0,0,0,0,0,1,0,0,2
58.1,1,30.0,153.1,88.0,98.5,186.4,0,5.4,7.4,2.1,3.6,78.8,0,0,0,0,1,0,1,0,0,0,0,0,0,0,0,0,0,0,0,0,0,2
55.5,0,28.8,169.4,88.0,99.4,150.5,1,3.1,7.4,9.1,4.2,71.6,0,0,0,0,0,0,1,0,0,0,0,0,0,0,0,0,0,0,1,0,0,2
68.5,0,27.7,141.1,90.8,96.5,162.2,0,1.3,7.4,24.6,4.9,76.8,0,0,0,0,1,0,1,0,0,0,0,0,0,0,0,0,0,0,0,0,0,2
60.7,0,31.3,139.8,88.0,86.4,187.8,1,5.6,5.3,2.0,2.5,81.2,0,0,0,0,1,0,1,0,0,0,0,0,0,0,0,0,0,0,0,0,0,2
63.4,1,24.3,143.3,95.7,101.1,177.7,0,3.9,5.9,9.9,2.6,72.4,0,0,0,0,0,0,0,0,0,0,0,0,0,0,0,0,0,0,1,0,0,2
67.2,1,30.5,164.6,107.5,85.2,194.5,0,4.1,9.1,2.0,5.1,65.0,0,0,0,0,1,0,1,0,0,0,0,0,0,0,0,0,0,0,1,0,0,2
61.5,0,30.3,189.9,91.2,84.2,172.4,0,2.2,8.6,12.9,5.6,72.1,0,0,0,0,0,0,1,0,0,0,0,0,0,0,0,0,0,0,1,0,0,2
32.0,0,30.4,193.4,100.2,84.9,170.6,0,3.4,6.4,9.6,4.3,67.8,0,0,0,0,1,0,1,0,0,0,0,0,0,0,0,0,0,0,1,0,0,2
56.0,1,26.7,138.0,94.9,91.7,140.9,0,6.4,7.7,2.0,4.0,68.8,1,0,0,0,1,0,1,0,0,0,0,0,0,0,0,0,0,0,0,0,0,2
50.2,1,26.6,138.0,88.0,98.7,178.1,0,3.4,7.2,22.4,5.8,70.2,0,0,0,0,1,0,1,0,0,0,0,0,0,0,0,0,0,0,0,0,0,2
74.2,1,23.5,145.0,94.7,89.5,149.9,0,4.7,7.6,2.0,4.9,75.5,0,0,0,0,1,0,1,0,0,0,0,0,0,0,0,0,0,0,0,0,0,2
68.0,1,28.4,148.9,101.2,83.4,182.9,0,3.8,6.4,24.2,2.2,70.6,0,0,0,0,0,0,1,0,0,0,0,0,0,0,0,0,0,0,0,0,0,2
53.1,0,31.9,169.1,105.2,94.4,175.4,0,-1.2,6.6,12.4,7.5,78.8,0,0,0,0,1,0,0,0,0,0,0,0,0,0,0,0,0,0,0,0,0,2
59.4,0,30.6,160.4,96.4,93.1,213.1,0,2.9,8.0,16.6,3.2,65.9,0,0,0,0,1,0,1,0,0,0,0,0,0,0,0,0,0,0,0,0,0,2
71.3,0,32.3,141.4,93.3,74.3,170.6,0,2.1,6.8,5.1,5.2,77.2,0,0,0,0,1,0,0,0,0,0,0,0,0,0,0,0,0,0,0,0,0,2
61.6,1,27.9,144.3,97.1,85.2,175.8,0,4.5,6.3,5.7,5.0,59.4,0,0,0,0,1,0,1,0,0,0,0,0,0,0,0,0,0,0,0,0,0,2
59.5,1,31.9,141.7,101.8,94.2,183.4,0,3.2,7.7,8.9,2.7,73.9,1,0,0,0,0,0,1,0,0,0,0,0,0,0,0,0,0,0,0,0,0,2
57.3,1,29.3,163.2,109.2,108.2,213.2,1,3.9,7.9,6.0,3.9,68.0,0,0,0,0,1,0,1,0,0,0,0,0,0,0,0,0,0,0,0,0,0,2
73.5,1,31.8,150.0,100.9,82.7,171.7,0,3.7,6.3,10.8,2.8,74.3,0,0,0,0,0,0,1,0,0,0,0,0,0,0,0,0,0,0,0,0,0,2
48.2,1,28.8,172.4,90.3,82.6,217.3,0,2.6,6.9,14.4,6.4,68.1,0,0,0,0,0,0,0,0,0,0,0,0,0,0,0,0,0,0,0,0,0,2
57.7,1,30.0,146.0,115.6,98.9,193.3,0,3.8,7.2,23.2,4.8,72.6,0,0,0,0,0,0,1,0,0,0,0,0,0,0,0,0,0,0,1,0,0,2
67.5,0,33.2,155.3,99.9,77.6,172.6,1,5.1,5.9,4.5,3.9,77.2,0,0,0,0,0,0,1,0,0,0,0,0,0,0,0,0,0,0,1,0,0,2
53.7,0,28.5,160.7,88.0,63.5,187.8,0,3.2,5.9,21.7,2.9,69.1,0,0,0,0,1,0,1,0,0,0,0,0,0,0,0,0,0,0,0,0,0,2
47.5,0,38.5,164.2,101.8,97.8,169.6,0,1.7,6.6,10.1,4.0,63.8,0,0,0,0,0,0,0,0,0,0,0,0,0,0,0,0,0,0,0,0,0,2
70.2,1,34.1,180.0,110.9,93.5,193.4,1,5.9,7.6,15.3,5.0,60.0,0,0,0,0,1,0,1,0,0,0,0,0,0,0,0,0,0,0,0,0,0,2
47.7,0,32.4,155.9,104.6,92.8,168.9,0,2.0,8.4,7.3,3.3,61.1,0,0,0,0,0,0,1,0,0,0,0,0,0,0,0,0,0,0,0,0,0,2
40.8,1,28.9,150.0,88.9,88.9,163.6,0,3.3,7.9,16.6,3.4,69.8,0,0,0,0,0,0,0,0,0,0,0,0,0,0,0,0,0,0,1,0,0,2
41.7,0,26.7,170.3,95.6,97.9,181.8,0,5.4,9.8,2.0,4.7,76.7,1,0,0,0,0,0,0,0,0,0,0,0,0,0,0,0,0,0,1,0,0,2
59.6,0,25.9,181.0,97.0,90.3,178.3,0,2.2,7.5,14.5,4.2,76.2,0,0,0,0,0,0,0,0,0,0,0,0,0,0,0,0,0,0,0,0,0,2
47.3,1,28.5,168.1,93.1,90.4,174.5,0,2.7,6.1,10.7,6.9,78.1,0,0,0,0,1,0,1,0,0,0,0,0,0,0,0,0,0,0,1,0,0,2
65.2,0,31.5,146.5,88.0,89.2,194.3,0,2.9,7.6,5.4,2.8,78.8,0,0,0,0,1,0,0,0,0,0,0,0,0,0,0,0,0,0,0,0,0,2
66.5,0,29.0,159.2,105.5,76.1,191.2,0,3.9,8.3,4.8,3.3,87.8,0,0,0,0,0,0,0,0,0,0,0,0,0,0,0,0,0,0,0,0,0,2
46.2,1,23.5,138.0,88.0,106.8,163.9,0,5.0,7.3,12.9,2.4,72.5,0,0,0,0,0,0,1,0,0,0,0,0,0,0,0,0,0,0,0,0,0,2
70.9,0,28.2,140.6,111.0,85.6,201.2,1,3.2,6.6,16.2,4.1,74.7,0,0,0,0,0,0,1,0,0,0,0,0,0,0,0,0,0,0,1,0,0,2
68.4,0,32.8,171.9,110.0,74.6,121.0,0,5.5,4.9,7.3,4.2,62.7,0,0,0,0,1,0,0,0,0,0,0,0,0,0,0,0,0,0,0,0,0,2
40.6,1,35.3,160.9,90.5,82.1,191.9,0,4.1,6.0,21.0,4.5,73.0,0,0,0,0,1,0,1,0,0,0,0,0,0,0,0,0,0,0,0,0,0,2
66.0,1,24.9,156.7,99.1,97.1,207.4,0,4.6,7.0,11.4,4.8,77.5,0,0,0,0,1,0,1,0,0,0,0,0,0,0,0,0,0,0,0,0,0,2
40.3,0,30.3,138.0,90.9,97.4,178.2,0,3.4,6.8,2.0,2.0,69.8,1,0,0,0,0,0,0,0,0,0,0,0,0,0,0,0,0,0,1,0,0,2
52.4,0,33.1,164.4,89.8,87.1,184.0,0,4.4,7.9,6.1,4.5,68.9,1,0,0,0,0,0,1,0,0,0,0,0,0,0,0,0,0,0,1,0,0,2
47.7,1,27.5,142.6,103.1,79.0,182.4,1,4.3,7.0,17.7,5.1,69.9,0,0,0,0,1,0,1,0,0,0,0,0,0,0,0,0,0,0,0,0,0,2
64.3,1,27.9,142.9,89.5,88.7,167.8,0,2.6,7.3,17.7,5.2,69.2,0,0,0,0,0,0,1,0,0,0,0,0,0,0,0,0,0,0,0,0,0,2
60.6,1,33.8,138.0,110.4,92.2,169.2,0,3.7,6.9,2.0,5.1,67.6,0,0,0,0,1,0,1,0,0,0,0,0,0,0,0,0,0,0,0,0,0,2
53.3,1,32.4,199.7,88.0,87.9,172.3,0,5.2,5.1,7.8,2.2,67.4,0,0,0,0,1,0,0,0,0,0,0,0,0,0,0,0,0,0,0,0,0,2
45.4,0,26.8,180.5,94.7,82.7,189.3,0,3.6,5.2,8.6,7.1,77.6,0,0,0,0,0,0,0,0,0,0,0,0,0,0,0,0,0,0,1,0,0,2
57.8,1,23.5,147.9,88.7,77.7,185.1,0,4.4,6.9,16.2,3.5,85.0,0,0,0,0,1,0,0,0,0,0,0,0,0,0,0,0,0,0,1,0,0,2
33.5,0,33.3,162.3,100.8,93.9,201.2,0,4.3,8.1,7.5,4.2,74.8,0,0,0,0,1,0,0,0,0,0,0,0,0,0,0,0,0,0,0,0,0,2
74.4,0,23.5,167.1,89.9,85.9,194.2,1,-0.9,6.8,5.4,6.1,70.7,0,0,0,0,1,0,1,0,0,0,0,0,0,0,0,0,0,0,0,0,0,2
65.9,1,33.0,160.7,98.1,81.4,198.2,0,4.7,7.1,2.0,1.1,66.6,0,0,0,0,0,0,1,0,0,0,0,0,0,0,0,0,0,0,0,0,0,2
56.5,0,32.0,168.6,102.3,91.0,170.8,0,6.0,8.3,23.0,2.4,73.4,0,0,0,0,0,0,1,0,0,0,0,0,0,0,0,0,0,0,1,0,0,2
39.2,1,28.7,138.3,102.3,82.4,154.1,0,3.3,8.1,3.7,6.1,72.4,0,0,0,0,1,0,0,0,0,0,0,0,0,0,0,0,0,0,1,0,0,2
50.6,0,31.3,139.4,88.2,94.7,186.2,0,5.5,7.4,8.8,4.3,74.1,0,0,0,0,1,0,1,0,0,0,0,0,0,0,0,0,0,0,0,0,0,2
55.1,0,32.2,138.0,96.4,93.8,193.4,0,5.1,6.1,7.0,4.1,71.5,0,0,0,0,0,0,1,0,0,0,0,0,0,0,0,0,0,0,0,0,0,2
48.1,0,32.3,155.9,96.8,85.5,203.3,0,4.3,6.4,2.0,2.9,73.7,0,0,0,0,0,0,0,0,0,0,0,0,0,0,0,0,0,0,1,0,0,2
47.5,1,32.4,146.0,97.2,80.9,183.1,0,5.0,8.2,11.8,2.8,85.1,0,0,0,0,0,0,0,0,0,0,0,0,0,0,0,0,0,0,0,0,0,2
71.4,1,31.9,163.5,102.7,79.5,178.9,0,4.3,8.0,17.3,2.2,67.4,0,0,0,0,1,0,1,0,0,0,0,0,0,0,0,0,0,0,0,0,0,2
50.8,0,30.1,157.4,99.2,87.0,181.5,0,1.9,7.7,15.0,2.2,69.9,0,0,0,0,1,0,1,0,0,0,0,0,0,0,0,0,0,0,1,0,0,2
56.8,0,25.2,142.7,102.2,95.3,170.7,0,7.7,6.6,19.3,4.8,66.9,0,0,0,0,0,0,0,0,0,0,0,0,0,0,0,0,0,0,1,0,0,2
65.3,0,31.4,149.2,92.6,95.6,180.4,0,3.3,6.9,6.0,4.6,66.5,0,0,0,0,1,0,0,0,0,0,0,0,0,0,0,0,0,0,0,0,0,2
51.6,0,25.7,142.4,99.7,94.8,151.3,0,4.2,7.1,24.1,1.6,70.3,0,0,0,0,0,0,1,0,0,0,0,0,0,0,0,0,0,0,0,0,0,2
52.6,0,24.7,167.1,92.0,92.7,162.5,0,4.6,7.7,26.4,4.9,63.7,0,0,0,0,1,0,1,0,0,0,0,0,0,0,0,0,0,0,0,0,0,2
64.8,1,32.3,183.0,100.6,96.1,173.2,0,4.4,7.6,5.3,5.0,64.9,0,0,0,0,1,0,1,0,0,0,0,0,0,0,0,0,0,0,0,0,0,2
40.4,1,29.2,143.9,98.0,86.2,160.2,0,4.0,7.1,10.1,3.0,81.2,0,0,0,0,1,0,1,0,0,0,0,0,0,0,0,0,0,0,1,0,0,2
64.7,0,32.3,161.8,101.9,92.3,165.3,0,3.9,8.6,16.7,4.4,78.0,0,0,0,0,0,0,1,0,0,0,0,0,0,0,0,0,0,0,1,0,0,2
43.6,0,31.2,138.0,92.0,84.1,191.5,0,3.9,8.0,13.9,3.1,64.4,0,0,0,0,1,0,0,0,0,0,0,0,0,0,0,0,0,0,1,0,0,2
74.8,1,33.9,167.9,88.0,92.9,186.9,0,1.7,6.7,10.1,6.1,82.0,0,0,0,0,1,0,1,0,0,0,0,0,0,0,0,0,0,0,0,0,0,2
71.3,1,24.5,178.9,108.6,85.9,186.0,1,5.5,6.2,11.9,4.3,69.6,0,0,0,0,1,0,1,0,0,0,0,0,0,0,0,0,0,0,0,0,0,2
59.5,1,24.0,169.6,91.1,100.7,200.4,0,2.7,6.3,8.4,5.4,76.2,0,0,0,0,1,0,1,0,0,0,0,0,0,0,0,0,0,0,1,0,0,2
50.3,1,31.0,158.1,88.0,101.7,188.1,0,1.0,7.7,22.2,3.7,71.7,0,0,0,0,1,0,1,0,0,0,0,0,0,0,0,0,0,0,1,0,0,2
39.4,0,36.3,158.1,90.0,96.3,188.3,0,4.3,7.5,7.9,5.3,75.5,0,0,0,0,0,0,1,0,0,0,0,0,0,0,0,0,0,0,1,0,0,2
57.6,1,23.5,150.4,88.0,99.3,150.1,1,2.4,6.9,13.6,5.3,58.4,0,0,0,0,0,0,0,0,0,0,0,0,0,0,0,0,0,0,0,0,0,2
47.3,1,30.1,152.0,88.0,95.7,193.8,0,6.2,7.6,23.4,2.9,67.0,0,0,0,0,1,0,1,0,0,0,0,0,0,0,0,0,0,0,0,0,0,2
35.6,1,26.6,149.8,102.6,90.8,182.0,0,4.2,6.9,11.6,3.3,62.2,0,0,0,0,0,0,1,0,0,0,0,0,0,0,0,0,0,0,1,0,0,2
71.1,0,25.9,138.0,88.0,89.6,167.7,1,2.7,6.7,13.5,2.7,77.0,0,0,0,0,1,0,1,0,0,0,0,0,0,0,0,0,0,0,0,0,0,2
72.5,1,34.2,164.9,99.2,98.1,189.9,0,5.2,6.9,7.0,6.2,76.2,0,0,0,0,0,0,0,0,0,0,0,0,0,0,0,0,0,0,0,0,0,2
50.6,1,31.4,155.7,89.0,91.8,171.9,0,3.5,5.9,23.6,4.5,67.5,0,0,0,0,1,0,1,0,0,0,0,0,0,0,0,0,0,0,0,0,0,2
59.0,0,35.9,138.0,100.0,93.9,171.0,0,3.4,7.4,8.0,3.9,65.2,0,0,0,0,1,0,1,0,0,0,0,0,0,0,0,0,0,0,1,0,0,2
62.0,0,23.5,144.9,98.3,106.9,181.2,0,5.1,7.6,15.4,5.2,61.7,0,0,0,0,1,0,1,0,0,0,0,0,0,0,0,0,0,0,0,0,0,2
61.7,0,26.7,161.3,103.6,102.5,149.1,0,3.0,7.9,19.1,4.3,61.4,0,0,0,0,1,0,1,0,0,0,0,0,0,0,0,0,0,0,0,0,0,2
47.3,1,29.2,138.0,101.4,83.9,157.0,0,1.9,8.1,13.6,4.1,71.4,0,0,0,0,0,0,1,0,0,0,0,0,0,0,0,0,0,0,1,0,0,2
51.8,1,29.2,161.8,88.0,72.8,183.7,0,5.8,8.0,5.9,3.5,63.5,1,0,0,0,0,0,1,0,0,0,0,0,0,0,0,0,0,0,0,0,0,2
48.2,0,30.4,148.1,94.5,79.1,180.3,0,4.8,7.2,15.8,4.1,75.2,0,0,0,0,0,0,0,0,0,0,0,0,0,0,0,0,0,0,1,0,0,2
56.5,1,26.0,147.5,88.0,99.4,172.5,0,5.5,7.4,12.4,5.3,72.7,0,0,0,0,0,0,0,0,0,0,0,0,0,0,0,0,0,0,0,0,0,2
69.0,1,27.1,153.0,104.2,91.1,153.3,1,4.7,6.8,12.7,6.7,65.4,0,0,0,0,1,0,1,0,0,0,0,0,0,0,0,0,0,0,1,0,0,2
47.4,1,23.6,157.1,93.1,95.1,167.6,0,5.6,6.1,10.9,5.2,76.3,0,0,0,0,1,0,1,0,0,0,0,0,0,0,0,0,0,0,1,0,0,2
66.2,1,27.4,147.0,96.8,87.1,145.3,0,2.1,8.1,19.4,3.3,63.3,0,0,0,0,0,0,1,0,0,0,0,0,0,0,0,0,0,0,0,0,0,2
46.4,1,28.6,171.8,95.3,86.8,163.2,1,2.6,7.3,17.4,4.1,78.2,0,0,0,0,0,0,1,0,0,0,0,0,0,0,0,0,0,0,0,0,0,2
56.0,0,28.3,163.8,98.7,94.5,183.2,1,2.9,6.9,5.1,5.7,72.8,0,0,0,0,1,0,0,0,0,0,0,0,0,0,0,0,0,0,0,0,0,2
36.3,0,30.1,160.5,97.3,101.1,192.9,0,2.2,7.4,19.3,4.9,71.4,0,0,0,0,0,0,1,0,0,0,0,0,0,0,0,0,0,0,1,0,0,2
53.8,0,30.3,156.3,89.2,93.7,148.2,0,3.2,7.1,7.3,4.9,88.8,0,0,0,0,1,0,1,0,0,0,0,0,0,0,0,0,0,0,0,0,0,2
65.7,1,27.0,146.2,100.7,76.7,209.2,0,4.9,7.5,21.1,5.6,77.2,0,0,0,0,1,0,1,0,0,0,0,0,0,0,0,0,0,0,0,0,0,2
43.1,1,30.1,138.0,92.2,89.5,193.5,1,6.1,6.2,17.1,5.6,69.9,0,0,0,0,1,0,1,0,0,0,0,0,0,0,0,0,0,0,0,0,0,2
32.0,0,25.7,153.4,101.4,95.1,175.4,1,4.4,7.2,21.5,3.3,76.5,0,0,0,0,1,0,1,0,0,0,0,0,0,0,0,0,0,0,1,0,0,2
58.3,1,27.0,164.8,92.0,104.1,197.8,0,5.6,4.1,20.5,4.2,75.2,0,0,0,0,1,0,1,0,0,0,0,0,0,0,0,0,0,0,1,0,0,2
76.1,1,34.2,145.1,106.9,90.8,144.9,0,2.4,7.2,16.0,4.8,76.7,0,0,0,0,0,0,1,0,0,0,0,0,0,0,0,0,0,0,1,0,0,2
46.4,0,29.9,151.5,88.0,80.7,160.3,0,2.9,7.3,15.4,4.4,85.8,0,0,0,0,0,0,1,0,0,0,0,0,0,0,0,0,0,0,1,0,0,2
59.0,0,29.7,168.1,88.0,88.0,154.8,0,3.1,6.7,10.7,5.2,72.6,0,0,0,0,0,0,1,0,0,0,0,0,0,0,0,0,0,0,0,0,0,2
61.5,1,23.7,155.0,101.9,92.0,169.1,0,1.3,6.9,2.0,6.0,76.9,0,0,0,0,1,0,1,0,0,0,0,0,0,0,0,0,0,0,0,0,0,2
64.7,0,27.5,159.9,97.6,96.4,156.2,0,4.0,7.0,14.8,4.9,60.1,0,0,0,0,0,0,0,0,0,0,0,0,0,0,0,0,0,0,1,0,0,2
47.6,1,27.0,180.6,88.0,83.9,210.4,1,2.1,7.2,32.5,4.7,78.6,0,0,0,0,0,0,0,0,0,0,0,0,0,0,0,0,0,0,0,0,0,2
66.1,0,31.7,170.7,89.5,81.9,163.0,0,2.2,7.5,23.8,5.9,70.5,0,0,0,0,0,0,1,0,0,0,0,0,0,0,0,0,0,0,1,0,0,2
64.8,0,28.9,138.0,99.3,88.3,166.9,0,4.9,7.7,11.8,4.1,81.2,0,0,0,0,0,0,1,0,0,0,0,0,0,0,0,0,0,0,1,0,0,2
77.8,1,26.9,143.4,91.1,97.9,182.1,0,6.9,7.8,10.7,5.1,73.8,0,0,0,0,0,0,1,0,0,0,0,0,0,0,0,0,0,0,1,0,0,2
60.9,1,25.4,162.5,99.0,90.1,180.0,0,5.9,8.3,9.3,5.6,81.5,0,0,0,0,0,0,1,0,0,0,0,0,0,0,0,0,0,0,0,0,0,2
54.9,0,27.2,139.0,88.0,82.0,178.5,0,3.9,6.0,25.7,4.1,71.4,0,0,0,0,0,0,1,0,0,0,0,0,0,0,0,0,0,0,1,0,0,2
52.0,0,26.5,138.0,88.0,84.2,142.8,0,2.1,8.3,2.9,4.1,76.2,0,0,0,0,1,0,1,0,0,0,0,0,0,0,0,0,0,0,0,0,0,2
61.5,0,35.5,138.0,100.9,88.4,174.3,1,1.6,7.8,13.0,6.0,66.3,0,0,0,0,0,0,1,0,0,0,0,0,0,0,0,0,0,0,1,0,0,2
57.1,1,31.1,153.5,88.0,103.1,185.9,0,1.8,7.8,29.5,2.2,67.4,0,0,0,0,0,0,1,0,0,0,0,0,0,0,0,0,0,0,1,0,0,2
43.2,0,29.5,174.4,88.0,74.7,181.4,0,3.7,7.2,28.3,5.3,64.9,0,0,0,0,0,0,1,0,0,0,0,0,0,0,0,0,0,0,0,0,0,2
69.7,0,30.6,145.4,98.0,101.6,190.6,0,-0.2,6.0,2.0,3.0,78.6,1,0,0,0,0,0,0,0,0,0,0,0,0,0,0,0,0,0,1,0,0,2
37.8,1,27.7,163.2,100.2,86.2,191.2,0,5.6,6.9,27.4,3.4,79.4,0,0,0,0,1,0,1,0,0,0,0,0,0,0,0,0,0,0,1,0,0,2
66.2,1,37.9,166.7,88.0,83.4,174.0,0,4.9,7.7,13.5,2.6,75.0,0,0,0,0,1,0,1,0,0,0,0,0,0,0,0,0,0,0,0,0,0,2
65.8,1,27.4,138.0,96.8,80.7,171.6,0,4.0,7.2,6.3,5.9,64.4,0,0,0,0,0,0,1,0,0,0,0,0,0,0,0,0,0,0,1,0,0,2
62.6,0,30.8,164.2,88.0,88.7,166.3,0,3.0,7.5,11.6,3.5,78.3,0,0,0,0,1,0,1,0,0,0,0,0,0,0,0,0,0,0,1,0,0,2
57.4,0,37.2,164.3,91.2,80.0,183.1,0,3.4,7.1,14.9,7.5,73.2,0,0,0,0,1,0,1,0,0,0,0,0,0,0,0,0,0,0,1,0,0,2
69.2,0,26.3,147.5,88.0,74.9,167.0,0,2.8,5.6,21.9,5.8,67.3,0,0,0,0,1,0,1,0,0,0,0,0,0,0,0,0,0,0,0,0,0,2
80.2,0,28.2,172.3,93.2,80.7,199.0,0,3.8,7.6,19.2,3.5,80.0,0,0,0,0,1,0,1,0,0,0,0,0,0,0,0,0,0,0,1,0,0,2
59.2,1,34.7,144.7,92.1,98.2,193.3,0,3.9,6.7,32.6,6.7,76.4,0,0,0,0,0,0,1,0,0,0,0,0,0,0,0,0,0,0,0,0,0,2
55.8,1,23.5,138.0,107.5,98.7,191.7,0,5.1,6.7,10.6,3.7,65.2,1,0,0,0,1,0,1,0,0,0,0,0,0,0,0,0,0,0,1,0,0,2
52.9,0,31.8,142.0,106.5,100.2,226.5,0,3.6,5.5,5.0,4.4,73.9,0,0,0,0,1,0,1,0,0,0,0,0,0,0,0,0,0,0,1,0,0,2
67.4,0,38.3,164.6,88.0,91.0,167.8,0,4.8,7.2,5.0,5.2,63.8,0,0,0,0,1,0,1,0,0,0,0,0,0,0,0,0,0,0,0,0,0,2
62.7,0,34.7,145.7,94.2,94.8,174.1,1,3.8,7.6,16.2,7.3,81.5,0,0,0,0,0,0,0,0,0,0,0,0,0,0,0,0,0,0,0,0,0,2
56.3,0,32.0,165.7,88.4,70.2,190.6,0,2.6,8.1,6.7,6.3,77.5,0,0,0,0,1,0,1,0,0,0,0,0,0,0,0,0,0,0,1,0,0,2
45.0,0,34.0,153.3,88.0,83.5,183.8,0,2.9,6.9,8.3,4.3,76.1,0,0,0,0,1,0,1,0,0,0,0,0,0,0,0,0,0,0,0,0,0,2
49.7,1,27.1,138.0,102.4,99.2,155.7,1,5.9,8.6,3.8,5.4,69.0,0,0,0,0,1,0,1,0,0,0,0,0,0,0,0,0,0,0,0,0,0,2
69.7,1,30.6,142.1,90.7,75.4,171.5,0,3.9,8.2,24.1,3.9,75.3,0,0,0,0,1,0,0,0,0,0,0,0,0,0,0,0,0,0,1,0,0,2
51.2,0,28.1,169.5,106.9,86.5,165.5,0,3.9,7.5,8.2,4.1,69.4,0,0,0,0,1,0,0,0,0,0,0,0,0,0,0,0,0,0,1,0,0,2
65.2,1,23.5,166.6,89.5,100.9,173.4,0,1.3,7.2,16.3,4.2,72.3,0,0,0,0,0,0,0,0,0,0,0,0,0,0,0,0,0,0,1,0,0,2
51.7,1,23.8,153.5,91.7,80.2,177.2,0,3.1,8.9,22.3,3.0,72.1,0,0,0,0,0,0,1,0,0,0,0,0,0,0,0,0,0,0,0,0,0,2
33.8,0,33.1,142.4,101.2,87.9,153.9,0,0.7,8.2,11.7,3.5,74.9,0,0,0,0,0,0,1,0,0,0,0,0,0,0,0,0,0,0,0,0,0,2
77.7,1,33.7,159.7,94.9,86.7,179.5,1,3.9,6.4,5.8,4.2,84.2,0,0,0,0,1,0,1,0,0,0,0,0,0,0,0,0,0,0,1,0,0,2
62.8,1,27.1,165.5,107.4,99.3,139.2,1,3.1,7.0,18.6,5.1,69.3,0,0,0,0,1,0,1,0,0,0,0,0,0,0,0,0,0,0,1,0,0,2
53.2,1,34.2,153.7,96.8,88.1,185.9,0,3.1,8.6,20.5,3.4,72.5,1,0,0,0,1,0,1,0,0,0,0,0,0,0,0,0,0,0,1,0,0,2
40.8,0,32.5,179.5,96.2,85.0,177.4,1,6.8,5.1,9.9,6.1,64.8,0,0,0,0,1,0,1,0,0,0,0,0,0,0,0,0,0,0,0,0,0,2
48.3,0,27.0,164.9,105.2,88.0,154.7,0,4.1,8.9,17.6,3.7,57.4,0,0,0,0,1,0,1,0,0,0,0,0,0,0,0,0,0,0,0,0,0,2
78.6,1,32.1,150.8,89.1,74.8,194.8,0,3.7,7.3,15.5,5.6,69.0,0,0,0,0,1,0,1,0,0,0,0,0,0,0,0,0,0,0,1,0,0,2
54.7,1,28.0,164.3,100.9,90.0,200.7,1,3.7,7.4,12.9,4.0,73.6,0,0,0,0,0,0,1,0,0,0,0,0,0,0,0,0,0,0,0,0,0,2
53.6,0,27.6,157.3,96.0,103.8,188.7,0,2.5,7.2,3.4,5.4,81.0,0,0,0,0,1,0,1,0,0,0,0,0,0,0,0,0,0,0,1,0,0,2
59.6,1,24.9,161.7,94.9,99.8,168.6,0,3.1,6.2,10.4,4.7,62.2,0,0,0,0,1,0,1,0,0,0,0,0,0,0,0,0,0,0,0,0,0,2
67.8,0,26.4,161.2,101.6,89.1,158.1,1,3.5,5.8,11.4,4.2,68.6,0,0,0,0,0,0,1,0,0,0,0,0,0,0,0,0,0,0,0,0,0,2
58.6,1,23.9,159.5,102.6,98.2,180.3,0,5.1,8.0,14.3,3.9,68.6,0,0,0,0,1,0,1,0,0,0,0,0,0,0,0,0,0,0,1,0,0,2
53.0,0,28.8,168.8,91.9,102.7,206.8,0,3.9,7.8,6.6,2.9,70.7,0,0,0,0,1,0,1,0,0,0,0,0,0,0,0,0,0,0,0,0,0,2
71.0,0,32.3,145.1,88.0,93.7,175.0,0,5.5,6.7,19.6,2.5,73.5,0,0,0,0,1,0,1,0,0,0,0,0,0,0,0,0,0,0,1,0,0,2
44.9,0,24.3,155.2,104.7,80.3,173.3,1,5.5,7.4,13.2,4.8,72.9,0,0,0,0,1,0,0,0,0,0,0,0,0,0,0,0,0,0,0,0,0,2
70.6,0,26.4,143.6,94.8,102.4,169.8,0,0.3,8.2,3.5,3.1,79.7,0,0,0,0,1,0,1,0,0,0,0,0,0,0,0,0,0,0,1,0,0,2
73.6,0,28.9,149.6,89.7,75.1,174.8,0,4.1,7.5,20.7,3.7,70.5,0,0,0,0,0,0,1,0,0,0,0,0,0,0,0,0,0,0,1,0,0,2
57.0,1,26.0,156.1,95.6,83.4,169.3,1,3.0,6.7,24.3,7.0,67.0,0,0,0,0,0,0,1,0,0,0,0,0,0,0,0,0,0,0,1,0,0,2
64.3,1,31.8,144.4,101.4,86.1,163.2,1,5.5,7.6,21.4,5.6,72.9,0,0,0,0,1,0,0,0,0,0,0,0,0,0,0,0,0,0,0,0,0,2
60.1,0,35.6,147.9,96.0,106.8,172.7,0,3.1,6.6,9.2,3.8,72.1,0,0,0,0,1,0,1,0,0,0,0,0,0,0,0,0,0,0,0,0,0,2
61.4,0,25.5,138.0,116.4,93.9,155.7,0,3.1,6.3,16.2,4.0,69.8,0,0,0,0,0,0,1,0,0,0,0,0,0,0,0,0,0,0,1,0,0,2
57.5,0,27.3,146.5,91.4,96.0,194.6,0,4.2,7.8,15.2,3.5,79.5,0,0,0,0,0,0,1,0,0,0,0,0,0,0,0,0,0,0,1,0,0,2
61.0,0,24.3,147.6,104.2,89.2,165.4,1,2.5,4.5,13.3,3.3,72.9,0,0,0,0,1,0,1,0,0,0,0,0,0,0,0,0,0,0,0,0,0,2
64.4,0,32.4,138.0,108.4,89.2,184.2,1,4.0,6.3,12.2,5.4,76.6,0,0,0,0,0,0,1,0,0,0,0,0,0,0,0,0,0,0,0,0,0,2
57.5,0,30.5,141.1,103.6,90.4,211.8,0,4.4,6.4,12.9,2.8,74.0,0,0,0,0,1,0,1,0,0,0,0,0,0,0,0,0,0,0,1,0,0,2
54.2,0,23.5,193.2,102.4,99.8,159.0,0,4.4,6.1,11.7,5.0,85.7,0,0,0,0,1,0,1,0,0,0,0,0,0,0,0,0,0,0,0,0,0,2
66.7,1,31.7,163.1,92.7,97.2,184.8,0,6.1,7.7,23.1,4.1,78.0,0,0,0,0,1,0,0,0,0,0,0,0,0,0,0,0,0,0,0,0,0,2
64.4,1,27.0,149.3,92.7,91.9,178.4,0,1.5,6.3,14.8,2.6,74.0,0,0,0,0,0,0,0,0,0,0,0,0,0,0,0,0,0,0,0,0,0,2
53.7,1,26.9,175.4,90.4,75.5,196.6,0,4.3,8.1,11.9,3.9,84.3,0,0,0,0,1,0,1,0,0,0,0,0,0,0,0,0,0,0,1,0,0,2
41.0,1,27.7,158.2,88.0,96.5,176.4,0,6.1,6.3,2.0,4.8,63.0,1,0,0,0,1,0,1,0,0,0,0,0,0,0,0,0,0,0,1,0,0,2
51.6,1,30.9,143.5,96.9,94.5,173.2,0,5.2,7.3,10.6,5.0,75.7,0,0,0,0,1,0,1,0,0,0,0,0,0,0,0,0,0,0,1,0,0,2
57.2,1,30.7,165.9,88.0,76.4,192.1,0,5.2,6.7,13.7,3.8,73.8,0,0,0,0,1,0,1,0,0,0,0,0,0,0,0,0,0,0,1,0,0,2
59.5,0,36.4,154.4,94.6,80.8,140.0,0,6.7,7.1,12.7,6.8,71.1,0,0,0,0,0,0,1,0,0,0,0,0,0,0,0,0,0,0,1,0,0,2
64.3,0,25.5,182.8,102.9,85.9,188.3,0,2.4,8.7,8.1,4.3,75.2,0,0,0,0,1,0,1,0,0,0,0,0,0,0,0,0,0,0,1,0,0,2
69.6,1,26.6,151.1,88.1,97.6,179.2,1,7.0,7.8,18.6,2.3,73.4,0,0,0,0,0,0,0,0,0,0,0,0,0,0,0,0,0,0,0,0,0,2
51.9,1,27.9,155.6,88.0,87.1,161.5,0,5.3,7.5,20.1,6.9,68.9,0,0,0,0,0,0,1,0,0,0,0,0,0,0,0,0,0,0,1,0,0,2
64.9,0,31.5,163.7,96.9,88.1,193.1,0,3.5,8.3,15.4,5.0,62.8,0,0,0,0,0,0,1,0,0,0,0,0,0,0,0,0,0,0,0,0,0,2
62.9,0,23.6,149.7,90.8,91.0,181.8,0,5.1,6.0,30.2,4.0,75.9,0,0,0,0,0,0,1,0,0,0,0,0,0,0,0,0,0,0,1,0,0,2
45.7,1,23.5,175.9,98.5,82.8,169.7,0,1.2,7.8,17.7,7.5,67.6,0,0,0,0,1,0,0,0,0,0,0,0,0,0,0,0,0,0,1,0,0,2
65.5,1,29.1,155.7,94.4,75.2,155.9,1,3.0,7.4,7.6,5.7,72.1,0,0,0,0,1,0,0,0,0,0,0,0,0,0,0,0,0,0,0,0,0,2
61.5,1,35.1,160.3,91.1,89.6,173.5,1,2.6,8.8,22.0,4.1,60.3,0,0,0,0,1,0,1,0,0,0,0,0,0,0,0,0,0,0,0,0,0,2
70.5,1,29.1,147.7,93.2,86.0,187.7,0,5.2,8.8,15.5,5.1,69.8,1,0,0,0,1,0,1,0,0,0,0,0,0,0,0,0,0,0,1,0,0,2
81.5,1,28.0,143.4,92.3,92.0,189.4,0,2.7,7.5,14.8,4.0,90.7,0,0,0,0,1,0,1,0,0,0,0,0,0,0,0,0,0,0,1,0,0,2
67.8,0,29.4,161.6,109.7,86.1,189.0,0,2.5,7.6,6.1,3.9,74.9,0,0,0,0,0,0,1,0,0,0,0,0,0,0,0,0,0,0,1,0,0,2
48.8,0,29.3,155.3,93.4,98.9,169.2,1,4.4,8.4,8.5,5.8,79.3,0,0,0,0,1,0,1,0,0,0,0,0,0,0,0,0,0,0,0,0,0,2
51.8,1,28.5,145.9,99.5,87.4,201.5,1,-0.1,7.1,18.7,3.0,79.4,0,0,0,0,1,0,1,0,0,0,0,0,0,0,0,0,0,0,1,0,0,2
64.7,0,35.4,142.1,94.6,87.5,176.7,1,3.2,7.3,19.1,1.5,79.6,0,0,0,0,0,0,0,0,0,0,0,0,0,0,0,0,0,0,0,0,0,2
43.3,1,30.1,194.3,97.9,84.6,179.1,0,5.9,7.4,22.6,1.0,70.0,0,0,0,0,1,0,0,0,0,0,0,0,0,0,0,0,0,0,1,0,0,2
63.8,0,27.4,155.0,109.1,85.1,145.6,0,2.8,5.7,8.7,3.9,75.5,0,0,0,0,0,0,0,0,0,0,0,0,0,0,0,0,0,0,1,0,0,2
58.4,0,26.7,153.4,88.0,86.6,174.3,0,4.6,6.6,13.3,5.4,67.8,0,0,0,0,1,0,1,0,0,0,0,0,0,0,0,0,0,0,0,0,0,2
67.8,0,23.5,153.2,99.3,75.4,176.7,0,5.5,8.8,15.3,3.0,72.2,0,0,0,0,1,0,1,0,0,0,0,0,0,0,0,0,0,0,0,0,0,2
32.7,1,27.6,161.0,94.7,101.5,212.6,0,4.2,6.0,11.5,4.2,80.3,0,0,0,0,0,0,1,0,0,0,0,0,0,0,0,0,0,0,0,0,0,2
51.4,0,34.4,160.6,91.9,103.9,191.2,0,-0.0,7.4,14.4,4.6,68.4,0,0,0,0,1,0,0,0,0,0,0,0,0,0,0,0,0,0,1,0,0,2
52.7,1,28.0,172.8,95.5,79.1,173.5,0,4.2,9.0,5.6,3.0,75.5,0,0,0,0,0,0,0,0,0,0,0,0,0,0,0,0,0,0,0,0,0,2
40.7,0,23.5,138.0,88.0,89.3,181.7,0,4.7,7.8,9.9,3.1,70.9,0,0,0,0,0,0,1,0,0,0,0,0,0,0,0,0,0,0,1,0,0,2
64.5,0,23.5,153.4,109.5,75.0,187.0,0,4.8,9.8,13.5,3.3,74.4,0,0,0,0,0,0,1,0,0,0,0,0,0,0,0,0,0,0,0,0,0,2
53.0,0,27.9,155.9,97.4,78.2,163.9,1,3.1,7.8,13.7,4.1,65.9,0,0,0,0,1,0,1,0,0,0,0,0,0,0,0,0,0,0,0,0,0,2
66.0,1,26.2,152.3,99.6,81.6,196.6,0,2.8,7.1,20.6,2.6,72.2,0,0,0,0,0,0,1,0,0,0,0,0,0,0,0,0,0,0,0,0,0,2
65.6,1,31.2,164.2,104.5,89.7,168.8,0,3.5,6.0,17.6,5.0,72.9,0,0,0,0,0,0,1,0,0,0,0,0,0,0,0,0,0,0,0,0,0,2
58.5,0,35.8,144.5,98.2,75.6,167.5,0,4.6,6.7,22.3,1.5,69.3,1,0,0,0,1,0,1,0,0,0,0,0,0,0,0,0,0,0,1,0,0,2
67.8,1,27.1,165.2,98.5,93.2,207.4,0,6.4,7.8,15.8,6.6,79.8,0,0,0,0,0,0,0,0,0,0,0,0,0,0,0,0,0,0,1,0,0,2
64.4,1,29.0,156.1,103.1,79.3,184.1,1,3.2,8.1,6.4,5.3,67.8,0,0,0,0,1,0,1,0,0,0,0,0,0,0,0,0,0,0,0,0,0,2
68.2,0,23.5,169.1,109.3,102.8,165.4,0,0.8,7.3,2.0,6.4,67.9,0,0,0,0,0,0,1,0,0,0,0,0,0,0,0,0,0,0,1,0,0,2
72.7,0,34.1,155.3,107.2,94.7,183.0,0,2.2,7.1,16.8,2.4,74.2,0,0,0,0,0,0,1,0,0,0,0,0,0,0,0,0,0,0,0,0,0,2
68.4,0,27.4,141.7,99.8,94.6,153.9,0,4.3,7.0,21.6,5.4,63.8,0,0,0,0,0,0,1,0,0,0,0,0,0,0,0,0,0,0,0,0,0,2
70.5,0,31.2,155.3,99.0,77.5,189.4,1,4.5,7.2,16.9,4.5,80.2,1,0,0,0,0,0,1,0,0,0,0,0,0,0,0,0,0,0,1,0,0,2
62.6,0,29.0,159.1,94.0,89.6,206.7,0,2.4,7.7,9.5,3.2,74.3,0,0,0,0,0,0,1,0,0,0,0,0,0,0,0,0,0,0,0,0,0,2
44.9,1,30.6,147.3,98.2,100.8,210.5,0,3.9,7.9,20.7,6.5,74.7,1,0,0,0,1,0,0,0,0,0,0,0,0,0,0,0,0,0,0,0,0,2
47.7,0,30.5,157.9,101.2,92.8,214.0,0,6.2,6.2,12.5,5.9,68.0,0,0,0,0,1,0,0,0,0,0,0,0,0,0,0,0,0,0,0,0,0,2
68.6,1,28.3,145.3,99.9,84.9,149.2,0,2.6,6.6,18.4,3.8,77.6,0,0,0,0,0,0,1,0,0,0,0,0,0,0,0,0,0,0,0,0,0,2
59.6,1,26.3,176.8,88.3,90.2,162.2,0,4.8,8.5,3.8,3.8,82.2,0,0,0,0,1,0,1,0,0,0,0,0,0,0,0,0,0,0,0,0,0,2
60.7,1,25.6,157.7,108.5,100.9,185.0,0,1.8,6.9,14.2,5.2,70.8,0,0,0,0,1,0,1,0,0,0,0,0,0,0,0,0,0,0,1,0,0,2
56.8,1,32.9,175.3,88.0,67.0,179.4,1,6.1,7.8,10.8,5.2,72.7,0,0,0,0,1,0,1,0,0,0,0,0,0,0,0,0,0,0,1,0,0,2
43.0,0,33.6,147.2,95.7,74.7,157.3,0,4.4,7.2,12.6,7.1,68.2,0,0,0,0,1,0,1,0,0,0,0,0,0,0,0,0,0,0,0,0,0,2
34.2,0,33.1,141.5,90.6,85.6,160.0,0,4.6,6.9,9.3,1.7,71.5,0,0,0,0,0,0,1,0,0,0,0,0,0,0,0,0,0,0,1,0,0,2
46.4,0,33.9,142.6,108.4,92.5,227.1,1,3.2,7.5,5.3,1.8,75.6,0,0,0,0,1,0,1,0,0,0,0,0,0,0,0,0,0,0,1,0,0,2
46.6,1,28.7,166.2,94.1,82.1,163.9,1,1.7,8.0,13.3,1.8,67.4,0,0,0,0,0,0,1,0,0,0,0,0,0,0,0,0,0,0,1,0,0,2
60.9,0,36.2,172.0,96.8,98.8,183.8,0,3.4,6.3,22.9,7.5,81.3,0,0,0,0,1,0,0,0,0,0,0,0,0,0,0,0,0,0,1,0,0,2
50.5,1,23.5,138.0,92.2,82.3,166.4,0,3.1,7.4,15.9,4.2,56.2,0,0,0,0,1,0,0,0,0,0,0,0,0,0,0,0,0,0,1,0,0,2
38.2,0,29.1,191.7,99.7,93.7,180.0,0,5.7,7.0,16.8,2.1,71.7,0,0,0,0,0,0,1,0,0,0,0,0,0,0,0,0,0,0,1,0,0,2
62.5,0,35.0,154.3,89.4,88.5,212.3,0,4.4,6.5,17.1,3.8,68.1,0,0,0,0,1,0,0,0,0,0,0,0,0,0,0,0,0,0,0,0,0,2
39.5,0,35.7,155.3,88.0,102.9,184.6,0,5.2,8.3,23.5,4.6,56.6,0,0,0,0,0,0,0,0,0,0,0,0,0,0,0,0,0,0,0,0,0,2
45.6,0,29.0,163.4,88.0,109.2,158.0,0,5.7,6.0,10.1,4.9,96.4,0,0,0,0,1,0,1,0,0,0,0,0,0,0,0,0,0,0,1,0,0,2
68.7,1,33.0,144.8,103.3,73.6,189.2,1,4.2,5.5,7.3,5.2,70.4,0,0,0,0,1,0,1,0,0,0,0,0,0,0,0,0,0,0,0,0,0,2
52.5,0,24.2,139.7,94.4,82.5,168.1,0,3.2,6.8,7.1,6.1,64.8,1,0,0,0,1,0,1,0,0,0,0,0,0,0,0,0,0,0,0,0,0,2
41.8,1,31.3,181.3,97.1,82.9,188.0,0,4.2,8.5,10.9,4.3,72.6,0,0,0,0,1,0,1,0,0,0,0,0,0,0,0,0,0,0,1,0,0,2
38.8,1,26.4,155.5,88.0,83.4,184.7,0,6.0,5.8,9.8,3.4,67.8,0,0,0,0,0,0,1,0,0,0,0,0,0,0,0,0,0,0,1,0,0,2
52.0,0,28.3,159.2,99.7,71.8,208.4,0,3.4,7.2,17.2,3.1,78.9,0,0,0,0,1,0,1,0,0,0,0,0,0,0,0,0,0,0,0,0,0,2
68.6,1,29.6,167.3,103.1,92.1,197.1,0,4.3,6.6,17.8,5.0,66.7,0,0,0,0,0,0,0,0,0,0,0,0,0,0,0,0,0,0,1,0,0,2
49.9,1,25.2,145.9,106.1,88.9,190.0,1,4.7,7.3,16.3,3.6,58.0,0,0,0,0,1,0,1,0,0,0,0,0,0,0,0,0,0,0,1,0,0,2
64.4,1,25.7,148.2,89.1,89.7,156.5,0,0.9,8.2,27.5,3.6,66.1,0,0,0,0,1,0,1,0,0,0,0,0,0,0,0,0,0,0,0,0,0,2
65.6,0,24.5,161.3,103.1,91.9,169.1,0,5.4,6.7,22.5,3.8,67.0,0,0,0,0,1,0,0,0,0,0,0,0,0,0,0,0,0,0,0,0,0,2
57.7,1,30.1,146.4,111.4,81.8,179.7,0,2.3,6.3,14.5,4.4,70.7,0,0,0,0,1,0,1,0,0,0,0,0,0,0,0,0,0,0,1,0,0,2
50.9,1,32.3,138.0,113.1,90.8,195.9,0,3.9,6.7,7.7,4.2,67.0,1,0,0,0,1,0,0,0,0,0,0,0,0,0,0,0,0,0,0,0,0,2
53.0,0,29.0,152.8,88.0,97.8,188.1,0,4.9,7.4,4.6,5.7,69.4,0,0,0,0,0,0,0,0,0,0,0,0,0,0,0,0,0,0,1,0,0,2
68.0,1,26.9,170.8,98.4,97.5,166.3,0,2.1,7.2,20.8,3.3,80.2,0,0,0,0,1,0,1,0,0,0,0,0,0,0,0,0,0,0,0,0,0,2
55.9,1,29.4,138.0,91.3,95.7,174.7,0,1.9,8.4,15.5,6.1,74.2,0,0,0,0,1,0,1,0,0,0,0,0,0,0,0,0,0,0,1,0,0,2
59.0,1,30.6,174.0,97.6,81.8,203.1,0,2.0,7.6,14.2,1.7,81.5,0,0,0,0,1,0,0,0,0,0,0,0,0,0,0,0,0,0,0,0,0,2
64.8,1,33.3,138.0,96.8,79.2,142.7,1,7.3,6.7,18.8,4.7,73.9,0,0,0,0,1,0,0,0,0,0,0,0,0,0,0,0,0,0,0,0,0,2
59.3,1,29.7,153.1,102.1,89.1,188.8,0,3.0,7.1,17.1,4.6,59.0,1,0,0,0,1,0,0,0,0,0,0,0,0,0,0,0,0,0,1,0,0,2
60.9,0,33.6,166.5,100.6,104.2,168.3,0,3.7,5.8,20.6,3.4,78.8,1,0,0,0,1,0,0,0,0,0,0,0,0,0,0,0,0,0,1,0,0,2
57.8,1,31.1,157.2,88.0,89.7,153.2,0,4.1,8.7,9.1,6.3,64.1,0,0,0,0,0,0,0,0,0,0,0,0,0,0,0,0,0,0,1,0,0,2
55.9,0,29.6,164.9,99.3,81.7,169.1,0,0.9,8.4,5.4,3.6,89.3,0,0,0,0,0,0,0,0,0,0,0,0,0,0,0,0,0,0,0,0,0,2
67.2,0,28.2,167.7,104.3,86.5,167.4,1,1.3,7.7,4.9,7.5,67.7,0,0,0,0,0,0,1,0,0,0,0,0,0,0,0,0,0,0,0,0,0,2
38.3,1,25.1,146.7,102.3,78.0,190.1,0,5.5,7.6,4.9,3.9,75.1,0,0,0,0,1,0,1,0,0,0,0,0,0,0,0,0,0,0,1,0,0,2
67.4,1,32.3,150.8,93.5,93.4,190.9,1,1.9,7.2,20.7,5.6,76.6,0,0,0,0,0,0,1,0,0,0,0,0,0,0,0,0,0,0,1,0,0,2
61.9,0,28.6,161.4,88.0,82.2,129.3,0,5.0,7.6,17.5,4.6,67.9,0,0,0,0,1,0,1,0,0,0,0,0,0,0,0,0,0,0,1,0,0,2
73.0,1,30.2,141.5,105.5,101.1,175.1,0,1.7,7.1,15.1,2.2,79.5,0,0,0,0,1,0,0,0,0,0,0,0,0,0,0,0,0,0,1,0,0,2
67.8,1,30.8,152.3,96.9,101.7,175.7,0,2.4,7.0,8.7,1.3,66.8,0,0,0,0,0,0,1,0,0,0,0,0,0,0,0,0,0,0,0,0,0,2
57.1,0,29.9,155.5,94.4,79.2,182.5,1,3.6,6.9,18.3,5.5,60.7,0,0,0,0,1,0,1,0,0,0,0,0,0,0,0,0,0,0,1,0,0,2
57.6,0,40.0,191.0,101.9,88.2,154.9,0,5.7,7.1,23.6,5.9,79.8,0,0,0,0,1,0,1,0,0,0,0,0,0,0,0,0,0,0,0,0,0,2
56.0,1,30.8,149.1,92.4,83.9,189.8,0,3.7,6.1,13.7,5.5,65.3,0,0,0,0,1,0,1,0,0,0,0,0,0,0,0,0,0,0,1,0,0,2
69.9,1,26.8,174.4,104.2,106.3,181.1,0,3.4,6.9,24.4,4.7,59.2,0,0,0,0,1,0,1,0,0,0,0,0,0,0,0,0,0,0,1,0,0,2
51.8,1,30.9,159.7,101.9,77.8,180.1,1,2.8,6.7,15.1,4.1,68.7,0,0,0,0,1,0,1,0,0,0,0,0,0,0,0,0,0,0,1,0,0,2
63.3,1,29.5,171.1,97.5,81.9,183.1,0,5.0,7.2,10.6,6.6,79.1,0,0,0,0,0,0,0,0,0,0,0,0,0,0,0,0,0,0,0,0,0,2
44.6,0,34.3,157.5,108.0,89.4,185.0,0,5.7,6.2,16.4,4.4,67.5,0,0,0,0,1,0,1,0,0,0,0,0,0,0,0,0,0,0,0,0,0,2
49.5,0,33.7,148.2,100.9,89.1,185.2,0,5.2,8.2,17.6,2.9,69.3,0,0,0,0,1,0,1,0,0,0,0,0,0,0,0,0,0,0,1,0,0,2
47.4,0,29.5,145.5,105.3,101.9,184.1,0,1.8,7.7,12.9,2.6,62.9,0,0,0,0,0,0,1,0,0,0,0,0,0,0,0,0,0,0,1,0,0,2
50.4,0,23.5,159.7,105.0,74.2,183.7,0,2.1,7.2,2.0,2.6,90.1,0,0,0,0,1,0,1,0,0,0,0,0,0,0,0,0,0,0,0,0,0,2
49.2,0,28.3,165.6,88.0,102.7,185.4,0,4.4,8.5,13.1,6.7,68.7,0,0,0,0,1,0,0,0,0,0,0,0,0,0,0,0,0,0,1,0,0,2
55.0,0,24.2,150.6,100.2,102.8,179.8,0,3.9,8.3,24.0,4.4,71.7,0,0,0,0,1,0,1,0,0,0,0,0,0,0,0,0,0,0,0,0,0,2
50.6,0,26.9,138.0,88.0,80.0,188.5,0,1.4,6.1,9.7,3.1,69.8,0,0,0,0,0,0,1,0,0,0,0,0,0,0,0,0,0,0,0,0,0,2
52.3,1,32.9,146.1,88.0,113.5,194.1,0,3.4,8.4,13.2,5.7,83.3,0,0,0,0,1,0,1,0,0,0,0,0,0,0,0,0,0,0,0,0,0,2
50.9,0,34.7,143.7,100.8,80.7,169.9,1,3.3,8.9,10.1,4.8,69.5,0,0,0,0,0,0,1,0,0,0,0,0,0,0,0,0,0,0,0,0,0,2
53.2,0,26.3,152.9,99.0,71.1,153.3,0,2.6,6.7,9.1,4.1,71.4,0,0,0,0,1,0,1,0,0,0,0,0,0,0,0,0,0,0,0,0,0,2
54.3,0,25.2,157.6,88.0,86.6,183.9,0,4.2,8.1,22.4,6.2,68.2,0,0,0,0,1,0,0,0,0,0,0,0,0,0,0,0,0,0,1,0,0,2
33.7,1,25.9,155.9,88.0,91.8,172.0,0,4.7,6.5,8.6,5.5,72.5,0,0,0,0,0,0,1,0,0,0,0,0,0,0,0,0,0,0,1,0,0,2
47.8,1,31.5,147.7,88.9,104.4,172.2,1,3.6,7.2,9.0,4.3,81.3,0,0,0,0,1,0,1,0,0,0,0,0,0,0,0,0,0,0,1,0,0,2
44.4,1,34.0,184.3,106.2,88.9,174.7,0,2.2,5.9,16.1,5.2,77.3,0,0,0,0,1,0,1,0,0,0,0,0,0,0,0,0,0,0,1,0,0,2
62.8,0,25.9,138.0,107.3,93.9,176.4,0,5.0,8.4,11.6,5.4,70.4,0,0,0,0,1,0,1,0,0,0,0,0,0,0,0,0,0,0,0,0,0,2
67.0,0,30.3,149.1,89.8,101.5,158.2,0,3.0,7.2,17.8,3.7,68.1,0,0,0,0,0,0,1,0,0,0,0,0,0,0,0,0,0,0,0,0,0,2
59.0,0,34.3,158.0,88.0,76.8,172.0,1,3.7,7.2,19.8,2.8,63.7,0,0,0,0,1,0,1,0,0,0,0,0,0,0,0,0,0,0,0,0,0,2
60.0,0,35.8,138.0,99.3,93.3,204.4,1,2.4,7.8,5.9,1.3,82.5,0,0,0,0,0,0,0,0,0,0,0,0,0,0,0,0,0,0,1,0,0,2
67.5,0,25.8,161.6,99.0,92.5,174.6,0,3.8,7.7,11.7,5.0,68.8,0,0,0,0,1,0,1,0,0,0,0,0,0,0,0,0,0,0,1,0,0,2
51.6,1,38.7,156.2,90.0,89.8,169.7,1,5.1,8.0,12.0,6.0,79.2,1,0,0,0,1,0,1,0,0,0,0,0,0,0,0,0,0,0,1,0,0,2
52.7,0,23.5,169.9,94.5,83.2,187.3,1,2.3,7.5,12.9,4.9,72.3,0,0,0,0,1,0,0,0,0,0,0,0,0,0,0,0,0,0,1,0,0,2
70.2,0,23.5,162.5,92.4,99.0,169.3,0,4.7,7.6,4.2,2.9,65.0,0,0,0,0,0,0,1,0,0,0,0,0,0,0,0,0,0,0,1,0,0,2
40.4,0,25.8,156.7,94.1,98.5,188.3,0,2.2,7.1,15.2,3.6,70.6,0,0,0,0,1,0,1,0,0,0,0,0,0,0,0,0,0,0,1,0,0,2
82.0,1,28.5,146.3,101.3,86.2,170.3,0,2.1,6.3,16.8,2.7,65.1,0,0,0,0,1,0,1,0,0,0,0,0,0,0,0,0,0,0,0,0,0,2
37.8,1,31.3,167.6,90.8,101.8,165.4,0,5.3,7.6,28.2,1.9,67.1,0,0,0,0,0,0,1,0,0,0,0,0,0,0,0,0,0,0,1,0,0,2
50.7,1,29.0,158.4,88.0,78.6,170.1,0,2.7,6.8,13.7,4.4,71.0,0,0,0,0,0,0,1,0,0,0,0,0,0,0,0,0,0,0,1,0,0,2
40.2,1,26.7,138.0,102.4,89.5,183.6,0,3.5,8.3,12.4,5.7,82.7,0,0,0,0,1,0,1,0,0,0,0,0,0,0,0,0,0,0,1,0,0,2
71.4,1,28.4,148.9,89.7,90.8,152.1,0,6.2,7.9,7.6,4.5,71.6,0,0,0,0,1,0,1,0,0,0,0,0,0,0,0,0,0,0,0,0,0,2
62.2,1,23.5,138.0,99.1,99.0,191.5,0,3.6,7.0,24.5,1.8,68.1,0,0,0,0,0,0,1,0,0,0,0,0,0,0,0,0,0,0,1,0,0,2
63.5,0,27.7,169.1,97.9,77.8,181.0,1,4.4,6.9,12.1,3.1,61.7,1,0,0,0,1,0,1,0,0,0,0,0,0,0,0,0,0,0,1,0,0,2
46.4,0,23.7,174.6,88.0,88.2,174.7,0,5.4,9.0,18.2,1.9,74.3,0,0,0,0,1,0,1,0,0,0,0,0,0,0,0,0,0,0,1,0,0,2
50.0,0,29.2,168.6,91.7,87.4,181.9,0,3.4,5.9,14.4,5.6,63.4,0,0,0,0,0,0,0,0,0,0,0,0,0,0,0,0,0,0,1,0,0,2
63.3,0,30.9,181.0,103.1,86.9,192.2,0,3.4,8.0,2.0,2.5,65.7,0,0,0,0,1,0,1,0,0,0,0,0,0,0,0,0,0,0,1,0,0,2
56.6,0,29.4,138.0,94.9,100.9,177.0,0,2.4,7.4,19.1,2.6,70.4,0,0,0,0,0,0,1,0,0,0,0,0,0,0,0,0,0,0,0,0,0,2
51.3,1,27.7,146.9,97.5,106.1,189.8,0,4.3,7.8,13.0,6.8,67.8,0,0,0,0,1,0,1,0,0,0,0,0,0,0,0,0,0,0,1,0,0,2
55.4,1,28.1,166.1,88.0,94.3,173.1,1,2.0,8.2,14.5,6.4,67.5,0,0,0,0,1,0,1,0,0,0,0,0,0,0,0,0,0,0,1,0,0,2
65.2,1,30.0,138.0,92.7,81.1,177.8,0,3.3,6.4,21.8,3.4,73.8,0,0,0,0,0,0,1,0,0,0,0,0,0,0,0,0,0,0,0,0,0,2
51.6,0,24.6,163.1,94.8,79.0,185.8,1,2.5,6.8,25.4,4.4,72.0,0,0,0,0,1,0,1,0,0,0,0,0,0,0,0,0,0,0,1,0,0,2
58.7,0,31.4,150.8,102.5,97.3,181.0,0,3.4,5.8,6.6,6.0,71.2,0,0,0,0,0,0,0,0,0,0,0,0,0,0,0,0,0,0,0,0,0,2
51.3,0,27.8,147.8,88.0,88.1,170.9,0,3.9,8.1,11.4,4.8,80.7,0,0,0,0,1,0,0,0,0,0,0,0,0,0,0,0,0,0,1,0,0,2
59.2,1,24.9,149.1,88.0,95.5,179.8,0,2.0,5.9,5.6,1.0,69.4,0,0,0,0,0,0,0,0,0,0,0,0,0,0,0,0,0,0,1,0,0,2
51.9,0,26.6,161.6,91.3,87.9,141.5,0,4.6,6.6,2.0,7.3,65.3,0,0,0,0,1,0,1,0,0,0,0,0,0,0,0,0,0,0,1,0,0,2
64.1,0,31.8,189.3,88.0,80.5,180.6,0,3.3,7.8,6.1,4.1,72.1,0,0,0,0,0,0,1,0,0,0,0,0,0,0,0,0,0,0,1,0,0,2
45.5,1,28.0,138.0,92.6,109.8,212.6,0,6.1,6.7,10.1,4.6,74.6,0,0,0,0,1,0,0,0,0,0,0,0,0,0,0,0,0,0,1,0,0,2
51.4,0,26.6,150.3,88.0,89.3,164.1,0,4.4,6.6,20.3,4.8,63.8,0,0,0,0,1,0,0,0,0,0,0,0,0,0,0,0,0,0,1,0,0,2
59.4,0,23.5,153.4,88.0,92.9,184.5,0,2.8,6.0,9.7,4.7,69.5,0,0,0,0,1,0,0,0,0,0,0,0,0,0,0,0,0,0,0,0,0,2
63.7,0,29.9,151.3,100.7,99.7,175.6,0,3.8,6.9,3.5,4.4,82.3,0,0,0,0,1,0,1,0,0,0,0,0,0,0,0,0,0,0,0,0,0,2
37.1,1,28.2,138.5,98.4,96.0,171.7,0,2.3,7.3,11.7,3.7,69.3,0,0,0,0,1,0,1,0,0,0,0,0,0,0,0,0,0,0,1,0,0,2
63.1,1,29.8,159.2,99.1,83.1,210.4,0,4.5,6.7,11.1,6.1,68.0,0,0,0,0,0,0,1,0,0,0,0,0,0,0,0,0,0,0,0,0,0,2
55.9,1,31.0,157.6,98.5,83.9,163.1,0,3.1,7.3,14.1,4.1,77.5,0,0,0,0,0,0,0,0,0,0,0,0,0,0,0,0,0,0,0,0,0,2
56.2,1,26.7,151.8,97.2,86.6,184.2,0,2.3,6.8,7.0,2.5,68.3,0,0,0,0,1,0,1,0,0,0,0,0,0,0,0,0,0,0,0,0,0,2
57.7,0,35.9,150.5,88.0,90.3,167.8,1,6.4,5.9,15.5,5.0,71.8,0,0,0,0,1,0,0,0,0,0,0,0,0,0,0,0,0,0,1,0,0,2
52.0,1,23.5,171.6,103.6,102.3,169.4,1,2.2,7.2,7.2,4.0,82.8,0,0,0,0,1,0,1,0,0,0,0,0,0,0,0,0,0,0,0,0,0,2
53.2,0,29.0,170.7,113.4,81.9,165.2,0,3.7,5.2,17.2,4.1,69.1,0,0,0,0,0,0,0,0,0,0,0,0,0,0,0,0,0,0,1,0,0,2
45.1,0,26.7,163.1,103.3,82.8,190.0,0,6.1,7.8,18.7,4.6,67.6,0,0,0,0,1,0,0,0,0,0,0,0,0,0,0,0,0,0,0,0,0,2
51.8,1,26.6,138.0,108.5,84.1,179.8,0,2.3,6.1,18.6,2.3,74.8,1,0,0,0,1,0,1,0,0,0,0,0,0,0,0,0,0,0,1,0,0,2
65.2,0,27.2,145.8,88.0,71.6,172.1,0,5.3,7.5,24.5,2.1,87.1,0,0,0,0,1,0,1,0,0,0,0,0,0,0,0,0,0,0,1,0,0,2
61.5,1,28.0,166.6,93.2,87.8,179.9,0,4.6,6.5,8.7,4.5,73.6,0,0,0,0,1,0,1,0,0,0,0,0,0,0,0,0,0,0,1,0,0,2
63.7,1,28.7,159.3,109.9,92.8,174.9,1,3.8,6.1,15.2,3.1,80.2,0,0,0,0,1,0,1,0,0,0,0,0,0,0,0,0,0,0,1,0,0,2
53.6,0,28.9,166.3,107.2,82.4,169.4,0,3.4,6.1,30.0,5.2,74.3,0,0,0,0,1,0,0,0,0,0,0,0,0,0,0,0,0,0,1,0,0,2
56.8,1,30.6,166.2,98.1,97.2,214.2,0,3.3,6.9,18.4,4.8,80.2,0,0,0,0,1,0,1,0,0,0,0,0,0,0,0,0,0,0,1,0,0,2
49.4,0,30.0,161.2,89.3,94.1,175.4,0,4.7,7.2,25.9,4.1,82.5,0,0,0,0,0,0,1,0,0,0,0,0,0,0,0,0,0,0,1,0,0,2
50.8,1,30.8,138.0,88.9,94.1,207.0,0,3.9,8.2,17.6,5.3,66.8,0,0,0,0,1,0,1,0,0,0,0,0,0,0,0,0,0,0,1,0,0,2
56.9,1,28.3,149.4,104.0,89.5,153.1,0,6.1,7.2,10.3,4.4,70.1,0,0,0,0,1,0,1,0,0,0,0,0,0,0,0,0,0,0,1,0,0,2
57.3,0,25.8,138.2,96.0,89.3,173.5,0,2.0,6.9,19.4,4.7,63.8,0,0,0,0,0,0,1,0,0,0,0,0,0,0,0,0,0,0,0,0,0,2
52.4,0,26.0,177.9,94.8,82.8,196.9,1,2.8,7.7,12.5,6.2,58.2,0,0,0,0,0,0,1,0,0,0,0,0,0,0,0,0,0,0,0,0,0,2
60.0,0,32.7,155.7,90.8,80.7,178.4,0,4.6,7.4,24.7,5.7,77.1,1,0,0,0,1,0,1,0,0,0,0,0,0,0,0,0,0,0,1,0,0,2
61.6,1,29.0,145.0,98.1,90.7,186.9,0,4.1,7.8,14.0,4.9,59.1,0,0,0,0,1,0,1,0,0,0,0,0,0,0,0,0,0,0,0,0,0,2
56.6,1,25.5,138.0,103.2,89.2,169.4,0,2.9,8.0,10.8,3.4,77.1,0,0,0,0,1,0,1,0,0,0,0,0,0,0,0,0,0,0,0,0,0,2
40.4,1,27.9,160.5,88.0,90.5,161.2,0,4.3,7.8,19.0,3.9,62.4,0,0,0,0,1,0,1,0,0,0,0,0,0,0,0,0,0,0,1,0,0,2
45.7,0,30.1,144.1,88.0,90.9,207.9,0,5.3,6.6,12.1,3.9,75.1,0,0,0,0,0,0,0,0,0,0,0,0,0,0,0,0,0,0,1,0,0,2
45.9,0,33.0,141.1,95.2,79.5,193.9,0,4.4,7.2,20.3,3.6,76.0,0,0,0,0,0,0,1,0,0,0,0,0,0,0,0,0,0,0,1,0,0,2
58.3,0,25.1,138.0,103.6,93.3,170.3,0,1.5,6.7,10.5,4.1,79.9,0,0,0,0,0,0,1,0,0,0,0,0,0,0,0,0,0,0,1,0,0,2
40.3,0,30.8,159.5,91.7,83.4,184.5,1,1.0,6.8,11.8,4.9,64.3,0,0,0,0,1,0,0,0,0,0,0,0,0,0,0,0,0,0,1,0,0,2
57.1,1,28.8,157.7,92.7,93.4,176.5,1,2.4,9.0,14.0,2.7,81.5,0,0,0,0,1,0,1,0,0,0,0,0,0,0,0,0,0,0,1,0,0,2
70.1,0,27.4,138.0,88.0,87.0,193.5,0,3.1,7.7,13.6,3.2,81.6,0,0,0,0,1,0,1,0,0,0,0,0,0,0,0,0,0,0,1,0,0,2
37.7,1,28.6,151.5,88.2,94.1,176.9,0,5.3,7.3,2.0,2.6,73.3,1,0,0,0,1,0,1,0,0,0,0,0,0,0,0,0,0,0,1,0,0,2
59.4,1,23.5,159.7,94.1,85.9,144.5,1,4.7,6.6,14.8,4.5,76.4,0,0,0,0,0,0,1,0,0,0,0,0,0,0,0,0,0,0,1,0,0,2
52.6,1,24.0,158.6,88.0,94.5,158.3,0,5.1,5.3,2.0,5.4,72.6,0,0,0,0,1,0,0,0,0,0,0,0,0,0,0,0,0,0,1,0,0,2
52.7,1,23.5,156.2,89.4,104.2,238.9,1,3.3,6.9,12.4,7.5,90.5,0,0,0,0,0,0,0,0,0,0,0,0,0,0,0,0,0,0,0,0,0,2
76.9,0,28.4,139.7,88.2,94.1,185.5,0,3.9,5.1,23.4,6.1,74.4,0,0,0,0,1,0,1,0,0,0,0,0,0,0,0,0,0,0,0,0,0,2
47.5,1,35.2,169.1,95.9,82.0,160.4,0,4.1,5.3,10.3,3.9,63.7,0,0,0,0,0,0,1,0,0,0,0,0,0,0,0,0,0,0,1,0,0,2
75.3,0,33.2,138.0,89.7,92.6,171.7,1,2.9,6.1,9.6,3.2,76.7,0,0,0,0,0,0,0,0,0,0,0,0,0,0,0,0,0,0,1,0,0,2
49.3,0,27.7,138.0,105.2,90.4,169.9,0,4.5,7.3,7.7,4.9,65.5,0,0,0,0,0,0,0,0,0,0,0,0,0,0,0,0,0,0,1,0,0,2
63.1,0,27.4,204.1,91.4,85.5,157.8,0,2.0,6.5,12.7,5.2,70.9,0,0,0,0,0,0,1,0,0,0,0,0,0,0,0,0,0,0,1,0,0,2
40.9,0,32.1,145.7,100.7,84.9,156.0,1,1.5,6.5,13.9,3.9,70.2,0,0,0,0,1,0,0,0,0,0,0,0,0,0,0,0,0,0,0,0,0,2
48.9,1,24.9,154.3,106.5,88.9,188.5,0,3.8,7.2,15.6,4.6,63.7,0,0,0,0,0,0,0,0,0,0,0,0,0,0,0,0,0,0,1,0,0,2
57.2,0,29.3,138.0,100.6,87.6,171.3,0,3.1,6.4,25.7,4.9,67.9,0,0,0,0,1,0,1,0,0,0,0,0,0,0,0,0,0,0,1,0,0,2
47.4,0,29.0,138.0,88.0,79.9,157.6,0,3.9,7.0,13.0,4.0,65.9,0,0,0,0,0,0,0,0,0,0,0,0,0,0,0,0,0,0,0,0,0,2
47.8,0,31.2,138.3,88.0,103.2,210.0,1,4.4,7.5,27.9,3.5,80.9,0,0,0,0,0,0,1,0,0,0,0,0,0,0,0,0,0,0,1,0,0,2
71.3,0,27.2,158.1,93.0,80.6,172.2,0,4.9,8.3,29.3,2.8,72.4,0,0,0,0,1,0,1,0,0,0,0,0,0,0,0,0,0,0,1,0,0,2
43.8,1,26.7,147.1,96.0,97.2,196.4,0,2.0,7.4,9.6,5.5,81.8,0,0,0,0,1,0,0,0,0,0,0,0,0,0,0,0,0,0,1,0,0,2
60.6,0,26.3,167.1,96.5,83.2,158.1,1,4.6,7.4,14.7,5.9,74.7,0,0,0,0,0,0,1,0,0,0,0,0,0,0,0,0,0,0,1,0,0,2
58.9,1,25.3,163.5,88.0,76.2,170.2,0,4.5,9.1,3.3,5.4,81.7,0,0,0,0,0,0,0,0,0,0,0,0,0,0,0,0,0,0,0,0,0,2
44.8,1,30.2,164.5,89.5,100.8,190.5,0,5.3,8.0,5.7,5.6,80.4,0,0,0,0,0,0,1,0,0,0,0,0,0,0,0,0,0,0,0,0,0,2
58.0,1,27.9,149.9,93.7,82.9,173.8,1,3.8,6.9,12.7,4.5,70.5,0,0,0,0,0,0,1,0,0,0,0,0,0,0,0,0,0,0,1,0,0,2
57.4,1,26.0,138.0,89.5,91.0,148.2,0,3.7,8.9,14.4,3.2,67.5,0,0,0,0,0,0,1,0,0,0,0,0,0,0,0,0,0,0,1,0,0,2
47.4,0,28.3,177.6,88.0,71.4,180.7,0,4.1,7.0,15.8,2.9,68.1,0,0,0,0,1,0,1,0,0,0,0,0,0,0,0,0,0,0,0,0,0,2
57.7,1,29.2,153.9,88.0,67.4,150.1,0,1.5,7.0,9.9,6.7,70.1,0,0,0,0,0,0,1,0,0,0,0,0,0,0,0,0,0,0,0,0,0,2
50.5,0,25.2,164.5,101.0,85.5,178.7,1,1.6,8.1,17.0,4.4,66.3,0,0,0,0,0,0,0,0,0,0,0,0,0,0,0,0,0,0,1,0,0,2
68.3,1,32.4,148.3,97.0,92.9,188.9,0,4.2,7.6,4.4,7.3,76.7,0,0,0,0,1,0,0,0,0,0,0,0,0,0,0,0,0,0,0,0,0,2
81.0,0,24.5,152.1,104.1,91.6,150.3,0,3.7,7.5,14.4,3.3,71.6,0,0,0,0,1,0,1,0,0,0,0,0,0,0,0,0,0,0,1,0,0,2
61.2,1,23.9,167.3,97.1,97.5,167.6,0,5.7,8.6,16.1,6.1,83.7,1,0,0,0,1,0,1,0,0,0,0,0,0,0,0,0,0,0,0,0,0,2
71.3,1,29.1,155.4,94.1,97.5,180.5,0,4.9,9.1,14.6,4.4,63.1,0,0,0,0,0,0,1,0,0,0,0,0,0,0,0,0,0,0,0,0,0,2
49.8,1,31.5,150.2,96.6,82.4,227.9,0,4.1,7.7,28.6,4.2,72.7,0,0,0,0,1,0,0,0,0,0,0,0,0,0,0,0,0,0,1,0,0,2
58.2,0,27.5,167.5,102.8,84.7,171.8,0,5.5,9.1,10.8,3.7,76.4,0,0,0,0,1,0,1,0,0,0,0,0,0,0,0,0,0,0,1,0,0,2
77.4,0,27.9,138.0,94.3,84.6,182.9,0,3.6,6.9,18.8,2.4,81.2,0,0,0,0,1,0,1,0,0,0,0,0,0,0,0,0,0,0,1,0,0,2
59.5,1,27.9,152.0,103.0,100.1,152.3,0,4.8,7.2,12.3,4.6,69.1,0,0,0,0,0,0,0,0,0,0,0,0,0,0,0,0,0,0,1,0,0,2
79.5,1,31.0,138.0,106.8,95.4,181.5,1,3.6,7.3,16.4,2.5,73.9,0,0,0,0,1,0,1,0,0,0,0,0,0,0,0,0,0,0,0,0,0,2
63.1,0,31.5,171.8,95.9,88.7,165.6,0,6.4,6.7,27.5,3.8,74.0,1,0,0,0,1,0,1,0,0,0,0,0,0,0,0,0,0,0,0,0,0,2
66.5,0,24.8,149.1,102.7,75.1,165.1,1,6.2,8.0,7.4,1.6,72.4,0,0,0,0,1,0,1,0,0,0,0,0,0,0,0,0,0,0,1,0,0,2
67.1,1,33.4,175.6,101.5,99.3,166.4,0,3.1,7.5,17.0,3.4,70.8,0,0,0,0,1,0,1,0,0,0,0,0,0,0,0,0,0,0,0,0,0,2
36.0,0,24.6,166.1,97.1,103.8,193.0,0,2.4,8.4,29.2,4.9,79.7,0,0,0,0,1,0,0,0,0,0,0,0,0,0,0,0,0,0,0,0,0,2
48.7,1,32.4,166.7,94.8,90.7,171.0,0,5.9,6.8,12.1,3.3,79.7,1,0,0,0,1,0,1,0,0,0,0,0,0,0,0,0,0,0,1,0,0,2
60.4,1,35.3,150.6,90.9,76.5,149.9,0,3.2,7.0,13.8,5.1,68.0,0,0,0,0,0,0,1,0,0,0,0,0,0,0,0,0,0,0,1,0,0,2
52.7,0,34.7,170.1,90.8,94.2,176.8,0,3.3,6.6,9.2,3.4,69.2,0,0,0,0,0,0,1,0,0,0,0,0,0,0,0,0,0,0,1,0,0,2
38.4,0,23.5,141.9,91.6,89.3,214.6,0,3.7,6.8,14.2,4.6,79.7,0,0,0,0,1,0,1,0,0,0,0,0,0,0,0,0,0,0,0,0,0,2
62.3,1,30.4,166.6,101.7,80.0,204.0,0,5.1,7.9,24.1,3.4,69.8,0,0,0,0,1,0,1,0,0,0,0,0,0,0,0,0,0,0,0,0,0,2
76.8,1,29.4,148.4,93.6,110.4,199.9,0,3.4,7.4,18.7,5.3,61.4,0,0,0,0,0,0,1,0,0,0,0,0,0,0,0,0,0,0,1,0,0,2
51.2,0,36.3,153.8,93.2,99.4,162.0,0,1.9,7.4,14.1,5.2,71.2,0,0,0,0,1,0,1,0,0,0,0,0,0,0,0,0,0,0,1,0,0,2
64.7,1,29.4,138.0,88.0,78.7,169.1,0,3.4,8.4,26.2,3.9,70.8,0,0,0,0,1,0,1,0,0,0,0,0,0,0,0,0,0,0,0,0,0,2
45.2,1,30.1,165.9,111.2,83.5,166.0,0,2.1,6.7,7.2,2.6,75.6,0,0,0,0,1,0,1,0,0,0,0,0,0,0,0,0,0,0,1,0,0,2
56.2,0,27.5,164.2,89.4,99.6,192.4,0,2.6,8.8,2.0,2.7,76.2,0,0,0,0,1,0,1,0,0,0,0,0,0,0,0,0,0,0,1,0,0,2
50.4,1,28.5,147.5,91.7,84.3,185.3,0,1.3,6.9,19.8,3.6,70.3,0,0,0,0,1,0,1,0,0,0,0,0,0,0,0,0,0,0,1,0,0,2
59.5,1,30.7,172.3,94.9,80.2,174.3,0,3.4,5.9,24.0,4.1,63.1,0,0,0,0,1,0,1,0,0,0,0,0,0,0,0,0,0,0,1,0,0,2
60.4,0,26.0,154.7,88.0,77.8,161.6,0,2.5,7.0,10.6,5.2,68.2,0,0,0,0,1,0,0,0,0,0,0,0,0,0,0,0,0,0,0,0,0,2
61.1,0,23.8,167.9,105.2,88.9,169.8,0,1.4,6.8,9.7,3.0,70.9,0,0,0,0,1,0,1,0,0,0,0,0,0,0,0,0,0,0,1,0,0,2
62.5,0,26.4,141.0,93.5,101.3,153.0,0,4.5,7.6,23.5,3.2,67.2,0,0,0,0,0,0,1,0,0,0,0,0,0,0,0,0,0,0,0,0,0,2
69.0,0,30.5,152.2,109.2,91.9,190.5,1,3.2,6.0,2.0,5.7,66.1,0,0,0,0,0,0,1,0,0,0,0,0,0,0,0,0,0,0,1,0,0,2
67.1,1,25.3,151.8,89.2,86.8,203.0,0,4.9,8.2,17.0,5.9,85.0,0,0,0,0,0,0,1,0,0,0,0,0,0,0,0,0,0,0,0,0,0,2
57.5,1,24.8,174.3,90.5,82.8,169.5,0,6.1,8.5,15.6,3.7,75.9,0,0,0,0,0,0,0,0,0,0,0,0,0,0,0,0,0,0,0,0,0,2
46.5,1,32.0,153.1,88.0,107.6,162.4,0,0.4,6.4,2.0,5.1,75.1,0,0,0,0,1,0,0,0,0,0,0,0,0,0,0,0,0,0,1,0,0,2
57.3,0,23.5,155.3,95.2,105.8,183.4,0,7.1,6.0,18.8,3.8,70.8,0,0,0,0,1,0,0,0,0,0,0,0,0,0,0,0,0,0,0,0,0,2
54.9,0,28.0,152.4,101.4,82.0,192.2,0,4.1,6.0,2.0,3.7,59.9,0,0,0,0,1,0,1,0,0,0,0,0,0,0,0,0,0,0,0,0,0,2
50.6,1,28.6,144.3,103.4,99.6,197.2,0,3.1,7.1,19.7,4.0,59.6,0,0,0,0,0,0,0,0,0,0,0,0,0,0,0,0,0,0,0,0,0,2
55.4,0,29.6,155.5,88.0,101.0,174.1,0,3.8,7.5,20.1,6.2,59.9,0,0,0,0,0,0,1,0,0,0,0,0,0,0,0,0,0,0,0,0,0,2
69.7,1,31.3,165.5,88.0,94.1,135.4,0,5.0,6.4,21.6,4.8,75.4,0,0,0,0,1,0,1,0,0,0,0,0,0,0,0,0,0,0,0,0,0,2
71.4,0,37.7,138.0,104.0,86.1,154.0,0,4.5,7.4,26.4,5.3,70.2,0,0,0,0,0,0,1,0,0,0,0,0,0,0,0,0,0,0,1,0,0,2
51.4,1,32.4,166.9,88.0,74.2,185.9,1,4.8,6.8,4.0,3.7,65.6,0,0,0,0,1,0,1,0,0,0,0,0,0,0,0,0,0,0,0,0,0,2
57.4,1,31.3,138.0,88.0,104.0,169.1,0,2.6,8.1,7.8,4.2,69.0,1,0,0,0,1,0,1,0,0,0,0,0,0,0,0,0,0,0,0,0,0,2
59.7,0,25.4,147.4,101.9,90.9,162.5,1,3.5,7.3,6.0,5.7,58.0,0,0,0,0,1,0,1,0,0,0,0,0,0,0,0,0,0,0,1,0,0,2
75.7,0,23.5,138.0,88.0,92.7,178.3,0,5.1,5.1,4.9,3.3,78.3,0,0,0,0,0,0,1,0,0,0,0,0,0,0,0,0,0,0,1,0,0,2
69.7,0,27.6,138.0,100.5,84.6,170.2,1,5.6,6.7,2.0,2.6,82.2,0,0,0,0,1,0,1,0,0,0,0,0,0,0,0,0,0,0,1,0,0,2
59.3,1,32.9,144.6,97.3,74.6,189.8,1,3.2,6.8,14.1,6.9,81.7,0,0,0,0,0,0,1,0,0,0,0,0,0,0,0,0,0,0,0,0,0,2
49.3,0,26.5,154.7,98.8,89.3,161.4,0,3.0,7.8,4.5,4.5,63.0,0,0,0,0,0,0,1,0,0,0,0,0,0,0,0,0,0,0,1,0,0,2
58.7,1,26.4,160.2,88.0,73.5,175.8,0,4.1,7.6,26.4,3.7,53.1,0,0,0,0,1,0,1,0,0,0,0,0,0,0,0,0,0,0,1,0,0,2
57.8,0,29.1,176.0,97.4,85.9,199.3,0,2.3,8.2,6.4,3.2,70.7,0,0,0,0,0,0,1,0,0,0,0,0,0,0,0,0,0,0,0,0,0,2
73.3,1,29.1,140.4,98.9,79.4,168.7,0,1.8,6.2,13.5,1.0,77.6,0,0,0,0,0,0,0,0,0,0,0,0,0,0,0,0,0,0,1,0,0,2
54.8,0,30.8,138.0,107.5,79.2,174.4,0,5.8,8.4,20.0,5.1,71.7,0,0,0,0,1,0,1,0,0,0,0,0,0,0,0,0,0,0,0,0,0,2
56.2,0,32.1,154.0,101.0,86.5,181.7,0,3.4,8.1,12.3,4.1,76.0,0,0,0,0,0,0,1,0,0,0,0,0,0,0,0,0,0,0,0,0,0,2
58.9,1,28.8,165.6,100.3,90.0,190.3,0,6.2,7.6,10.5,5.2,57.7,0,0,0,0,1,0,1,0,0,0,0,0,0,0,0,0,0,0,1,0,0,2
55.5,0,23.5,165.0,104.5,73.7,142.3,0,6.3,6.5,10.7,2.5,79.7,0,0,0,0,0,0,1,0,0,0,0,0,0,0,0,0,0,0,1,0,0,2
64.7,1,31.0,172.5,94.3,78.7,151.5,0,5.8,5.9,23.3,5.3,73.7,0,0,0,0,1,0,1,0,0,0,0,0,0,0,0,0,0,0,0,0,0,2
55.5,0,29.5,140.1,101.4,87.8,202.2,0,4.7,6.6,26.3,3.7,77.5,0,0,0,0,1,0,1,0,0,0,0,0,0,0,0,0,0,0,1,0,0,2
69.0,0,31.7,186.6,90.4,97.3,176.3,0,4.6,7.1,24.4,5.5,85.4,0,0,0,0,0,0,0,0,0,0,0,0,0,0,0,0,0,0,0,0,0,2
71.8,0,31.4,145.2,111.9,96.8,174.7,0,4.1,8.0,20.7,5.5,59.9,0,0,0,0,0,0,1,0,0,0,0,0,0,0,0,0,0,0,0,0,0,2
54.8,1,29.6,151.1,88.0,100.6,196.2,0,2.7,7.1,14.1,3.1,72.1,0,0,0,0,1,0,0,0,0,0,0,0,0,0,0,0,0,0,0,0,0,2
60.2,1,29.5,151.5,90.0,71.6,167.5,0,6.1,7.9,33.8,3.8,63.3,0,0,0,0,1,0,1,0,0,0,0,0,0,0,0,0,0,0,1,0,0,2
70.7,1,33.4,147.7,93.2,90.5,176.9,1,6.4,6.1,19.9,2.8,82.8,0,0,0,0,1,0,0,0,0,0,0,0,0,0,0,0,0,0,1,0,0,2
63.2,1,23.5,181.2,92.1,84.9,192.7,1,2.7,8.3,7.5,5.9,65.7,0,0,0,0,0,0,1,0,0,0,0,0,0,0,0,0,0,0,0,0,0,2
40.3,1,28.1,196.3,88.0,82.3,215.9,1,4.6,7.8,14.7,3.4,76.7,0,0,0,0,0,0,1,0,0,0,0,0,0,0,0,0,0,0,1,0,0,2
75.6,1,32.2,169.4,93.9,97.9,212.1,0,4.2,7.3,13.1,2.1,78.6,1,0,0,0,1,0,0,0,0,0,0,0,0,0,0,0,0,0,1,0,0,2
61.7,1,34.4,146.3,107.8,83.3,222.7,0,4.0,8.9,11.0,1.0,79.4,0,0,0,0,0,0,0,0,0,0,0,0,0,0,0,0,0,0,1,0,0,2
45.0,1,34.7,160.4,101.1,90.4,176.1,0,2.7,6.9,31.6,6.2,63.0,0,0,0,0,1,0,0,0,0,0,0,0,0,0,0,0,0,0,0,0,0,2
45.5,1,32.5,144.2,93.6,97.1,159.4,0,1.4,8.3,2.0,5.0,70.7,0,0,0,0,0,0,1,0,0,0,0,0,0,0,0,0,0,0,1,0,0,2
62.1,0,25.0,159.7,93.8,93.7,167.0,1,0.3,7.9,11.4,3.1,65.4,0,0,0,0,1,0,1,0,0,0,0,0,0,0,0,0,0,0,1,0,0,2
60.6,0,28.2,164.5,96.6,75.7,174.8,0,9.0,6.8,10.7,3.3,70.9,0,0,0,0,1,0,0,0,0,0,0,0,0,0,0,0,0,0,1,0,0,2
67.6,0,27.9,146.7,105.3,80.9,190.6,0,3.6,8.4,12.7,4.5,63.5,0,0,0,0,1,0,1,0,0,0,0,0,0,0,0,0,0,0,1,0,0,2
49.5,1,28.5,147.2,95.0,88.2,182.3,0,4.4,8.2,21.2,3.4,66.1,0,0,0,0,1,0,1,0,0,0,0,0,0,0,0,0,0,0,0,0,0,2
49.2,0,24.4,138.0,88.0,98.0,192.0,0,5.6,7.2,20.9,5.8,72.9,0,0,0,0,1,0,1,0,0,0,0,0,0,0,0,0,0,0,0,0,0,2
56.6,1,27.8,138.0,103.3,83.2,154.2,0,3.7,9.5,18.4,3.4,71.4,0,0,0,0,0,0,1,0,0,0,0,0,0,0,0,0,0,0,0,0,0,2
52.9,1,34.5,153.2,97.0,91.4,170.0,0,3.9,5.9,24.6,4.1,81.0,0,0,0,0,1,0,1,0,0,0,0,0,0,0,0,0,0,0,0,0,0,2
59.0,1,23.5,166.1,88.0,79.0,188.5,0,3.3,8.0,6.7,3.5,55.2,1,0,0,0,0,0,1,0,0,0,0,0,0,0,0,0,0,0,0,0,0,2
60.9,1,31.1,147.5,88.0,93.9,175.7,0,5.5,6.9,2.0,6.5,90.6,0,0,0,0,1,0,1,0,0,0,0,0,0,0,0,0,0,0,1,0,0,2
56.0,1,25.9,138.0,105.5,94.5,163.0,1,3.8,7.0,26.8,3.0,77.3,0,0,0,0,1,0,0,0,0,0,0,0,0,0,0,0,0,0,1,0,0,2
60.3,1,36.3,176.9,101.7,88.1,182.4,0,4.4,7.4,20.1,1.5,74.5,0,0,0,0,1,0,1,0,0,0,0,0,0,0,0,0,0,0,0,0,0,2
71.9,0,23.5,151.7,93.1,91.3,200.3,0,3.9,7.0,24.5,2.3,73.1,0,0,0,0,1,0,1,0,0,0,0,0,0,0,0,0,0,0,1,0,0,2
41.4,1,27.6,179.0,109.4,82.0,151.6,1,3.1,7.0,19.1,5.6,80.0,0,0,0,0,1,0,0,0,0,0,0,0,0,0,0,0,0,0,1,0,0,2
39.2,1,31.3,148.0,96.4,92.2,200.0,0,3.0,6.6,6.8,3.4,79.2,0,0,0,0,1,0,0,0,0,0,0,0,0,0,0,0,0,0,0,0,0,2
39.2,0,28.1,151.9,95.0,103.2,176.4,0,2.3,8.5,13.5,6.1,71.4,0,0,0,0,0,0,1,0,0,0,0,0,0,0,0,0,0,0,0,0,0,2
62.5,1,31.1,161.6,91.0,78.0,162.4,0,4.5,7.4,14.1,4.3,82.3,0,0,0,0,0,0,1,0,0,0,0,0,0,0,0,0,0,0,0,0,0,2
54.3,0,29.4,168.3,104.7,95.7,216.1,0,2.0,7.8,14.8,2.6,76.2,0,0,0,0,1,0,0,0,0,0,0,0,0,0,0,0,0,0,0,0,0,2
61.5,0,28.6,138.0,100.9,88.8,162.4,0,7.1,4.9,20.1,3.2,74.3,0,0,0,0,0,0,0,0,0,0,0,0,0,0,0,0,0,0,1,0,0,2
57.9,0,24.5,176.9,102.6,100.9,223.9,1,5.3,6.5,14.9,2.9,63.1,0,0,0,0,1,0,1,0,0,0,0,0,0,0,0,0,0,0,0,0,0,2
58.0,1,29.3,172.4,103.8,92.9,162.1,0,4.1,6.4,24.2,3.5,62.5,0,0,0,0,1,0,1,0,0,0,0,0,0,0,0,0,0,0,0,0,0,2
60.3,1,30.9,169.7,100.6,97.2,190.2,0,4.7,8.2,21.2,4.1,70.0,0,0,0,0,0,0,1,0,0,0,0,0,0,0,0,0,0,0,1,0,0,2
59.5,1,27.9,157.1,100.3,92.1,174.1,0,3.3,7.8,12.5,2.9,78.1,1,0,0,0,0,0,1,0,0,0,0,0,0,0,0,0,0,0,1,0,0,2
60.6,1,30.2,141.4,102.0,88.9,160.1,0,5.1,7.6,12.7,4.1,69.8,0,0,0,0,1,0,0,0,0,0,0,0,0,0,0,0,0,0,0,0,0,2
49.1,0,33.6,148.5,103.9,93.6,204.5,0,5.5,7.9,5.3,5.9,68.3,1,0,0,0,0,0,1,0,0,0,0,0,0,0,0,0,0,0,0,0,0,2
46.5,0,23.8,150.9,91.1,94.9,156.2,0,4.0,7.5,2.1,3.2,75.5,0,0,0,0,1,0,0,0,0,0,0,0,0,0,0,0,0,0,1,0,0,2
56.8,1,35.4,182.5,100.9,91.6,216.0,1,1.6,7.9,8.2,3.9,65.0,0,0,0,0,0,0,1,0,0,0,0,0,0,0,0,0,0,0,0,0,0,2
67.0,1,26.0,160.9,103.1,77.9,170.6,0,3.8,6.6,27.5,7.3,75.0,0,0,0,0,1,0,1,0,0,0,0,0,0,0,0,0,0,0,1,0,0,2
66.4,0,28.9,154.8,103.2,92.1,191.9,0,1.3,7.7,17.6,4.3,78.6,1,0,0,0,1,0,1,0,0,0,0,0,0,0,0,0,0,0,0,0,0,2
67.9,0,25.9,149.4,99.0,85.5,173.2,0,3.8,6.5,14.2,4.2,64.7,0,0,0,0,1,0,1,0,0,0,0,0,0,0,0,0,0,0,0,0,0,2
49.1,0,25.5,152.3,89.9,92.1,186.7,0,4.2,8.0,15.3,3.0,59.6,0,0,0,0,1,0,1,0,0,0,0,0,0,0,0,0,0,0,0,0,0,2
60.6,1,33.8,163.9,92.5,100.6,174.4,0,4.0,6.4,8.1,2.8,81.4,0,0,0,0,1,0,1,0,0,0,0,0,0,0,0,0,0,0,0,0,0,2
44.7,1,24.5,165.8,96.3,86.3,166.0,0,2.9,6.3,5.6,4.0,79.6,0,0,0,0,1,0,1,0,0,0,0,0,0,0,0,0,0,0,1,0,0,2
46.4,1,30.5,159.0,88.0,83.1,195.3,1,4.6,6.2,6.1,3.9,70.0,0,0,0,0,0,0,1,0,0,0,0,0,0,0,0,0,0,0,1,0,0,2
65.5,1,29.1,171.2,97.4,97.8,196.8,0,3.4,7.6,11.9,4.7,81.7,0,0,0,0,1,0,1,0,0,0,0,0,0,0,0,0,0,0,0,0,0,2
58.0,1,34.7,162.5,116.0,96.5,167.8,0,4.8,6.9,37.4,2.7,72.2,0,0,0,0,1,0,1,0,0,0,0,0,0,0,0,0,0,0,0,0,0,2
55.9,0,34.0,166.2,97.7,77.7,151.1,0,3.7,7.8,18.2,2.4,75.3,0,0,0,0,1,0,1,0,0,0,0,0,0,0,0,0,0,0,1,0,0,2
71.0,0,27.1,165.8,107.4,93.2,181.6,0,1.9,6.2,18.2,5.8,63.5,0,0,0,0,0,0,1,0,0,0,0,0,0,0,0,0,0,0,1,0,0,2
69.9,1,29.8,158.9,95.2,92.6,160.2,1,5.2,8.1,18.6,2.8,64.2,0,0,0,0,0,0,1,0,0,0,0,0,0,0,0,0,0,0,1,0,0,2
36.2,0,33.0,157.0,95.9,90.6,159.2,0,6.2,6.3,20.7,3.5,74.4,0,0,0,0,1,0,1,0,0,0,0,0,0,0,0,0,0,0,1,0,0,2
62.4,1,32.2,138.0,89.4,90.0,207.8,1,4.4,7.2,11.7,4.2,78.6,0,0,0,0,1,0,1,0,0,0,0,0,0,0,0,0,0,0,1,0,0,2
51.6,1,34.0,162.0,88.0,76.0,190.2,0,4.1,6.4,28.2,4.5,67.4,0,0,0,0,1,0,0,0,0,0,0,0,0,0,0,0,0,0,1,0,0,2
62.4,0,26.4,168.6,88.0,88.7,176.7,1,4.0,6.6,10.1,5.8,59.4,1,0,0,0,0,0,1,0,0,0,0,0,0,0,0,0,0,0,1,0,0,2
72.6,0,29.3,138.0,101.9,90.5,173.5,0,3.8,7.3,9.5,3.3,63.9,0,0,0,0,1,0,0,0,0,0,0,0,0,0,0,0,0,0,1,0,0,2
65.2,0,31.6,148.0,88.0,94.2,155.5,0,2.7,7.6,24.4,3.4,74.2,0,0,0,0,1,0,0,0,0,0,0,0,0,0,0,0,0,0,1,0,0,2
41.8,0,28.0,160.3,88.0,84.7,201.4,0,3.7,6.5,2.0,5.5,71.0,0,0,0,0,1,0,0,0,0,0,0,0,0,0,0,0,0,0,0,0,0,2
57.6,0,28.8,158.8,102.9,92.2,141.3,0,4.4,6.5,2.0,4.6,73.3,0,0,0,0,0,0,1,0,0,0,0,0,0,0,0,0,0,0,1,0,0,2
80.8,0,30.1,138.8,88.0,72.9,171.7,0,5.8,6.6,5.8,4.5,74.5,0,0,0,0,0,0,0,0,0,0,0,0,0,0,0,0,0,0,0,0,0,2
67.5,1,32.3,163.4,101.9,102.0,201.6,1,3.8,6.5,17.2,6.1,70.3,0,0,0,0,1,0,1,0,0,0,0,0,0,0,0,0,0,0,1,0,0,2
50.0,0,32.7,168.6,102.1,98.8,176.6,0,4.7,7.6,17.4,2.7,76.1,0,0,0,0,1,0,1,0,0,0,0,0,0,0,0,0,0,0,0,0,0,2
62.0,1,27.7,167.9,92.9,93.6,151.1,1,6.4,7.6,17.8,2.4,61.1,0,0,0,0,0,0,1,0,0,0,0,0,0,0,0,0,0,0,1,0,0,2
46.0,1,33.6,138.0,94.3,73.2,189.0,1,4.9,6.6,18.9,3.4,62.7,0,0,0,0,1,0,0,0,0,0,0,0,0,0,0,0,0,0,0,0,0,2
59.4,0,32.6,150.8,103.3,80.8,192.3,1,6.1,8.4,11.2,1.6,74.5,0,0,0,0,1,0,0,0,0,0,0,0,0,0,0,0,0,0,1,0,0,2
57.8,0,25.3,158.5,95.7,90.2,192.9,0,3.6,6.1,15.4,4.4,71.2,0,0,0,0,0,0,1,0,0,0,0,0,0,0,0,0,0,0,0,0,0,2
58.4,0,24.7,138.0,88.2,95.7,171.4,0,5.4,6.1,2.0,4.0,74.1,0,0,0,0,1,0,1,0,0,0,0,0,0,0,0,0,0,0,0,0,0,2
68.2,1,34.4,179.4,91.4,83.7,173.6,1,1.7,7.8,2.0,4.0,76.7,0,0,0,0,1,0,1,0,0,0,0,0,0,0,0,0,0,0,1,0,0,2
42.7,0,33.1,166.6,105.6,90.1,209.7,0,2.3,8.2,17.7,6.0,62.9,0,0,0,0,1,0,1,0,0,0,0,0,0,0,0,0,0,0,1,0,0,2
53.4,0,35.0,177.5,88.0,93.9,183.3,0,1.9,7.5,22.9,2.9,68.9,0,0,0,0,1,0,1,0,0,0,0,0,0,0,0,0,0,0,0,0,0,2
70.7,0,29.0,201.6,93.9,79.0,196.7,0,5.9,8.0,6.6,4.3,83.5,0,0,0,0,1,0,1,0,0,0,0,0,0,0,0,0,0,0,1,0,0,2
72.8,0,26.7,145.1,94.5,81.6,191.4,0,7.3,7.1,7.0,1.0,72.8,0,0,0,0,1,0,1,0,0,0,0,0,0,0,0,0,0,0,1,0,0,2
66.7,1,26.4,170.7,92.6,87.5,182.8,0,2.9,8.2,20.1,4.6,67.3,0,0,0,0,1,0,1,0,0,0,0,0,0,0,0,0,0,0,1,0,0,2
56.6,1,31.9,169.4,106.9,87.4,174.5,0,4.1,8.3,16.3,3.9,73.9,0,0,0,0,1,0,0,0,0,0,0,0,0,0,0,0,0,0,1,0,0,2
66.7,0,37.2,152.6,103.9,76.8,207.7,0,7.6,6.6,19.5,3.1,78.3,1,0,0,0,1,0,0,0,0,0,0,0,0,0,0,0,0,0,1,0,0,2
57.7,0,29.8,162.0,90.5,89.4,203.4,0,5.5,6.9,23.6,4.8,64.0,0,0,0,0,1,0,0,0,0,0,0,0,0,0,0,0,0,0,0,0,0,2
58.4,1,32.3,177.0,95.5,84.4,192.2,0,3.2,6.4,12.3,3.8,78.8,1,0,0,0,1,0,1,0,0,0,0,0,0,0,0,0,0,0,0,0,0,2
55.0,1,28.1,177.6,108.9,70.3,177.1,0,1.9,6.9,14.2,2.9,75.1,0,0,0,0,1,0,1,0,0,0,0,0,0,0,0,0,0,0,0,0,0,2
48.5,0,30.5,192.2,93.6,108.8,191.8,0,3.5,7.3,4.5,3.9,69.4,0,0,0,0,1,0,1,0,0,0,0,0,0,0,0,0,0,0,1,0,0,2
61.4,0,32.2,169.4,98.4,101.3,178.1,0,4.0,9.0,6.0,2.7,64.6,0,0,0,0,1,0,1,0,0,0,0,0,0,0,0,0,0,0,0,0,0,2
42.0,0,24.1,147.1,93.2,104.0,195.3,1,5.9,7.3,10.6,4.3,66.5,0,0,0,0,1,0,0,0,0,0,0,0,0,0,0,0,0,0,1,0,0,2
51.6,0,23.5,144.1,88.0,86.4,182.0,1,5.0,9.0,24.1,4.0,76.9,0,0,0,0,1,0,0,0,0,0,0,0,0,0,0,0,0,0,1,0,0,2
51.7,1,30.2,183.2,100.1,84.5,164.1,0,3.3,8.1,11.4,3.4,67.0,0,0,0,0,1,0,0,0,0,0,0,0,0,0,0,0,0,0,1,0,0,2
61.5,0,30.9,167.9,88.0,82.0,178.5,1,0.4,7.8,13.6,3.4,72.4,0,0,0,0,1,0,0,0,0,0,0,0,0,0,0,0,0,0,1,0,0,2
67.3,0,29.0,143.8,88.0,106.2,183.1,0,3.1,7.3,10.1,4.7,71.8,0,0,0,0,1,0,1,0,0,0,0,0,0,0,0,0,0,0,1,0,0,2
62.0,1,32.2,162.8,88.0,92.9,190.9,0,4.2,7.7,14.7,4.0,71.1,1,0,0,0,0,0,1,0,0,0,0,0,0,0,0,0,0,0,0,0,0,2
41.3,0,30.4,148.6,98.9,95.9,153.6,0,6.1,5.3,16.8,4.7,74.4,0,0,0,0,1,0,1,0,0,0,0,0,0,0,0,0,0,0,0,0,0,2
49.1,0,25.0,150.2,110.5,88.0,193.6,0,4.3,6.6,2.0,3.3,76.9,0,0,0,0,1,0,0,0,0,0,0,0,0,0,0,0,0,0,0,0,0,2
49.6,0,32.2,155.6,93.1,93.0,144.3,0,3.6,8.2,10.3,5.4,73.2,0,0,0,0,0,0,1,0,0,0,0,0,0,0,0,0,0,0,0,0,0,2
56.2,1,34.5,138.0,93.9,91.7,139.4,0,2.7,7.7,9.0,7.3,76.5,0,0,0,0,0,0,1,0,0,0,0,0,0,0,0,0,0,0,1,0,0,2
47.8,0,30.4,138.0,89.0,100.9,171.2,1,1.4,9.1,15.4,3.3,68.2,0,0,0,0,1,0,1,0,0,0,0,0,0,0,0,0,0,0,0,0,0,2
54.3,1,28.2,162.9,92.4,79.5,139.0,0,1.3,7.1,6.8,4.0,71.1,0,0,0,0,0,0,0,0,0,0,0,0,0,0,0,0,0,0,0,0,0,2
61.9,0,33.3,166.3,96.2,94.0,196.2,0,3.5,7.5,12.9,1.8,76.6,0,0,0,0,1,0,0,0,0,0,0,0,0,0,0,0,0,0,1,0,0,2
61.0,1,23.5,164.3,98.8,92.8,171.5,0,3.9,8.4,7.8,1.3,82.7,0,0,0,0,1,0,1,0,0,0,0,0,0,0,0,0,0,0,1,0,0,2
66.6,0,28.5,178.1,105.7,76.3,182.9,0,3.5,5.7,11.0,5.3,76.3,1,0,0,0,1,0,1,0,0,0,0,0,0,0,0,0,0,0,1,0,0,2
56.4,0,29.6,138.0,91.6,90.2,198.7,1,3.0,8.3,17.5,6.2,80.4,0,0,0,0,1,0,1,0,0,0,0,0,0,0,0,0,0,0,0,0,0,2
56.5,0,31.4,170.1,98.1,88.4,164.5,0,3.6,7.6,15.2,2.6,69.2,0,0,0,0,1,0,1,0,0,0,0,0,0,0,0,0,0,0,0,0,0,2
61.7,1,28.1,158.5,96.5,90.2,149.6,0,0.0,7.9,7.4,5.1,64.0,0,0,0,0,0,0,1,0,0,0,0,0,0,0,0,0,0,0,0,0,0,2
63.5,1,23.5,156.5,88.0,89.6,175.5,1,2.4,8.0,9.7,4.8,58.4,0,0,0,0,0,0,0,0,0,0,0,0,0,0,0,0,0,0,1,0,0,2
57.3,1,28.8,174.5,105.4,82.7,166.7,0,2.2,6.2,14.9,2.9,77.3,0,0,0,0,0,0,1,0,0,0,0,0,0,0,0,0,0,0,1,0,0,2
61.5,1,32.4,177.7,95.9,86.1,182.9,0,3.7,7.6,10.4,7.1,67.7,0,0,0,0,1,0,0,0,0,0,0,0,0,0,0,0,0,0,0,0,0,2
69.6,1,32.1,173.8,88.0,87.0,176.0,1,3.4,6.9,19.4,3.8,72.8,0,0,0,0,0,0,1,0,0,0,0,0,0,0,0,0,0,0,1,0,0,2
51.8,0,28.8,154.0,88.0,97.2,145.7,0,3.4,7.6,13.4,4.1,60.9,0,0,0,0,1,0,1,0,0,0,0,0,0,0,0,0,0,0,0,0,0,2
56.8,1,26.9,156.4,91.6,80.3,188.6,0,5.6,7.6,18.2,5.2,69.4,0,0,0,0,0,0,0,0,0,0,0,0,0,0,0,0,0,0,0,0,0,2
52.8,0,32.9,171.0,88.0,83.7,162.5,0,2.5,7.4,18.4,1.7,57.5,0,0,0,0,1,0,1,0,0,0,0,0,0,0,0,0,0,0,0,0,0,2
47.6,1,23.5,156.4,91.8,101.3,172.8,0,4.9,4.6,23.3,3.2,73.1,0,0,0,0,1,0,0,0,0,0,0,0,0,0,0,0,0,0,0,0,0,2
73.1,1,27.9,177.1,91.4,89.2,187.1,0,4.2,7.9,23.7,5.0,66.9,0,0,0,0,1,0,1,0,0,0,0,0,0,0,0,0,0,0,1,0,0,2
54.9,1,33.0,164.1,105.5,81.2,213.1,0,3.5,6.4,18.2,4.9,72.9,0,0,0,0,1,0,1,0,0,0,0,0,0,0,0,0,0,0,1,0,0,2
40.4,0,26.9,175.0,88.0,92.5,165.8,1,4.6,7.0,11.0,4.2,76.2,0,0,0,0,1,0,1,0,0,0,0,0,0,0,0,0,0,0,0,0,0,2
42.6,1,29.2,138.0,88.0,76.5,191.2,0,2.6,4.3,2.0,1.7,69.5,0,0,0,0,1,0,0,0,0,0,0,0,0,0,0,0,0,0,1,0,0,2
59.8,1,30.1,153.1,102.5,84.7,205.0,0,4.6,7.5,14.9,3.0,65.2,0,0,0,0,0,0,0,0,0,0,0,0,0,0,0,0,0,0,1,0,0,2
66.2,1,31.7,154.4,92.1,88.7,181.1,1,2.6,7.1,21.2,2.1,72.0,0,0,0,0,1,0,1,0,0,0,0,0,0,0,0,0,0,0,0,0,0,2
53.8,0,27.8,138.0,90.4,83.6,168.2,0,5.1,9.1,16.0,2.5,54.7,0,0,0,0,0,0,1,0,0,0,0,0,0,0,0,0,0,0,0,0,0,2
41.9,0,28.0,158.3,88.0,86.4,201.5,1,3.6,7.3,31.5,4.4,69.9,0,0,0,0,0,0,0,0,0,0,0,0,0,0,0,0,0,0,0,0,0,2
51.5,0,32.2,171.6,106.8,86.2,191.4,0,4.8,6.8,35.6,5.2,77.7,0,0,0,0,0,0,0,0,0,0,0,0,0,0,0,0,0,0,1,0,0,2
49.1,1,30.6,147.6,96.9,86.7,178.1,0,2.0,8.0,15.2,4.1,71.3,0,0,0,0,1,0,1,0,0,0,0,0,0,0,0,0,0,0,0,0,0,2
69.8,0,28.8,158.4,103.9,72.8,157.7,0,2.0,7.9,23.4,3.1,68.0,0,0,0,0,1,0,1,0,0,0,0,0,0,0,0,0,0,0,0,0,0,2
53.4,0,30.4,159.9,107.0,102.0,175.5,1,4.3,6.3,17.4,2.8,64.9,0,0,0,0,0,0,1,0,0,0,0,0,0,0,0,0,0,0,0,0,0,2
52.2,0,27.3,143.4,94.7,85.1,160.9,1,3.5,6.9,9.8,4.4,55.7,0,0,0,0,1,0,1,0,0,0,0,0,0,0,0,0,0,0,1,0,0,2
59.4,1,23.5,138.0,98.2,91.8,193.6,0,1.7,7.3,15.8,5.4,76.0,0,0,0,0,1,0,1,0,0,0,0,0,0,0,0,0,0,0,0,0,0,2
67.3,1,34.2,165.6,93.2,82.7,156.0,0,6.3,8.7,8.6,5.4,82.2,0,0,0,0,1,0,1,0,0,0,0,0,0,0,0,0,0,0,1,0,0,2
59.0,0,28.5,150.5,97.6,78.5,203.9,0,2.9,7.1,12.9,4.8,61.1,0,0,0,0,1,0,1,0,0,0,0,0,0,0,0,0,0,0,0,0,0,2
49.7,1,25.9,149.5,103.1,100.5,176.9,0,4.7,7.4,27.7,6.0,83.5,0,0,0,0,0,0,0,0,0,0,0,0,0,0,0,0,0,0,1,0,0,2
57.5,1,32.7,160.6,105.5,91.0,185.6,0,3.0,6.7,15.8,4.3,81.8,0,0,0,0,1,0,1,0,0,0,0,0,0,0,0,0,0,0,1,0,0,2
46.7,1,27.8,149.1,98.1,79.5,155.9,0,4.9,7.5,25.4,7.4,57.7,0,0,0,0,1,0,0,0,0,0,0,0,0,0,0,0,0,0,1,0,0,2
61.5,1,28.9,187.6,92.5,91.1,168.2,0,2.5,6.8,23.1,4.3,72.1,0,0,0,0,1,0,1,0,0,0,0,0,0,0,0,0,0,0,0,0,0,2
56.5,0,28.5,168.4,91.3,94.4,212.5,0,5.6,7.4,17.3,4.8,70.7,0,0,0,0,0,0,1,0,0,0,0,0,0,0,0,0,0,0,1,0,0,2
51.3,0,25.1,166.9,97.5,82.9,181.7,0,3.1,7.0,12.7,2.8,70.1,0,0,0,0,0,0,1,0,0,0,0,0,0,0,0,0,0,0,1,0,0,2
79.9,1,29.7,162.5,95.6,74.6,171.2,0,4.8,7.6,17.0,6.1,74.8,0,0,0,0,1,0,1,0,0,0,0,0,0,0,0,0,0,0,0,0,0,2
51.0,1,31.9,164.1,99.1,79.2,226.8,0,3.0,6.0,19.4,3.2,66.1,0,0,0,0,0,0,1,0,0,0,0,0,0,0,0,0,0,0,0,0,0,2
50.0,1,26.7,138.0,105.1,89.2,195.4,0,6.1,6.3,27.0,5.4,69.9,0,0,0,0,1,0,0,0,0,0,0,0,0,0,0,0,0,0,0,0,0,2
58.9,0,31.5,165.8,107.2,89.1,153.0,0,6.2,7.3,5.6,5.2,65.6,0,0,0,0,1,0,0,0,0,0,0,0,0,0,0,0,0,0,1,0,0,2
64.4,1,35.8,161.5,106.8,77.0,189.7,1,5.7,7.1,11.2,3.7,61.1,0,0,0,0,0,0,0,0,0,0,0,0,0,0,0,0,0,0,1,0,0,2
55.1,1,38.1,150.9,88.0,87.3,158.0,1,4.9,7.0,21.1,6.3,71.5,0,0,0,0,0,0,0,0,0,0,0,0,0,0,0,0,0,0,0,0,0,2
45.3,1,32.3,146.3,94.9,80.5,154.7,0,3.1,6.6,12.9,2.0,77.2,0,0,0,0,1,0,1,0,0,0,0,0,0,0,0,0,0,0,1,0,0,2
65.6,1,25.6,151.2,88.0,99.1,181.2,0,5.8,8.0,16.5,4.5,80.1,0,0,0,0,0,0,1,0,0,0,0,0,0,0,0,0,0,0,1,0,0,2
51.3,1,31.4,147.1,96.4,94.2,180.2,0,5.9,7.4,11.1,3.9,73.8,0,0,0,0,0,0,1,0,0,0,0,0,0,0,0,0,0,0,1,0,0,2
74.6,1,23.5,160.6,99.9,90.9,173.9,1,3.1,8.2,13.5,5.0,79.6,0,0,0,0,1,0,1,0,0,0,0,0,0,0,0,0,0,0,1,0,0,2
47.1,1,33.5,159.4,90.1,86.0,196.8,0,4.9,7.2,18.9,4.1,69.3,0,0,0,0,1,0,1,0,0,0,0,0,0,0,0,0,0,0,0,0,0,2
54.3,1,30.9,174.4,90.3,72.2,192.7,0,3.5,5.9,2.5,4.3,63.1,0,0,0,0,0,0,1,0,0,0,0,0,0,0,0,0,0,0,1,0,0,2
46.6,0,25.7,169.3,99.0,82.3,156.6,0,4.7,8.4,24.7,2.5,67.6,0,0,0,0,1,0,1,0,0,0,0,0,0,0,0,0,0,0,1,0,0,2
56.9,0,30.9,142.3,116.7,95.6,143.6,0,3.1,7.1,13.3,5.5,85.9,0,0,0,0,1,0,1,0,0,0,0,0,0,0,0,0,0,0,0,0,0,2
40.6,1,28.4,185.1,101.5,87.3,190.3,0,2.5,8.5,17.8,2.4,62.8,0,0,0,0,0,0,0,0,0,0,0,0,0,0,0,0,0,0,0,0,0,2
49.0,1,36.2,162.2,98.2,94.8,144.2,0,3.8,6.1,9.5,4.9,66.9,0,0,0,0,0,0,1,0,0,0,0,0,0,0,0,0,0,0,1,0,0,2
47.9,1,28.9,155.5,101.1,102.2,159.4,0,8.0,6.4,36.8,2.4,68.3,1,0,0,0,1,0,0,0,0,0,0,0,0,0,0,0,0,0,1,0,0,2
56.3,1,25.3,148.5,101.6,90.6,187.0,0,6.1,6.1,26.0,3.5,79.4,0,0,0,0,0,0,1,0,0,0,0,0,0,0,0,0,0,0,1,0,0,2
66.3,1,32.0,159.3,91.8,89.2,143.8,1,4.3,8.3,12.9,5.1,76.4,0,0,0,0,1,0,0,0,0,0,0,0,0,0,0,0,0,0,1,0,0,2
82.0,0,26.1,156.7,110.5,90.4,170.2,0,6.7,8.0,17.9,2.5,73.9,1,0,0,0,0,0,1,0,0,0,0,0,0,0,0,0,0,0,1,0,0,2
68.3,1,28.3,152.2,88.0,80.4,180.4,1,2.0,7.1,4.9,6.2,72.7,0,0,0,0,1,0,1,0,0,0,0,0,0,0,0,0,0,0,1,0,0,2
68.5,1,27.4,144.6,88.0,99.1,158.8,0,3.1,6.5,8.9,6.3,72.3,0,0,0,0,0,0,1,0,0,0,0,0,0,0,0,0,0,0,1,0,0,2
61.2,0,33.2,168.4,100.1,95.7,185.2,0,3.1,6.4,19.0,3.5,72.7,0,0,0,0,1,0,0,0,0,0,0,0,0,0,0,0,0,0,1,0,0,2
68.6,1,25.2,162.7,91.7,89.3,198.7,0,2.6,6.9,11.9,3.2,90.8,0,0,0,0,0,0,1,0,0,0,0,0,0,0,0,0,0,0,1,0,0,2
66.9,1,25.8,176.4,92.5,91.2,168.0,0,2.8,5.7,12.4,4.6,68.7,0,0,0,0,0,0,0,0,0,0,0,0,0,0,0,0,0,0,0,0,0,2
50.6,0,29.9,160.6,97.6,87.2,167.1,1,6.5,7.0,25.9,4.6,62.3,0,0,0,0,1,0,0,0,0,0,0,0,0,0,0,0,0,0,0,0,0,2
56.2,0,23.5,146.3,90.7,93.6,154.1,1,2.7,7.8,14.1,5.5,80.1,0,0,0,0,1,0,0,0,0,0,0,0,0,0,0,0,0,0,0,0,0,2
72.2,1,26.0,165.6,88.8,86.7,152.9,0,4.1,7.6,28.4,4.0,73.1,0,0,0,0,1,0,0,0,0,0,0,0,0,0,0,0,0,0,0,0,0,2
82.0,0,28.7,144.9,100.3,85.8,179.1,0,4.6,8.0,11.3,4.2,73.3,0,0,0,0,0,0,1,0,0,0,0,0,0,0,0,0,0,0,0,0,0,2
58.6,0,32.2,138.0,90.6,96.9,190.1,0,2.4,8.0,2.4,4.8,87.0,0,0,0,0,1,0,0,0,0,0,0,0,0,0,0,0,0,0,1,0,0,2
77.3,1,30.4,163.3,106.0,90.6,186.4,0,3.7,7.1,8.0,3.8,64.4,0,0,0,0,1,0,1,0,0,0,0,0,0,0,0,0,0,0,0,0,0,2
57.3,1,30.7,146.2,100.4,92.8,188.3,0,4.0,7.3,14.5,3.4,85.9,0,0,0,0,1,0,1,0,0,0,0,0,0,0,0,0,0,0,1,0,0,2
60.8,1,25.7,166.6,88.0,92.9,162.7,0,6.9,6.9,15.8,2.9,62.2,0,0,0,0,1,0,0,0,0,0,0,0,0,0,0,0,0,0,0,0,0,2
47.1,1,30.8,162.1,98.2,90.1,181.0,1,4.0,4.6,16.2,4.0,84.4,0,0,0,0,1,0,1,0,0,0,0,0,0,0,0,0,0,0,0,0,0,2
57.7,0,30.7,164.1,96.5,88.7,208.7,0,5.2,8.0,20.4,3.3,75.0,1,0,0,0,0,0,0,0,0,0,0,0,0,0,0,0,0,0,0,0,0,2
54.4,0,26.9,139.5,100.4,77.0,172.0,1,4.4,8.4,21.0,5.4,60.4,0,0,0,0,1,0,1,0,0,0,0,0,0,0,0,0,0,0,1,0,0,2
49.3,0,27.6,153.1,101.9,81.6,150.4,0,2.0,7.5,4.8,2.2,79.4,0,0,0,0,0,0,1,0,0,0,0,0,0,0,0,0,0,0,1,0,0,2
62.7,1,30.7,159.2,109.1,91.9,187.0,0,4.8,6.0,17.6,3.0,65.8,1,0,0,0,0,0,0,0,0,0,0,0,0,0,0,0,0,0,0,0,0,2
63.2,1,33.0,156.8,93.4,97.5,188.4,0,4.2,6.9,17.9,3.6,67.1,0,0,0,0,0,0,0,0,0,0,0,0,0,0,0,0,0,0,0,0,0,2
51.3,0,30.6,176.4,109.0,89.0,164.7,0,5.0,6.1,14.6,3.5,75.0,0,0,0,0,0,0,0,0,0,0,0,0,0,0,0,0,0,0,1,0,0,2
45.9,1,36.0,139.2,92.2,86.9,163.8,0,3.7,7.5,31.0,5.8,64.1,1,0,0,0,1,0,0,0,0,0,0,0,0,0,0,0,0,0,0,0,0,2
46.6,0,33.7,142.4,93.5,95.7,172.3,0,4.8,8.0,17.0,4.1,73.5,0,0,0,0,1,0,1,0,0,0,0,0,0,0,0,0,0,0,0,0,0,2
75.2,0,39.6,150.7,114.4,93.5,150.4,1,4.2,7.2,3.7,3.4,80.5,0,0,0,0,0,0,0,0,0,0,0,0,0,0,0,0,0,0,0,0,0,2
63.3,0,28.7,158.1,99.0,104.6,155.6,0,6.6,5.6,16.5,6.9,65.3,0,0,0,0,0,0,1,0,0,0,0,0,0,0,0,0,0,0,1,0,0,2
54.1,0,32.7,148.2,106.1,106.7,151.3,0,3.8,7.4,2.0,5.0,79.7,0,0,0,0,1,0,0,0,0,0,0,0,0,0,0,0,0,0,0,0,0,2
51.7,1,31.6,148.5,96.1,82.5,177.4,0,5.1,7.5,16.7,5.8,70.9,0,0,0,0,0,0,1,0,0,0,0,0,0,0,0,0,0,0,1,0,0,2
65.3,0,23.8,163.4,105.3,79.4,164.1,0,4.4,6.1,2.6,4.2,78.4,0,0,0,0,0,0,0,0,0,0,0,0,0,0,0,0,0,0,0,0,0,2
66.5,1,27.0,138.0,106.6,85.0,199.9,1,6.1,8.8,9.5,5.3,66.8,0,0,0,0,1,0,0,0,0,0,0,0,0,0,0,0,0,0,1,0,0,2
62.8,0,25.6,159.9,105.7,81.9,191.5,1,2.7,8.3,11.6,5.0,68.1,0,0,0,0,1,0,0,0,0,0,0,0,0,0,0,0,0,0,1,0,0,2
55.8,1,35.5,159.5,92.1,99.3,162.9,0,3.1,6.4,5.2,2.1,67.4,0,0,0,0,1,0,0,0,0,0,0,0,0,0,0,0,0,0,0,0,0,2
50.8,0,34.2,159.9,88.5,82.8,171.2,0,0.4,7.6,19.7,2.9,75.6,0,0,0,0,1,0,1,0,0,0,0,0,0,0,0,0,0,0,0,0,0,2
47.8,0,31.4,166.2,96.3,88.9,188.4,0,5.3,5.5,16.5,2.2,67.1,0,0,0,0,1,0,0,0,0,0,0,0,0,0,0,0,0,0,1,0,0,2
62.2,0,28.7,155.1,96.6,77.7,207.1,0,2.2,7.2,18.1,4.8,70.4,0,0,0,0,1,0,1,0,0,0,0,0,0,0,0,0,0,0,0,0,0,2
50.3,0,29.5,146.9,98.5,99.2,172.9,0,7.6,8.1,16.7,4.4,69.9,0,0,0,0,0,0,1,0,0,0,0,0,0,0,0,0,0,0,0,0,0,2
61.1,1,27.3,138.0,88.0,74.6,171.9,1,3.4,7.2,4.4,4.6,67.4,0,0,0,0,0,0,1,0,0,0,0,0,0,0,0,0,0,0,0,0,0,2
66.0,0,30.5,169.7,88.4,87.6,200.5,0,3.6,6.7,17.9,6.6,71.3,0,0,0,0,0,0,1,0,0,0,0,0,0,0,0,0,0,0,0,0,0,2
65.9,0,23.5,161.2,111.0,86.4,175.3,0,4.5,6.6,20.7,2.8,70.9,0,0,0,0,0,0,1,0,0,0,0,0,0,0,0,0,0,0,0,0,0,2
67.8,1,34.8,142.9,88.0,90.1,188.9,0,5.1,8.1,15.4,2.8,74.7,0,0,0,0,0,0,1,0,0,0,0,0,0,0,0,0,0,0,0,0,0,2
54.4,0,31.8,173.3,103.0,77.7,167.9,0,3.9,6.8,8.1,4.7,65.3,0,0,0,0,1,0,1,0,0,0,0,0,0,0,0,0,0,0,1,0,0,2
62.7,0,24.0,144.4,90.7,84.4,167.4,0,4.7,7.4,22.5,7.3,68.5,0,0,0,0,0,0,1,0,0,0,0,0,0,0,0,0,0,0,0,0,0,2
46.3,1,28.7,165.1,93.0,88.6,203.4,0,3.0,7.1,12.1,5.6,76.0,1,0,0,0,0,0,1,0,0,0,0,0,0,0,0,0,0,0,0,0,0,2
56.5,1,33.8,141.1,94.7,84.8,176.1,1,4.7,10.0,18.1,6.3,81.6,1,0,0,0,1,0,1,0,0,0,0,0,0,0,0,0,0,0,1,0,0,2
57.9,0,26.0,138.0,94.8,88.2,170.7,1,2.6,6.1,13.2,5.8,67.1,0,0,0,0,0,0,0,0,0,0,0,0,0,0,0,0,0,0,0,0,0,2
64.2,1,26.8,175.3,104.7,79.0,172.5,0,6.5,6.2,17.1,5.8,73.7,0,0,0,0,0,0,1,0,0,0,0,0,0,0,0,0,0,0,1,0,0,2
47.3,0,30.5,157.2,115.1,78.7,202.5,1,5.6,6.4,13.1,2.2,63.6,0,0,0,0,1,0,0,0,0,0,0,0,0,0,0,0,0,0,1,0,0,2
58.1,0,31.5,152.2,92.2,97.6,179.8,1,7.2,6.0,6.9,4.4,71.0,0,0,0,0,0,0,0,0,0,0,0,0,0,0,0,0,0,0,0,0,0,2
59.4,1,30.8,158.0,104.5,85.9,194.6,0,6.7,7.6,8.9,4.2,66.5,0,0,0,0,0,0,1,0,0,0,0,0,0,0,0,0,0,0,1,0,0,2
65.6,1,35.7,167.9,112.7,85.6,151.6,0,4.9,7.0,7.5,4.0,71.7,0,0,0,0,1,0,1,0,0,0,0,0,0,0,0,0,0,0,0,0,0,2
49.1,0,24.1,174.9,100.9,108.8,169.3,0,1.4,6.7,14.5,5.2,77.9,0,0,0,0,1,0,1,0,0,0,0,0,0,0,0,0,0,0,0,0,0,2
61.8,0,30.1,147.8,110.4,84.8,213.7,0,2.2,8.3,11.6,3.7,70.5,0,0,0,0,1,0,1,0,0,0,0,0,0,0,0,0,0,0,0,0,0,2
65.4,0,23.5,180.4,100.9,78.1,168.3,0,6.9,7.1,14.8,1.0,82.3,0,0,0,0,1,0,0,0,0,0,0,0,0,0,0,0,0,0,0,0,0,2
56.9,1,27.0,150.2,104.6,91.0,130.9,0,5.7,6.4,13.4,3.4,59.9,0,0,0,0,1,0,1,0,0,0,0,0,0,0,0,0,0,0,1,0,0,2
54.4,1,28.7,161.3,101.7,83.5,165.2,0,6.8,6.8,12.5,6.4,66.4,0,0,0,0,1,0,0,0,0,0,0,0,0,0,0,0,0,0,0,0,0,2
56.2,0,30.2,167.5,91.5,91.6,150.7,0,2.1,7.8,17.3,2.7,72.4,0,0,0,0,0,0,1,0,0,0,0,0,0,0,0,0,0,0,0,0,0,2
61.5,0,31.8,161.0,104.4,90.8,194.2,0,3.5,6.9,11.2,2.4,81.2,0,0,0,0,1,0,1,0,0,0,0,0,0,0,0,0,0,0,0,0,0,2
53.1,1,23.5,145.6,114.7,82.5,155.2,0,5.2,9.2,25.7,2.9,73.7,0,0,0,0,1,0,1,0,0,0,0,0,0,0,0,0,0,0,1,0,0,2
58.6,0,30.0,168.3,109.0,84.8,141.1,0,5.4,6.4,2.0,5.1,71.4,0,0,0,0,1,0,1,0,0,0,0,0,0,0,0,0,0,0,1,0,0,2
61.6,0,32.3,156.5,88.0,93.7,193.8,1,3.2,7.1,19.4,5.8,67.4,0,0,0,0,0,0,1,0,0,0,0,0,0,0,0,0,0,0,0,0,0,2
65.6,1,25.0,175.1,88.0,91.6,201.1,0,1.2,7.2,13.1,3.2,65.1,0,0,0,0,1,0,0,0,0,0,0,0,0,0,0,0,0,0,0,0,0,2
55.7,1,23.5,138.0,95.4,89.4,180.0,1,2.2,7.3,15.9,5.2,73.5,0,0,0,0,0,0,0,0,0,0,0,0,0,0,0,0,0,0,1,0,0,2
66.0,1,26.7,152.6,88.2,106.1,177.3,0,6.7,7.4,4.7,4.3,80.7,0,0,0,0,0,0,1,0,0,0,0,0,0,0,0,0,0,0,1,0,0,2
42.2,0,25.3,172.1,95.1,87.2,178.9,0,6.1,6.6,12.1,6.8,68.2,0,0,0,0,0,0,0,0,0,0,0,0,0,0,0,0,0,0,0,0,0,2
56.3,1,29.4,163.4,91.1,85.9,163.9,0,3.5,7.9,21.4,4.4,79.4,0,0,0,0,1,0,1,0,0,0,0,0,0,0,0,0,0,0,0,0,0,2
41.4,0,24.4,159.8,103.2,97.9,152.6,0,4.7,6.9,14.6,4.3,74.0,0,0,0,0,0,0,1,0,0,0,0,0,0,0,0,0,0,0,0,0,0,2
68.3,0,29.6,138.0,89.1,77.1,195.3,0,6.4,8.8,2.0,6.8,59.3,0,0,0,0,1,0,1,0,0,0,0,0,0,0,0,0,0,0,0,0,0,2
37.3,0,23.6,138.0,97.0,88.7,206.5,0,3.5,7.0,17.5,5.0,75.0,0,0,0,0,1,0,1,0,0,0,0,0,0,0,0,0,0,0,0,0,0,2
46.8,1,23.5,168.8,94.5,97.2,176.6,0,1.9,7.3,21.1,2.1,67.6,0,0,0,0,1,0,1,0,0,0,0,0,0,0,0,0,0,0,1,0,0,2
43.7,0,27.1,166.3,90.7,91.9,147.4,0,4.4,7.6,10.4,2.7,71.2,0,0,0,0,0,0,1,0,0,0,0,0,0,0,0,0,0,0,1,0,0,2
59.0,1,26.4,147.7,104.5,85.3,161.2,0,2.8,7.1,15.9,3.5,90.8,0,0,0,0,1,0,1,0,0,0,0,0,0,0,0,0,0,0,0,0,0,2
42.6,1,30.1,140.2,106.7,79.1,190.3,1,7.3,8.1,17.5,5.3,71.4,0,0,0,0,1,0,1,0,0,0,0,0,0,0,0,0,0,0,1,0,0,2
53.5,1,27.1,138.0,99.1,81.9,175.7,0,3.1,8.0,14.8,2.8,70.3,0,0,0,0,1,0,1,0,0,0,0,0,0,0,0,0,0,0,1,0,0,2
60.4,1,28.4,167.4,91.0,93.8,168.2,1,6.3,7.7,16.1,4.7,77.3,0,0,0,0,0,0,1,0,0,0,0,0,0,0,0,0,0,0,1,0,0,2
70.9,1,35.8,182.6,90.4,101.8,169.1,0,6.3,6.3,2.0,4.6,69.8,0,0,0,0,1,0,1,0,0,0,0,0,0,0,0,0,0,0,1,0,0,2
51.0,0,30.8,166.4,99.7,86.1,204.0,0,0.4,7.0,12.3,4.6,78.0,0,0,0,0,1,0,1,0,0,0,0,0,0,0,0,0,0,0,1,0,0,2
74.3,1,34.7,159.5,103.5,96.2,160.6,0,1.8,8.6,8.9,4.7,69.4,0,0,0,0,0,0,1,0,0,0,0,0,0,0,0,0,0,0,0,0,0,2
64.2,0,23.5,138.0,88.0,90.9,175.5,0,5.8,6.7,16.9,5.6,71.5,0,0,0,0,1,0,1,0,0,0,0,0,0,0,0,0,0,0,1,0,0,2
56.3,0,29.3,138.9,88.0,81.8,171.5,0,6.4,8.1,11.5,2.8,65.6,0,0,0,0,1,0,0,0,0,0,0,0,0,0,0,0,0,0,1,0,0,2
62.5,1,28.5,157.0,95.1,89.9,163.3,0,1.9,6.5,20.5,4.6,70.8,0,0,0,0,0,0,1,0,0,0,0,0,0,0,0,0,0,0,1,0,0,2
41.3,1,38.5,166.4,93.3,86.9,210.7,0,1.9,7.0,20.6,2.7,77.2,0,0,0,0,1,0,1,0,0,0,0,0,0,0,0,0,0,0,1,0,0,2
37.4,1,27.3,168.6,97.8,97.8,234.1,0,6.5,7.5,4.0,4.8,78.3,0,0,0,0,1,0,1,0,0,0,0,0,0,0,0,0,0,0,0,0,0,2
72.8,1,27.5,172.5,101.6,85.3,179.5,0,3.4,7.1,20.9,6.9,91.1,0,0,0,0,1,0,0,0,0,0,0,0,0,0,0,0,0,0,1,0,0,2
55.1,1,24.7,184.0,88.0,89.2,178.7,1,4.2,7.5,3.3,4.1,77.0,1,0,0,0,1,0,1,0,0,0,0,0,0,0,0,0,0,0,0,0,0,2
62.7,1,24.0,138.0,93.4,91.0,179.0,0,3.6,9.1,18.0,4.2,79.8,0,0,0,0,0,0,1,0,0,0,0,0,0,0,0,0,0,0,1,0,0,2
68.0,1,36.7,151.5,101.7,89.5,199.2,0,2.2,9.2,24.3,6.0,75.3,0,0,0,0,0,0,0,0,0,0,0,0,0,0,0,0,0,0,1,0,0,2
51.5,1,33.0,162.8,106.0,78.2,173.4,0,1.8,6.2,16.1,6.5,72.1,0,0,0,0,1,0,0,0,0,0,0,0,0,0,0,0,0,0,1,0,0,2
71.7,0,23.5,144.8,93.7,89.2,182.6,0,2.7,7.3,7.0,5.2,77.1,0,0,0,0,1,0,0,0,0,0,0,0,0,0,0,0,0,0,1,0,0,2
52.1,1,26.5,138.0,93.8,76.9,173.2,0,4.2,6.6,11.4,4.5,64.4,0,0,0,0,1,0,0,0,0,0,0,0,0,0,0,0,0,0,0,0,0,2
54.5,0,25.4,182.7,90.0,81.4,216.3,0,5.0,8.4,14.1,5.2,63.7,0,0,0,0,1,0,1,0,0,0,0,0,0,0,0,0,0,0,1,0,0,2
63.9,1,29.9,155.9,100.7,92.0,154.5,0,2.3,8.6,13.6,1.8,79.7,1,0,0,0,1,0,1,0,0,0,0,0,0,0,0,0,0,0,0,0,0,2
54.9,1,32.7,159.3,97.4,91.1,188.3,0,6.2,6.7,14.0,4.6,68.6,0,0,0,0,1,0,1,0,0,0,0,0,0,0,0,0,0,0,1,0,0,2
56.8,1,28.7,161.7,88.0,85.0,192.6,0,2.5,8.0,21.2,7.4,75.4,0,0,0,0,1,0,1,0,0,0,0,0,0,0,0,0,0,0,1,0,0,2
60.3,0,28.8,198.9,105.3,88.0,191.9,0,2.9,8.2,15.8,5.1,72.6,1,0,0,0,1,0,0,0,0,0,0,0,0,0,0,0,0,0,1,0,0,2
63.4,0,31.5,189.2,108.0,94.3,215.6,1,3.8,8.6,15.1,5.3,68.4,0,0,0,0,1,0,1,0,0,0,0,0,0,0,0,0,0,0,1,0,0,2
44.0,0,23.5,141.0,88.2,77.8,166.2,0,2.0,8.8,21.7,4.3,71.2,0,0,0,0,0,0,1,0,0,0,0,0,0,0,0,0,0,0,1,0,0,2
56.0,0,30.0,156.9,103.4,98.4,178.5,0,1.7,6.5,12.1,4.8,67.5,0,0,0,0,1,0,1,0,0,0,0,0,0,0,0,0,0,0,1,0,0,2
47.1,0,29.6,162.2,89.8,86.7,184.9,0,3.8,7.5,16.6,3.9,67.3,0,0,0,0,1,0,1,0,0,0,0,0,0,0,0,0,0,0,0,0,0,2
60.8,0,28.7,161.5,107.7,94.7,159.0,0,2.8,7.5,20.5,1.0,86.5,0,0,0,0,1,0,1,0,0,0,0,0,0,0,0,0,0,0,0,0,0,2
50.3,1,24.2,160.2,94.5,85.9,141.9,0,1.7,8.6,5.7,5.1,62.8,0,0,0,0,0,0,1,0,0,0,0,0,0,0,0,0,0,0,0,0,0,2
61.8,0,31.5,149.0,94.9,83.2,169.4,0,5.0,8.2,23.2,4.9,61.9,0,0,0,0,0,0,0,0,0,0,0,0,0,0,0,0,0,0,0,0,0,2
38.1,1,30.9,154.9,89.3,96.1,181.4,0,3.7,7.7,2.0,2.4,73.3,0,0,0,0,1,0,1,0,0,0,0,0,0,0,0,0,0,0,0,0,0,2
38.7,0,30.6,145.0,88.0,94.9,198.3,0,5.4,7.5,18.0,5.9,57.9,0,0,0,0,1,0,0,0,0,0,0,0,0,0,0,0,0,0,1,0,0,2
58.1,1,30.7,184.9,104.3,96.7,186.7,0,5.9,8.0,6.8,2.5,71.9,0,0,0,0,1,0,1,0,0,0,0,0,0,0,0,0,0,0,1,0,0,2
69.3,0,31.3,138.0,105.7,92.5,186.5,1,2.0,6.3,26.0,6.2,72.7,0,0,0,0,1,0,1,0,0,0,0,0,0,0,0,0,0,0,1,0,0,2
59.9,0,33.5,161.7,92.2,71.5,176.5,0,3.0,7.1,10.3,6.6,72.2,0,0,0,0,0,0,1,0,0,0,0,0,0,0,0,0,0,0,0,0,0,2
49.6,0,28.0,151.3,88.0,94.3,177.1,0,3.7,7.0,5.1,5.0,69.4,0,0,0,0,0,0,0,0,0,0,0,0,0,0,0,0,0,0,0,0,0,2
38.3,1,27.3,154.9,88.0,84.2,177.7,0,6.9,7.0,24.7,3.1,87.3,0,0,0,0,1,0,1,0,0,0,0,0,0,0,0,0,0,0,1,0,0,2
40.8,0,38.6,147.7,100.6,81.5,174.7,0,7.5,8.1,26.6,5.1,62.2,0,0,0,0,1,0,1,0,0,0,0,0,0,0,0,0,0,0,0,0,0,2
70.8,0,33.1,177.0,94.8,92.3,159.2,0,4.2,6.7,11.7,5.3,67.1,0,0,0,0,1,0,0,0,0,0,0,0,0,0,0,0,0,0,1,0,0,2
60.9,0,33.0,138.0,102.7,96.0,204.3,0,3.3,6.4,13.5,3.6,70.4,0,0,0,0,1,0,1,0,0,0,0,0,0,0,0,0,0,0,1,0,0,2
56.5,1,32.2,144.5,95.6,86.1,178.4,0,4.4,8.4,11.3,6.1,72.0,0,0,0,0,1,0,0,0,0,0,0,0,0,0,0,0,0,0,0,0,0,2
44.3,1,28.0,154.9,105.4,75.3,191.8,0,6.2,7.0,14.3,1.4,79.8,0,0,0,0,1,0,0,0,0,0,0,0,0,0,0,0,0,0,1,0,0,2
64.3,1,23.5,181.7,96.5,80.5,169.2,0,1.5,9.4,5.8,7.1,63.2,1,0,0,0,1,0,0,0,0,0,0,0,0,0,0,0,0,0,0,0,0,2
68.7,0,32.0,138.0,98.8,83.9,161.7,1,3.0,6.7,5.8,2.6,82.6,0,0,0,0,1,0,0,0,0,0,0,0,0,0,0,0,0,0,0,0,0,2
37.4,0,23.5,141.7,96.8,107.5,170.2,1,3.6,6.0,16.0,3.8,70.8,0,0,0,0,1,0,1,0,0,0,0,0,0,0,0,0,0,0,1,0,0,2
66.1,0,27.7,138.0,93.0,81.1,170.1,0,4.9,7.4,10.0,5.3,93.4,0,0,0,0,0,0,1,0,0,0,0,0,0,0,0,0,0,0,0,0,0,2
65.2,1,30.7,145.4,111.1,88.2,204.9,0,4.5,5.6,13.3,4.0,70.4,0,0,0,0,1,0,1,0,0,0,0,0,0,0,0,0,0,0,0,0,0,2
61.9,1,32.5,175.5,101.0,99.9,166.4,0,2.8,8.1,7.9,1.4,63.3,0,0,0,0,1,0,1,0,0,0,0,0,0,0,0,0,0,0,1,0,0,2
58.9,0,32.2,163.7,88.0,109.6,185.0,0,3.6,6.9,16.3,4.1,74.1,0,0,0,0,1,0,1,0,0,0,0,0,0,0,0,0,0,0,1,0,0,2
55.6,1,25.3,150.3,101.4,79.2,201.3,0,4.7,8.9,7.7,4.0,65.3,0,0,0,0,1,0,1,0,0,0,0,0,0,0,0,0,0,0,1,0,0,2
65.8,1,32.1,152.7,88.0,91.5,167.6,0,6.3,7.0,2.0,3.7,77.6,0,0,0,0,1,0,1,0,0,0,0,0,0,0,0,0,0,0,0,0,0,2
48.0,0,30.5,158.9,88.0,87.5,188.4,0,4.7,8.2,2.0,2.8,74.8,0,0,0,0,0,0,1,0,0,0,0,0,0,0,0,0,0,0,1,0,0,2
49.5,1,28.2,167.8,100.3,87.0,140.5,0,2.6,7.0,20.5,4.6,76.3,0,0,0,0,1,0,1,0,0,0,0,0,0,0,0,0,0,0,0,0,0,2
65.1,1,27.2,147.7,97.0,89.2,211.4,1,2.7,5.9,34.4,3.1,74.3,0,0,0,0,0,0,0,0,0,0,0,0,0,0,0,0,0,0,0,0,0,2
71.0,0,23.5,138.0,102.2,87.2,176.7,0,3.3,7.3,14.0,5.5,79.7,0,0,0,0,0,0,1,0,0,0,0,0,0,0,0,0,0,0,0,0,0,2
46.9,1,30.8,162.1,95.4,98.7,155.9,0,3.9,7.7,9.2,5.1,71.5,0,0,0,0,1,0,1,0,0,0,0,0,0,0,0,0,0,0,1,0,0,2
51.0,1,31.5,189.6,94.1,87.4,167.6,0,4.4,5.7,2.0,3.3,67.4,0,0,0,0,0,0,1,0,0,0,0,0,0,0,0,0,0,0,1,0,0,2
63.7,1,28.8,138.0,92.8,81.3,138.8,0,4.7,6.9,18.2,3.4,74.6,0,0,0,0,0,0,1,0,0,0,0,0,0,0,0,0,0,0,1,0,0,2
55.8,0,29.3,147.1,90.7,85.6,152.4,0,3.0,7.2,15.4,5.0,78.5,0,0,0,0,1,0,1,0,0,0,0,0,0,0,0,0,0,0,1,0,0,2
59.7,0,31.5,145.3,88.1,91.8,194.1,0,1.8,6.5,14.2,5.6,62.2,0,0,0,0,1,0,1,0,0,0,0,0,0,0,0,0,0,0,1,0,0,2
55.2,1,28.7,149.8,89.0,100.0,161.0,0,5.0,7.1,3.7,5.3,66.9,0,0,0,0,0,0,1,0,0,0,0,0,0,0,0,0,0,0,0,0,0,2
63.5,1,30.7,154.0,88.1,79.8,172.9,1,4.0,7.0,2.5,5.6,86.6,0,0,0,0,0,0,0,0,0,0,0,0,0,0,0,0,0,0,1,0,0,2
46.3,0,27.0,138.8,96.7,88.1,168.3,0,1.3,7.6,7.0,4.7,74.8,0,0,0,0,1,0,1,0,0,0,0,0,0,0,0,0,0,0,0,0,0,2
49.9,0,29.3,177.7,92.2,93.7,144.2,0,3.8,8.1,12.9,4.9,78.3,0,0,0,0,1,0,1,0,0,0,0,0,0,0,0,0,0,0,0,0,0,2
55.7,0,27.5,163.2,104.4,86.6,177.8,0,6.8,7.4,10.2,4.1,70.7,0,0,0,0,1,0,0,0,0,0,0,0,0,0,0,0,0,0,1,0,0,2
62.3,0,29.1,144.3,102.4,92.8,141.4,0,0.9,8.9,7.9,2.3,89.1,0,0,0,0,1,0,1,0,0,0,0,0,0,0,0,0,0,0,1,0,0,2
57.9,0,23.8,185.5,89.7,91.9,180.8,0,3.7,4.7,20.3,5.7,81.3,0,0,0,0,1,0,1,0,0,0,0,0,0,0,0,0,0,0,0,0,0,2
80.9,0,28.6,143.0,94.8,102.3,168.2,0,4.6,6.9,9.8,3.6,73.3,0,0,0,0,0,0,1,0,0,0,0,0,0,0,0,0,0,0,0,0,0,2
50.6,1,33.4,154.3,88.0,92.6,193.9,0,6.3,6.5,18.7,3.7,73.6,0,0,0,0,1,0,0,0,0,0,0,0,0,0,0,0,0,0,1,0,0,2
68.4,0,32.3,144.1,107.4,78.0,190.6,0,4.9,7.3,5.1,3.4,81.4,0,0,0,0,0,0,1,0,0,0,0,0,0,0,0,0,0,0,1,0,0,2
42.8,0,28.8,153.6,93.3,77.0,184.0,0,5.9,8.3,11.8,5.7,76.3,0,0,0,0,1,0,1,0,0,0,0,0,0,0,0,0,0,0,1,0,0,2
53.1,1,25.2,152.3,98.6,77.3,167.4,1,4.4,7.0,16.0,3.0,70.0,0,0,0,0,0,0,1,0,0,0,0,0,0,0,0,0,0,0,1,0,0,2
60.1,0,27.4,138.0,91.0,81.7,139.2,0,2.8,7.6,12.1,3.4,71.2,0,0,0,0,1,0,1,0,0,0,0,0,0,0,0,0,0,0,0,0,0,2
60.3,1,27.0,143.3,104.0,85.7,182.3,0,5.1,6.2,17.1,3.1,74.4,0,0,0,0,0,0,0,0,0,0,0,0,0,0,0,0,0,0,1,0,0,2
43.7,1,24.7,156.6,88.0,102.9,160.7,0,3.8,5.7,28.5,4.4,67.6,0,0,0,0,1,0,1,0,0,0,0,0,0,0,0,0,0,0,1,0,0,2
71.8,1,25.9,150.1,113.3,78.7,186.4,0,8.0,7.5,12.4,2.4,66.5,0,0,0,0,1,0,0,0,0,0,0,0,0,0,0,0,0,0,0,0,0,2
69.2,1,31.2,144.5,106.6,81.5,183.8,0,5.8,7.4,2.0,2.9,66.3,0,0,0,0,1,0,1,0,0,0,0,0,0,0,0,0,0,0,0,0,0,2
58.6,0,35.3,141.0,103.3,82.8,137.2,1,2.8,7.5,13.7,3.5,63.7,0,0,0,0,1,0,1,0,0,0,0,0,0,0,0,0,0,0,0,0,0,2
74.8,0,30.0,171.1,100.2,83.6,192.6,0,3.9,8.1,21.9,4.5,78.6,0,0,0,0,1,0,1,0,0,0,0,0,0,0,0,0,0,0,0,0,0,2
57.0,1,23.8,149.9,100.0,98.4,188.9,1,4.4,7.0,6.5,2.9,70.2,0,0,0,0,0,0,1,0,0,0,0,0,0,0,0,0,0,0,1,0,0,2
59.6,1,27.6,148.7,92.5,78.3,186.9,0,1.5,7.2,17.4,5.8,65.0,0,0,0,0,0,0,1,0,0,0,0,0,0,0,0,0,0,0,0,0,0,2
54.2,0,32.6,138.0,103.6,86.9,160.3,1,1.9,6.9,22.1,3.4,69.7,0,0,0,0,0,0,1,0,0,0,0,0,0,0,0,0,0,0,0,0,0,2
59.8,0,32.3,171.9,100.1,88.6,165.7,0,5.3,8.7,8.9,6.2,81.5,0,0,0,0,1,0,0,0,0,0,0,0,0,0,0,0,0,0,0,0,0,2
60.6,0,30.9,202.1,93.0,81.6,187.2,0,5.6,9.5,12.1,3.7,62.2,0,0,0,0,0,0,0,0,0,0,0,0,0,0,0,0,0,0,0,0,0,2
63.9,1,28.3,183.2,88.0,88.1,194.0,0,5.0,7.0,13.6,4.3,65.0,0,0,0,0,1,0,0,0,0,0,0,0,0,0,0,0,0,0,0,0,0,2
52.0,0,30.2,179.8,95.4,88.5,167.4,0,2.2,7.2,10.8,3.8,65.3,0,0,0,0,1,0,1,0,0,0,0,0,0,0,0,0,0,0,0,0,0,2
62.2,0,26.9,172.9,91.4,82.7,164.3,0,0.5,7.5,16.3,5.9,81.4,0,0,0,0,1,0,1,0,0,0,0,0,0,0,0,0,0,0,0,0,0,2
51.1,0,31.7,138.0,88.0,89.7,185.5,0,5.6,8.9,19.1,4.7,70.6,0,0,0,0,0,0,1,0,0,0,0,0,0,0,0,0,0,0,1,0,0,2
41.4,1,32.0,144.3,90.8,83.1,178.7,1,4.7,7.6,20.7,3.4,71.4,0,0,0,0,1,0,1,0,0,0,0,0,0,0,0,0,0,0,1,0,0,2
58.4,1,28.5,181.4,103.3,92.4,183.2,0,5.4,7.8,8.0,5.1,74.5,0,0,0,0,0,0,0,0,0,0,0,0,0,0,0,0,0,0,1,0,0,2
58.4,0,25.6,141.3,112.5,92.5,160.2,0,3.7,7.1,19.4,6.5,63.7,1,0,0,0,1,0,0,0,0,0,0,0,0,0,0,0,0,0,0,0,0,2
77.4,0,29.3,182.9,88.0,104.1,185.7,0,4.8,6.1,4.6,5.8,68.3,0,0,0,0,1,0,0,0,0,0,0,0,0,0,0,0,0,0,0,0,0,2
53.9,1,32.6,158.0,102.6,98.5,186.4,0,3.9,5.8,9.6,4.3,66.7,0,0,0,0,1,0,1,0,0,0,0,0,0,0,0,0,0,0,0,0,0,2
68.0,1,34.0,138.0,90.8,89.9,160.4,1,3.0,6.8,10.5,3.6,78.7,0,0,0,0,1,0,1,0,0,0,0,0,0,0,0,0,0,0,0,0,0,2
61.1,0,26.1,151.0,99.5,82.3,163.8,0,1.8,6.3,24.9,5.5,61.7,0,0,0,0,1,0,1,0,0,0,0,0,0,0,0,0,0,0,1,0,0,2
53.0,0,23.5,178.1,97.5,78.0,163.0,0,3.1,8.0,8.6,3.6,68.8,0,0,0,0,1,0,0,0,0,0,0,0,0,0,0,0,0,0,0,0,0,2
45.2,1,28.7,145.2,97.5,86.6,152.4,0,1.9,7.8,30.7,1.8,52.8,1,0,0,0,0,0,1,0,0,0,0,0,0,0,0,0,0,0,1,0,0,2
62.4,0,34.0,153.8,90.8,89.5,203.2,0,5.2,7.9,16.0,1.6,79.6,0,0,0,0,1,0,1,0,0,0,0,0,0,0,0,0,0,0,1,0,0,2
73.7,1,27.6,148.9,88.4,69.5,149.5,0,2.0,8.7,2.0,1.6,78.3,0,0,0,0,0,0,1,0,0,0,0,0,0,0,0,0,0,0,1,0,0,2
60.2,1,34.5,146.7,88.0,95.3,186.1,0,2.6,8.8,24.2,2.2,70.5,0,0,0,0,1,0,0,0,0,0,0,0,0,0,0,0,0,0,1,0,0,2
47.5,1,32.4,164.9,88.0,86.6,174.1,0,3.9,7.9,17.8,6.0,75.3,0,0,0,0,0,0,1,0,0,0,0,0,0,0,0,0,0,0,0,0,0,2
58.8,0,28.8,167.8,95.2,95.8,155.5,0,2.6,5.8,14.4,4.0,81.3,0,0,0,0,0,0,1,0,0,0,0,0,0,0,0,0,0,0,1,0,0,2
51.7,1,28.2,147.0,92.3,97.1,164.7,0,4.0,8.0,10.4,5.0,67.4,0,0,0,0,1,0,1,0,0,0,0,0,0,0,0,0,0,0,0,0,0,2
56.2,1,32.1,156.2,101.1,87.4,180.6,0,3.8,6.8,18.4,3.1,72.1,1,0,0,0,0,0,0,0,0,0,0,0,0,0,0,0,0,0,1,0,0,2
59.3,1,34.2,167.1,103.9,87.5,165.8,1,0.9,6.6,20.8,3.0,68.2,0,0,0,0,0,0,1,0,0,0,0,0,0,0,0,0,0,0,0,0,0,2
57.5,1,31.8,157.1,94.0,94.3,172.3,0,1.5,7.6,20.5,7.5,50.2,0,0,0,0,0,0,1,0,0,0,0,0,0,0,0,0,0,0,1,0,0,2
49.3,1,30.2,149.6,100.2,97.3,184.2,0,5.8,7.2,20.9,4.7,68.2,0,0,0,0,1,0,0,0,0,0,0,0,0,0,0,0,0,0,0,0,0,2
78.1,1,33.4,158.4,99.0,86.5,199.1,1,2.3,8.6,16.6,2.3,82.0,0,0,0,0,1,0,1,0,0,0,0,0,0,0,0,0,0,0,1,0,0,2
56.1,1,36.0,155.6,88.0,93.4,196.8,1,4.8,4.9,28.1,5.2,75.6,0,0,0,0,0,0,1,0,0,0,0,0,0,0,0,0,0,0,1,0,0,2
67.5,1,30.0,160.2,88.0,104.0,200.4,0,4.2,7.5,23.1,3.4,70.5,0,0,0,0,1,0,1,0,0,0,0,0,0,0,0,0,0,0,0,0,0,2
51.5,0,31.0,165.4,88.0,84.8,208.1,0,3.6,7.4,27.0,4.2,76.1,0,0,0,0,0,0,1,0,0,0,0,0,0,0,0,0,0,0,1,0,0,2
54.7,1,30.2,160.6,88.0,82.0,193.6,0,4.8,8.0,6.9,4.3,61.3,0,0,0,0,1,0,1,0,0,0,0,0,0,0,0,0,0,0,1,0,0,2
65.0,0,28.1,158.3,95.6,87.5,155.7,0,5.8,6.9,16.6,5.6,71.9,1,0,0,0,1,0,1,0,0,0,0,0,0,0,0,0,0,0,0,0,0,2
65.3,0,33.7,182.8,89.1,92.2,183.6,0,6.9,7.9,21.5,4.6,71.8,0,0,0,0,0,0,1,0,0,0,0,0,0,0,0,0,0,0,0,0,0,2
44.7,1,30.4,138.0,101.3,96.6,178.3,0,5.2,6.9,8.8,2.6,61.4,0,0,0,0,1,0,1,0,0,0,0,0,0,0,0,0,0,0,1,0,0,2
38.2,0,32.5,158.9,103.1,77.4,161.2,0,6.7,7.3,16.1,5.9,74.9,0,0,0,0,1,0,1,0,0,0,0,0,0,0,0,0,0,0,1,0,0,2
56.6,0,33.9,166.8,106.1,102.9,188.0,1,6.4,7.5,25.5,3.9,67.0,1,0,0,0,1,0,0,0,0,0,0,0,0,0,0,0,0,0,1,0,0,2
59.9,1,30.3,144.4,92.8,84.2,185.7,1,6.1,6.8,16.8,5.0,86.3,1,0,0,0,0,0,1,0,0,0,0,0,0,0,0,0,0,0,0,0,0,2
71.4,0,30.1,159.0,93.7,85.0,185.7,0,4.8,8.5,21.9,3.1,70.2,0,0,0,0,1,0,1,0,0,0,0,0,0,0,0,0,0,0,0,0,0,2
53.8,0,36.4,171.5,101.3,94.1,174.1,1,3.9,6.7,2.0,3.8,62.9,0,0,0,0,1,0,0,0,0,0,0,0,0,0,0,0,0,0,1,0,0,2
48.9,1,25.2,146.6,90.3,92.0,218.3,1,4.7,7.3,1.4,8.6,82.0,0,0,0,0,0,0,0,0,0,0,0,0,0,0,0,0,0,1,0,0,0,3
61.8,1,22.7,151.3,91.7,133.0,189.3,0,3.5,7.1,1.0,8.5,73.9,0,1,0,0,0,1,0,0,0,1,0,0,0,0,0,0,0,1,0,0,0,3
62.7,1,22.1,159.9,94.9,105.5,178.5,0,5.3,8.3,0.4,10.5,72.0,1,1,0,0,0,1,0,0,0,1,0,0,0,0,0,0,0,0,0,0,0,3
54.2,1,21.7,156.4,105.6,127.6,161.8,0,3.0,5.6,3.2,4.0,83.5,0,1,0,0,0,0,0,0,0,1,0,0,0,0,1,0,0,1,0,0,0,3
66.3,0,20.1,143.7,87.8,141.6,176.0,0,2.8,7.4,3.6,6.5,76.0,0,0,0,0,0,0,0,0,0,1,0,0,0,0,0,0,0,1,0,0,0,3
68.3,1,21.4,137.9,97.9,124.1,156.4,0,5.0,7.2,0.3,6.9,66.6,0,1,0,0,0,0,0,0,0,0,0,0,0,0,1,0,0,1,0,0,0,3
67.7,1,23.3,140.5,90.8,126.6,204.8,1,4.5,5.3,1.4,7.1,84.6,0,1,0,0,0,1,0,0,0,0,0,0,0,0,1,0,0,0,0,0,0,3
70.1,0,26.3,136.2,94.1,92.0,162.3,0,5.0,8.0,1.6,5.7,76.4,0,1,0,0,0,0,0,0,0,0,0,0,0,0,1,0,0,1,0,0,0,3
64.7,1,23.8,161.8,98.5,101.3,182.2,0,4.9,7.2,0.5,7.1,79.3,0,1,0,0,0,0,0,0,0,1,0,0,0,0,0,0,0,1,0,0,0,3
63.8,1,22.5,142.0,78.1,111.2,181.2,1,0.8,6.8,4.5,6.9,78.3,0,1,0,0,0,0,0,0,0,1,0,0,0,0,1,0,0,1,0,0,0,3
57.0,0,24.1,149.0,102.2,92.0,184.7,0,4.6,6.5,1.2,6.4,69.9,0,1,0,0,0,0,0,0,0,1,0,0,0,0,0,0,0,1,0,0,0,3
53.2,0,30.2,144.9,90.5,143.7,194.1,1,4.2,7.5,4.2,4.9,70.0,0,1,0,0,0,1,0,0,0,1,0,0,0,0,1,0,0,1,0,0,0,3
64.0,1,25.9,162.3,101.0,120.2,200.5,0,5.7,7.3,0.7,7.7,82.1,0,1,0,0,0,0,0,0,0,1,0,0,0,0,1,0,0,1,0,0,0,3
73.2,0,26.3,159.3,87.3,145.2,182.4,0,2.7,8.1,3.6,7.1,73.7,0,1,0,0,0,1,0,0,0,1,0,0,0,0,1,0,0,1,0,0,0,3
68.2,1,26.4,179.3,84.8,113.1,188.2,0,4.6,7.5,1.0,6.7,76.5,0,1,0,0,0,0,0,0,0,1,0,0,0,0,0,0,0,0,0,0,0,3
67.3,0,25.8,139.3,75.9,111.4,215.0,0,2.5,6.9,0.1,7.5,62.3,0,1,0,0,0,0,0,0,0,1,0,0,0,0,0,0,0,1,0,0,0,3
55.0,0,20.4,127.0,87.9,109.2,177.4,0,3.6,7.1,13.6,6.2,69.8,0,1,0,0,0,0,0,0,0,1,0,0,0,0,0,0,0,1,0,0,0,3
56.5,0,25.4,135.8,85.3,147.3,194.6,0,1.6,6.0,3.3,6.0,74.1,0,1,0,0,0,0,0,0,0,1,0,0,0,0,1,0,0,1,0,0,0,3
57.6,1,24.7,171.3,88.9,121.1,167.1,0,5.6,6.0,0.1,3.3,72.7,0,0,0,0,0,0,0,0,0,1,0,0,0,0,0,0,0,1,0,0,0,3
73.3,0,24.1,136.6,93.5,92.0,174.7,0,4.9,5.9,3.6,5.2,67.8,0,1,0,0,0,0,0,0,0,1,0,0,0,0,1,0,0,0,0,0,0,3
62.1,1,21.9,126.0,96.8,116.3,183.9,0,4.5,6.3,1.3,8.1,66.4,0,1,0,0,0,0,0,0,0,0,0,0,0,0,1,0,0,0,0,0,0,3
65.0,0,21.8,142.0,105.6,108.3,193.0,0,2.3,8.2,1.9,4.7,70.7,0,1,0,0,0,1,0,0,0,1,0,0,0,0,0,0,0,1,0,0,0,3
55.5,1,21.8,152.1,88.9,131.4,188.4,0,6.3,5.5,3.3,7.9,65.8,0,1,0,0,0,1,0,0,0,1,0,0,0,0,1,0,0,1,0,0,0,3
62.4,1,25.8,126.0,78.9,160.1,171.4,0,5.2,6.5,0.9,7.6,65.3,0,1,0,0,0,1,0,0,0,1,0,0,0,0,0,0,0,0,0,0,0,3
47.0,0,24.5,175.9,88.7,107.2,168.4,1,3.0,8.3,7.3,7.1,70.5,0,1,0,0,0,1,0,0,0,1,0,0,0,0,1,0,0,1,0,0,0,3
75.3,1,19.4,158.7,101.0,130.4,171.3,0,1.9,8.3,1.8,5.6,70.0,0,1,0,0,0,0,0,0,0,0,0,0,0,0,0,0,0,1,0,0,0,3
69.9,1,20.8,127.4,90.1,175.5,146.5,0,3.1,7.1,0.6,4.9,75.0,0,1,0,0,0,1,0,0,0,0,0,0,0,0,1,0,0,1,0,0,0,3
59.5,0,25.7,163.9,82.2,92.0,177.1,1,5.9,6.3,3.2,6.7,63.0,0,1,0,0,0,0,0,0,0,1,0,0,0,0,1,0,0,1,0,0,0,3
72.7,0,20.5,147.3,88.3,138.8,171.4,0,4.3,7.3,0.2,6.5,60.1,0,1,0,0,0,0,0,0,0,1,0,0,0,0,0,0,0,1,0,0,0,3
67.7,0,24.4,155.2,102.1,149.8,173.8,0,3.4,7.4,0.1,6.1,73.4,0,1,0,0,0,1,0,0,0,1,0,0,0,0,1,0,0,1,0,0,0,3
51.0,1,23.4,134.7,85.7,117.9,168.3,0,4.4,6.2,1.5,9.7,75.5,0,0,0,0,0,0,0,0,0,0,0,0,0,0,0,0,0,1,0,0,0,3
70.8,1,22.0,126.0,100.5,110.1,189.2,0,4.8,5.3,0.9,6.7,78.7,0,1,0,0,0,0,0,0,0,0,0,0,0,0,0,0,0,1,0,0,0,3
67.6,0,20.9,126.0,90.0,122.8,154.8,1,4.2,8.3,5.6,4.8,79.0,0,1,0,0,0,0,0,0,0,1,0,0,0,0,0,0,0,1,0,0,0,3
65.7,0,28.1,140.1,82.8,148.6,178.3,0,2.6,7.0,0.3,8.6,72.2,0,0,0,0,0,0,0,0,0,1,0,0,0,0,0,0,0,1,0,0,0,3
58.1,1,24.2,127.0,87.2,154.9,171.1,0,4.3,6.9,1.8,6.2,73.1,0,1,0,0,0,0,0,0,0,1,0,0,0,0,0,0,0,0,0,0,0,3
65.4,1,21.1,127.9,98.5,126.2,155.5,0,1.6,6.6,2.1,6.6,67.3,0,1,0,0,0,1,0,0,0,0,0,0,0,0,1,0,0,1,0,0,0,3
60.2,1,26.3,140.2,100.8,148.5,167.1,0,6.8,8.1,0.3,4.0,65.1,0,1,0,0,0,0,0,0,0,1,0,0,0,0,0,0,0,1,0,0,0,3
59.4,1,20.3,166.4,90.5,92.0,172.0,0,2.1,5.8,0.3,5.5,73.3,0,0,0,0,0,0,0,0,0,1,0,0,0,0,1,0,0,1,0,0,0,3
73.6,0,24.3,184.3,76.0,131.6,202.9,0,3.5,7.1,0.0,7.3,65.4,0,1,0,0,0,1,0,0,0,1,0,0,0,0,1,0,0,1,0,0,0,3
58.9,0,22.9,151.1,92.3,94.2,174.5,0,2.4,6.0,0.8,7.4,68.2,0,1,0,0,0,1,0,0,0,0,0,0,0,0,1,0,0,1,0,0,0,3
56.0,0,18.0,161.7,81.4,113.1,149.8,1,3.8,7.4,0.6,6.5,70.1,0,1,0,0,0,0,0,0,0,0,0,0,0,0,0,0,0,0,0,0,0,3
59.9,0,25.1,139.5,97.6,131.1,155.8,0,1.4,7.1,11.4,8.8,61.2,1,1,0,0,0,0,0,0,0,1,0,0,0,0,1,0,0,1,0,0,0,3
53.0,0,24.7,159.2,80.9,155.0,161.4,0,5.9,6.7,1.9,7.1,71.1,0,1,0,0,0,0,0,0,0,1,0,0,0,0,0,0,0,1,0,0,0,3
67.1,0,22.6,158.6,95.4,135.5,174.3,0,2.7,7.3,0.1,7.0,62.5,0,1,0,0,0,0,0,0,0,1,0,0,0,0,1,0,0,1,0,0,0,3
58.3,1,27.3,126.0,100.5,122.3,216.2,0,5.4,8.5,0.3,6.6,84.4,0,1,0,0,0,1,0,0,0,0,0,0,0,0,1,0,0,1,0,0,0,3
64.9,0,25.0,140.5,82.8,137.9,184.3,0,3.1,7.0,2.2,9.3,65.6,0,1,0,0,0,0,0,0,0,1,0,0,0,0,1,0,0,1,0,0,0,3
61.7,0,23.9,165.9,93.4,122.8,192.0,0,2.2,6.5,2.0,5.4,84.7,0,1,0,0,0,1,0,0,0,1,0,0,0,0,1,0,0,1,0,0,0,3
65.9,0,24.9,126.5,81.1,154.9,183.5,0,2.4,5.2,0.2,5.9,70.8,0,1,0,0,0,1,0,0,0,0,0,0,0,0,1,0,0,1,0,0,0,3
73.2,1,22.5,148.0,86.4,144.8,191.9,1,3.1,7.1,0.1,7.1,66.4,0,1,0,0,0,1,0,0,0,1,0,0,0,0,0,0,0,1,0,0,0,3
58.1,1,19.4,161.5,89.0,115.2,178.7,0,3.3,7.5,2.7,5.1,73.7,1,0,0,0,0,1,0,0,0,0,0,0,0,0,0,0,0,1,0,0,0,3
63.9,0,20.6,142.0,86.5,172.3,173.7,0,3.1,9.1,0.5,5.3,65.3,0,1,0,0,0,1,0,0,0,1,0,0,0,0,0,0,0,1,0,0,0,3
57.3,0,30.1,162.2,87.9,139.0,176.6,0,2.8,5.8,0.5,8.9,67.6,0,1,0,0,0,0,0,0,0,0,0,0,0,0,0,0,0,1,0,0,0,3
54.4,0,28.1,146.1,84.4,115.6,193.4,0,4.5,7.5,2.4,8.7,66.6,0,1,0,0,0,1,0,0,0,1,0,0,0,0,0,0,0,0,0,0,0,3
77.6,0,25.9,158.9,92.6,153.1,169.1,0,5.4,8.2,1.0,10.0,62.5,0,1,0,0,0,0,0,0,0,0,0,0,0,0,1,0,0,1,0,0,0,3
68.9,0,22.0,149.4,112.4,96.1,188.0,0,-0.0,6.3,10.7,8.5,66.1,0,1,0,0,0,0,0,0,0,0,0,0,0,0,1,0,0,1,0,0,0,3
50.9,0,23.7,159.4,103.2,167.5,193.0,0,4.3,8.0,3.6,5.9,72.5,0,1,0,0,0,0,0,0,0,1,0,0,0,0,0,0,0,1,0,0,0,3
56.7,0,22.4,152.8,80.5,100.1,124.0,0,2.6,6.9,0.6,4.2,77.3,0,1,0,0,0,0,0,0,0,1,0,0,0,0,1,0,0,1,0,0,0,3
51.9,1,22.1,153.3,95.1,130.0,156.7,0,4.7,7.2,0.2,9.2,67.7,0,1,0,0,0,0,0,0,0,0,0,0,0,0,0,0,0,1,0,0,0,3
61.2,1,21.0,143.4,79.6,154.4,211.6,0,3.8,6.2,1.2,6.4,67.9,0,1,0,0,0,0,0,0,0,1,0,0,0,0,1,0,0,0,0,0,0,3
68.8,1,24.7,173.6,80.8,92.0,177.9,0,1.1,7.8,0.2,6.8,69.2,1,1,0,0,0,1,0,0,0,1,0,0,0,0,1,0,0,1,0,0,0,3
62.7,1,23.8,143.9,75.2,112.7,185.8,0,2.9,7.0,0.3,8.9,66.8,0,1,0,0,0,1,0,0,0,1,0,0,0,0,0,0,0,1,0,0,0,3
70.3,0,28.2,136.0,91.4,130.7,164.9,0,6.5,5.6,1.8,7.8,57.7,1,1,0,0,0,0,0,0,0,1,0,0,0,0,1,0,0,1,0,0,0,3
64.5,1,24.6,136.6,100.3,159.7,142.4,0,2.8,6.8,0.1,7.0,70.4,0,1,0,0,0,0,0,0,0,1,0,0,0,0,0,0,0,1,0,0,0,3
66.4,0,24.6,135.7,99.3,135.7,127.7,0,3.1,6.3,1.2,5.2,70.8,0,1,0,0,0,1,0,0,0,0,0,0,0,0,0,0,0,1,0,0,0,3
64.7,0,23.8,163.3,95.5,144.1,152.3,0,2.4,7.0,3.1,10.2,70.8,0,1,0,0,0,1,0,0,0,0,0,0,0,0,1,0,0,1,0,0,0,3
65.3,0,30.7,180.1,110.0,118.0,170.1,0,3.9,7.1,2.0,8.5,77.4,0,1,0,0,0,0,0,0,0,1,0,0,0,0,1,0,0,1,0,0,0,3
52.4,1,26.3,152.6,100.7,129.0,176.7,1,4.6,6.7,1.4,10.7,61.9,0,1,0,0,0,1,0,0,0,1,0,0,0,0,1,0,0,1,0,0,0,3
77.9,0,25.6,131.5,92.3,159.2,177.6,0,3.0,6.1,1.4,8.7,84.3,0,1,0,0,0,1,0,0,0,1,0,0,0,0,0,0,0,1,0,0,0,3
81.4,0,22.9,126.0,81.5,139.9,164.5,1,3.1,6.4,9.4,7.9,62.6,0,1,0,0,0,0,0,0,0,1,0,0,0,0,0,0,0,1,0,0,0,3
72.8,1,21.3,126.0,91.4,145.4,175.5,0,2.5,5.1,1.8,7.6,79.8,0,1,0,0,0,1,0,0,0,1,0,0,0,0,0,0,0,1,0,0,0,3
57.4,1,22.2,150.9,88.0,138.8,186.8,1,5.7,6.1,1.5,5.5,64.2,0,1,0,0,0,1,0,0,0,1,0,0,0,0,1,0,0,1,0,0,0,3
48.4,1,23.7,142.2,88.7,158.7,160.1,0,3.1,9.6,0.1,6.8,65.6,0,1,0,0,0,1,0,0,0,1,0,0,0,0,1,0,0,0,0,0,0,3
62.5,0,23.2,130.3,102.8,164.2,151.9,1,1.4,7.5,8.6,6.2,70.2,0,0,0,0,0,0,0,0,0,1,0,0,0,0,0,0,0,1,0,0,0,3
58.0,0,20.8,149.8,89.7,126.3,175.3,1,4.7,8.3,0.5,7.9,84.0,0,1,0,0,0,1,0,0,0,0,0,0,0,0,0,0,0,1,0,0,0,3
75.2,1,20.9,156.5,81.0,123.3,181.7,0,1.8,5.6,2.8,7.0,66.7,0,1,0,0,0,0,0,0,0,1,0,0,0,0,1,0,0,0,0,0,0,3
51.6,0,22.6,162.7,95.8,120.5,191.4,0,2.0,7.0,12.4,7.7,70.7,0,1,0,0,0,1,0,0,0,1,0,0,0,0,1,0,0,1,0,0,0,3
61.6,0,23.7,154.1,83.7,96.6,181.4,1,2.8,7.5,1.7,10.5,69.9,0,1,0,0,0,1,0,0,0,0,0,0,0,0,0,0,0,0,0,0,0,3
63.0,1,22.9,143.6,93.0,113.5,218.8,0,6.1,6.9,0.2,4.4,80.0,0,1,0,0,0,0,0,0,0,1,0,0,0,0,1,0,0,0,0,0,0,3
59.8,1,26.7,171.6,75.6,94.1,175.9,0,2.9,7.7,0.7,6.8,86.2,0,1,0,0,0,0,0,0,0,1,0,0,0,0,1,0,0,0,0,0,0,3
57.4,1,23.3,128.3,90.7,121.4,142.6,0,0.9,7.2,1.4,7.1,76.7,0,1,0,0,0,0,0,0,0,0,0,0,0,0,1,0,0,1,0,0,0,3
62.9,1,25.8,148.8,100.7,134.6,165.7,0,5.7,6.8,5.6,6.4,65.4,0,1,0,0,0,0,0,0,0,0,0,0,0,0,1,0,0,1,0,0,0,3
70.7,0,27.3,138.3,96.8,120.9,187.8,0,5.0,6.6,1.2,6.3,67.6,0,1,0,0,0,1,0,0,0,0,0,0,0,0,1,0,0,1,0,0,0,3
56.3,1,26.2,135.1,88.3,102.7,170.1,0,3.9,5.7,4.0,7.0,78.5,0,1,0,0,0,1,0,0,0,1,0,0,0,0,1,0,0,1,0,0,0,3
68.7,0,27.2,144.3,75.0,150.3,199.9,0,3.6,8.5,1.4,7.2,75.8,1,1,0,0,0,1,0,0,0,0,0,0,0,0,0,0,0,0,0,0,0,3
59.2,1,24.4,150.4,94.2,121.3,160.8,0,2.3,7.4,2.8,3.4,64.8,0,0,0,0,0,1,0,0,0,0,0,0,0,0,0,0,0,1,0,0,0,3
65.8,1,21.8,128.5,84.4,157.0,168.3,0,2.1,7.3,2.3,6.1,77.9,0,1,0,0,0,0,0,0,0,1,0,0,0,0,0,0,0,1,0,0,0,3
67.4,1,29.3,159.0,105.8,107.5,169.9,0,5.3,7.4,6.8,4.5,65.2,0,1,0,0,0,0,0,0,0,0,0,0,0,0,1,0,0,1,0,0,0,3
70.9,1,26.1,160.0,102.8,144.4,190.2,1,2.6,6.1,6.3,8.6,83.1,0,1,0,0,0,0,0,0,0,0,0,0,0,0,1,0,0,1,0,0,0,3
51.8,1,19.7,145.7,101.5,92.0,183.1,0,3.1,7.1,1.9,6.7,73.7,0,1,0,0,0,1,0,0,0,1,0,0,0,0,0,0,0,1,0,0,0,3
59.4,0,20.3,145.5,84.9,98.5,158.3,0,5.3,6.5,4.6,6.7,55.5,0,1,0,0,0,0,0,0,0,1,0,0,0,0,0,0,0,0,0,0,0,3
61.8,0,22.1,132.2,88.3,113.1,197.9,0,0.2,4.8,0.1,6.9,70.8,0,1,0,0,0,1,0,0,0,0,0,0,0,0,0,0,0,1,0,0,0,3
72.2,1,23.3,158.8,111.1,143.8,173.2,0,3.8,6.7,4.6,6.4,82.3,0,1,0,0,0,0,0,0,0,1,0,0,0,0,1,0,0,1,0,0,0,3
58.0,1,21.9,130.4,89.8,132.5,172.3,0,2.8,8.0,1.2,9.6,81.2,0,1,0,0,0,0,0,0,0,1,0,0,0,0,1,0,0,1,0,0,0,3
62.6,1,20.1,126.0,90.8,190.8,160.8,0,6.3,6.6,6.6,7.0,75.1,0,1,0,0,0,1,0,0,0,1,0,0,0,0,0,0,0,1,0,0,0,3
63.3,0,22.4,149.8,96.8,92.0,178.7,0,4.9,7.9,1.0,6.1,79.2,0,1,0,0,0,0,0,0,0,0,0,0,0,0,1,0,0,1,0,0,0,3
67.8,0,26.4,140.8,94.7,149.2,166.9,0,2.2,5.2,5.1,9.2,68.0,0,1,0,0,0,1,0,0,0,1,0,0,0,0,0,0,0,1,0,0,0,3
57.3,0,19.7,145.0,75.0,139.6,144.6,0,3.8,7.2,1.8,7.9,74.6,0,1,0,0,0,0,0,0,0,0,0,0,0,0,1,0,0,1,0,0,0,3
58.0,0,24.5,135.2,94.8,160.8,192.4,0,3.0,6.9,3.2,8.3,70.8,0,1,0,0,0,0,0,0,0,1,0,0,0,0,1,0,0,1,0,0,0,3
68.2,1,24.0,173.5,81.5,103.5,179.1,1,0.7,6.8,3.3,4.4,75.2,0,1,0,0,0,0,0,0,0,0,0,0,0,0,1,0,0,1,0,0,0,3
72.0,1,21.6,175.1,87.1,130.2,146.5,1,5.5,6.0,1.2,3.4,64.8,0,1,0,0,0,0,0,0,0,1,0,0,0,0,1,0,0,1,0,0,0,3
45.1,1,27.0,139.8,92.2,139.4,187.5,0,3.8,6.7,0.1,9.9,85.4,0,1,0,0,0,0,0,0,0,1,0,0,0,0,1,0,0,1,0,0,0,3
58.3,0,24.1,162.4,97.3,129.1,186.5,0,4.7,6.3,1.5,5.9,67.6,0,1,0,0,0,1,0,0,0,1,0,0,0,0,1,0,0,1,0,0,0,3
67.9,0,22.4,146.1,85.3,92.0,178.7,0,0.8,7.1,1.5,7.0,69.4,0,1,0,0,0,0,0,0,0,0,0,0,0,0,1,0,0,1,0,0,0,3
56.9,1,19.8,138.6,79.8,135.2,167.7,1,3.2,7.5,0.2,10.1,85.5,0,1,0,0,0,0,0,0,0,1,0,0,0,0,0,0,0,1,0,0,0,3
66.7,0,25.7,163.7,81.3,97.1,162.3,0,5.2,7.4,5.3,8.3,71.6,0,1,0,0,0,0,0,0,0,1,0,0,0,0,1,0,0,1,0,0,0,3
75.4,1,24.6,160.7,93.0,118.5,163.0,1,2.1,7.3,3.0,9.8,65.7,0,1,0,0,0,0,0,0,0,1,0,0,0,0,1,0,0,1,0,0,0,3
77.3,0,25.8,134.3,91.3,139.3,176.1,0,4.4,7.3,2.5,3.3,87.1,0,0,0,0,0,0,0,0,0,1,0,0,0,0,0,0,0,1,0,0,0,3
48.9,1,21.7,151.2,98.9,120.8,182.8,0,6.0,6.6,2.7,6.8,60.8,0,1,0,0,0,0,0,0,0,1,0,0,0,0,1,0,0,1,0,0,0,3
76.7,0,26.3,166.8,92.2,164.4,212.7,0,3.5,7.4,1.9,7.7,53.0,0,1,0,0,0,0,0,0,0,1,0,0,0,0,0,0,0,0,0,0,0,3
54.0,0,23.3,150.4,99.5,158.1,172.9,0,5.8,8.0,0.9,5.1,64.9,0,0,0,0,0,0,0,0,0,0,0,0,0,0,1,0,0,1,0,0,0,3
50.4,0,22.0,177.3,84.8,151.7,166.3,0,2.2,8.5,1.0,5.3,65.7,0,0,0,0,0,1,0,0,0,0,0,0,0,0,0,0,0,0,0,0,0,3
60.3,0,26.4,140.8,102.9,92.0,168.6,0,3.5,7.1,1.9,7.8,57.1,0,1,0,0,0,0,0,0,0,0,0,0,0,0,0,0,0,1,0,0,0,3
70.2,1,26.4,147.6,98.4,116.6,132.2,0,6.5,7.1,3.9,4.8,62.8,0,1,0,0,0,0,0,0,0,1,0,0,0,0,1,0,0,1,0,0,0,3
68.8,0,28.2,146.8,94.4,96.2,183.5,0,5.4,7.5,1.7,5.4,66.6,0,1,0,0,0,0,0,0,0,1,0,0,0,0,0,0,0,1,0,0,0,3
49.9,1,26.0,146.6,96.5,95.0,179.5,0,2.9,7.7,0.5,8.1,72.3,0,1,0,0,0,0,0,0,0,1,0,0,0,0,1,0,0,1,0,0,0,3
55.3,0,21.9,157.2,89.1,102.5,193.0,0,4.5,6.6,0.2,5.5,68.6,0,1,0,0,0,0,0,0,0,1,0,0,0,0,1,0,0,1,0,0,0,3
78.2,1,23.4,160.4,106.9,147.9,182.0,1,4.0,8.2,1.2,8.7,65.7,0,1,0,0,0,0,0,0,0,1,0,0,0,0,1,0,0,1,0,0,0,3
58.3,0,20.9,128.2,103.1,96.2,174.7,0,2.8,6.1,2.8,9.1,79.3,0,1,0,0,0,0,0,0,0,0,0,0,0,0,0,0,0,0,0,0,0,3
68.2,0,26.1,135.8,87.0,128.5,178.0,0,3.1,7.8,0.6,6.9,78.5,0,1,0,0,0,1,0,0,0,1,0,0,0,0,1,0,0,1,0,0,0,3
64.2,0,23.5,137.4,86.5,163.4,194.8,0,4.7,5.9,0.7,7.4,57.4,0,1,0,0,0,0,0,0,0,1,0,0,0,0,1,0,0,1,0,0,0,3
51.6,0,22.4,165.0,106.7,121.0,142.6,0,5.0,8.9,0.7,8.3,78.2,0,1,0,0,0,0,0,0,0,1,0,0,0,0,1,0,0,1,0,0,0,3
58.7,0,24.5,155.1,104.8,164.2,205.9,0,4.9,7.7,2.0,5.6,76.2,0,1,0,0,0,1,0,0,0,1,0,0,0,0,1,0,0,1,0,0,0,3
49.1,0,22.6,162.6,76.1,106.1,173.1,0,2.2,6.9,3.6,7.7,73.6,0,1,0,0,0,0,0,0,0,0,0,0,0,0,1,0,0,1,0,0,0,3
61.0,0,23.8,128.7,92.3,92.0,167.7,0,3.7,8.8,0.9,4.7,81.5,0,1,0,0,0,0,0,0,0,1,0,0,0,0,0,0,0,1,0,0,0,3
62.8,1,24.5,126.0,93.3,140.7,212.8,1,3.1,7.3,0.1,5.4,54.6,0,1,0,0,0,1,0,0,0,0,0,0,0,0,1,0,0,1,0,0,0,3
58.1,1,26.1,161.5,90.9,125.7,155.2,0,5.0,6.9,4.5,6.7,67.6,0,1,0,0,0,0,0,0,0,1,0,0,0,0,1,0,0,1,0,0,0,3
72.3,0,26.7,153.5,91.0,128.0,195.9,1,3.0,6.3,0.4,8.1,67.3,1,1,0,0,0,0,0,0,0,1,0,0,0,0,0,0,0,1,0,0,0,3
55.1,0,21.2,153.1,94.2,167.5,170.3,0,1.2,6.5,1.5,5.7,88.7,0,1,0,0,0,0,0,0,0,1,0,0,0,0,1,0,0,0,0,0,0,3
70.2,1,23.1,155.6,99.6,110.1,156.6,0,5.0,5.8,1.8,6.3,66.7,0,0,0,0,0,0,0,0,0,0,0,0,0,0,1,0,0,1,0,0,0,3
63.9,1,16.1,160.3,93.3,95.1,176.3,0,1.3,6.4,0.9,8.1,70.5,0,1,0,0,0,0,0,0,0,0,0,0,0,0,0,0,0,1,0,0,0,3
57.0,0,24.5,163.9,89.5,174.8,169.5,1,5.2,7.3,0.8,9.3,63.9,0,0,0,0,0,0,0,0,0,0,0,0,0,0,0,0,0,1,0,0,0,3
53.4,1,19.5,138.4,84.4,148.4,163.1,0,0.5,7.4,0.7,6.4,72.3,0,1,0,0,0,1,0,0,0,1,0,0,0,0,1,0,0,1,0,0,0,3
70.3,0,23.9,156.5,106.2,105.7,169.4,0,3.3,6.2,2.3,5.7,62.6,0,1,0,0,0,0,0,0,0,1,0,0,0,0,1,0,0,1,0,0,0,3
59.6,1,19.2,154.7,93.8,92.0,185.1,0,5.2,8.3,3.6,6.4,67.7,0,1,0,0,0,0,0,0,0,0,0,0,0,0,0,0,0,0,0,0,0,3
63.0,1,21.5,166.4,81.8,155.6,158.1,0,3.8,7.9,0.5,5.9,73.0,0,1,0,0,0,1,0,0,0,1,0,0,0,0,0,0,0,1,0,0,0,3
58.3,1,23.2,157.3,91.7,149.1,160.5,0,3.6,7.4,1.8,7.9,71.5,1,1,0,0,0,0,0,0,0,0,0,0,0,0,1,0,0,0,0,0,0,3
44.8,0,24.6,155.0,98.0,92.0,167.9,1,5.2,7.0,0.7,3.7,75.7,0,1,0,0,0,1,0,0,0,0,0,0,0,0,0,0,0,1,0,0,0,3
49.2,0,22.7,175.0,79.5,128.8,162.4,0,1.4,7.2,0.9,6.5,69.6,0,1,0,0,0,0,0,0,0,1,0,0,0,0,1,0,0,1,0,0,0,3
62.5,0,21.9,157.7,97.2,92.0,209.9,0,2.5,8.1,0.6,7.8,66.7,0,1,0,0,0,1,0,0,0,1,0,0,0,0,1,0,0,1,0,0,0,3
71.0,1,21.4,134.9,86.1,114.4,153.1,0,2.0,6.1,3.3,6.7,83.4,0,1,0,0,0,1,0,0,0,0,0,0,0,0,1,0,0,1,0,0,0,3
70.6,0,21.6,142.1,83.3,107.2,212.2,0,4.4,6.9,0.2,4.6,81.1,0,1,0,0,0,1,0,0,0,1,0,0,0,0,1,0,0,1,0,0,0,3
62.7,0,25.5,158.1,78.9,96.3,184.2,0,5.6,6.1,1.2,8.0,78.0,0,1,0,0,0,1,0,0,0,1,0,0,0,0,1,0,0,1,0,0,0,3
74.3,0,28.3,145.5,90.6,138.5,179.4,0,4.9,6.8,4.0,3.4,59.7,0,1,0,0,0,0,0,0,0,1,0,0,0,0,0,0,0,1,0,0,0,3
72.3,0,27.3,153.9,87.5,152.5,170.3,1,3.6,5.0,1.2,7.2,82.0,0,1,0,0,0,1,0,0,0,1,0,0,0,0,0,0,0,0,0,0,0,3
69.8,0,24.8,161.4,104.3,142.0,155.0,1,5.1,9.3,9.2,5.3,63.8,0,1,0,0,0,0,0,0,0,1,0,0,0,0,0,0,0,1,0,0,0,3
73.9,1,24.6,169.3,95.8,158.1,186.6,1,3.1,7.2,1.2,5.4,58.5,0,1,0,0,0,0,0,0,0,1,0,0,0,0,0,0,0,1,0,0,0,3
49.1,1,27.2,126.0,83.2,121.7,196.7,0,4.0,6.4,8.0,8.6,75.6,0,0,0,0,0,0,0,0,0,1,0,0,0,0,0,0,0,1,0,0,0,3
57.5,0,25.3,135.3,93.4,148.5,171.0,0,1.7,7.9,2.5,7.1,74.3,0,1,0,0,0,1,0,0,0,1,0,0,0,0,0,0,0,1,0,0,0,3
67.6,1,25.4,139.6,108.3,106.5,187.6,0,4.9,8.0,3.9,8.0,80.5,1,1,0,0,0,0,0,0,0,1,0,0,0,0,0,0,0,1,0,0,0,3
56.3,0,22.3,140.2,100.8,92.0,169.0,0,2.6,7.9,1.5,9.2,75.3,0,1,0,0,0,0,0,0,0,1,0,0,0,0,0,0,0,0,0,0,0,3
65.2,1,24.0,139.6,85.5,135.4,162.4,0,3.7,6.1,0.6,7.9,73.4,0,1,0,0,0,1,0,0,0,0,0,0,0,0,1,0,0,1,0,0,0,3
78.8,1,26.3,153.8,93.0,139.7,164.9,0,1.9,7.8,2.9,5.8,62.9,0,1,0,0,0,1,0,0,0,0,0,0,0,0,1,0,0,1,0,0,0,3
77.2,0,24.6,141.5,92.5,120.9,165.5,0,1.3,9.9,1.1,7.5,73.5,0,1,0,0,0,1,0,0,0,1,0,0,0,0,0,0,0,1,0,0,0,3
60.0,0,25.5,169.7,83.5,145.5,155.0,0,4.5,7.9,5.2,8.5,73.0,0,1,0,0,0,0,0,0,0,0,0,0,0,0,0,0,0,1,0,0,0,3
62.5,0,28.4,162.5,88.1,174.2,180.5,0,5.5,7.6,2.5,6.8,54.5,0,1,0,0,0,0,0,0,0,0,0,0,0,0,1,0,0,1,0,0,0,3
71.5,1,24.5,157.7,93.0,174.2,156.6,1,5.6,7.4,0.5,8.9,71.2,0,1,0,0,0,0,0,0,0,1,0,0,0,0,1,0,0,1,0,0,0,3
48.9,1,21.8,142.4,83.2,140.1,164.2,1,2.1,7.2,2.2,6.9,75.9,0,1,0,0,0,1,0,0,0,1,0,0,0,0,1,0,0,1,0,0,0,3
62.4,1,24.6,130.1,89.6,125.8,194.3,0,3.5,6.1,0.1,5.3,64.4,0,1,0,0,0,0,0,0,0,1,0,0,0,0,1,0,0,1,0,0,0,3
62.4,0,25.0,162.0,86.0,123.0,174.2,0,4.5,6.7,2.2,7.8,67.7,0,1,0,0,0,0,0,0,0,1,0,0,0,0,1,0,0,1,0,0,0,3
52.6,0,19.3,167.9,100.3,122.1,150.7,1,2.5,7.6,7.1,7.3,74.7,0,1,0,0,0,1,0,0,0,1,0,0,0,0,0,0,0,1,0,0,0,3
53.0,0,21.0,146.6,93.4,179.3,177.9,0,3.1,7.5,2.3,7.4,74.7,0,1,0,0,0,1,0,0,0,1,0,0,0,0,1,0,0,1,0,0,0,3
64.5,0,25.0,157.9,99.5,124.9,159.2,0,3.4,7.2,0.3,6.8,66.1,0,1,0,0,0,0,0,0,0,1,0,0,0,0,1,0,0,0,0,0,0,3
57.0,1,27.5,159.6,92.3,162.8,180.0,0,5.6,6.7,0.5,7.1,74.8,0,1,0,0,0,0,0,0,0,1,0,0,0,0,1,0,0,1,0,0,0,3
67.3,1,21.9,139.0,105.5,92.0,191.7,0,3.0,7.0,0.6,7.1,74.6,0,1,0,0,0,0,0,0,0,1,0,0,0,0,1,0,0,0,0,0,0,3
68.2,0,20.8,166.1,85.4,110.0,158.9,1,2.7,7.6,5.6,7.3,70.2,0,1,0,0,0,0,0,0,0,1,0,0,0,0,0,0,0,1,0,0,0,3
65.9,1,22.8,157.3,78.3,93.9,196.9,0,6.9,7.5,2.4,8.0,62.0,0,1,0,0,0,1,0,0,0,1,0,0,0,0,0,0,0,1,0,0,0,3
52.4,1,25.2,139.1,92.7,141.7,177.0,0,5.5,8.2,0.5,6.9,71.1,0,0,0,0,0,1,0,0,0,1,0,0,0,0,0,0,0,1,0,0,0,3
66.8,0,27.5,134.7,95.6,116.2,174.0,0,3.7,5.7,0.3,6.9,70.2,0,1,0,0,0,0,0,0,0,1,0,0,0,0,0,0,0,1,0,0,0,3
64.9,0,23.0,137.1,75.0,163.1,144.3,0,2.8,6.2,2.9,7.1,67.9,0,1,0,0,0,0,0,0,0,1,0,0,0,0,1,0,0,1,0,0,0,3
51.2,1,23.0,141.9,90.8,129.5,171.1,0,4.6,7.5,0.2,6.6,77.8,0,1,0,0,0,0,0,0,0,0,0,0,0,0,1,0,0,1,0,0,0,3
59.3,0,22.8,126.0,78.8,176.7,148.0,0,5.0,7.6,2.1,5.7,78.2,0,1,0,0,0,0,0,0,0,1,0,0,0,0,1,0,0,1,0,0,0,3
62.2,1,20.4,168.7,93.2,92.0,145.7,0,6.2,7.5,0.5,5.9,71.2,0,1,0,0,0,1,0,0,0,0,0,0,0,0,0,0,0,1,0,0,0,3
52.8,0,22.2,138.6,97.6,130.7,185.4,0,5.4,7.4,0.5,8.6,69.6,0,1,0,0,0,1,0,0,0,1,0,0,0,0,1,0,0,1,0,0,0,3
63.0,0,22.3,144.1,93.9,96.3,185.7,0,4.8,6.4,0.1,8.1,76.6,0,1,0,0,0,1,0,0,0,1,0,0,0,0,0,0,0,1,0,0,0,3
55.2,0,20.5,146.8,101.8,147.5,147.8,0,4.9,6.0,2.8,5.9,75.5,0,0,0,0,0,0,0,0,0,1,0,0,0,0,0,0,0,1,0,0,0,3
60.8,0,24.8,187.0,89.1,117.7,212.0,0,3.5,5.6,1.2,8.3,78.5,0,0,0,0,0,0,0,0,0,1,0,0,0,0,1,0,0,1,0,0,0,3
55.0,1,22.0,155.5,105.4,141.4,167.9,1,2.6,6.2,9.7,10.6,79.0,0,1,0,0,0,1,0,0,0,1,0,0,0,0,0,0,0,1,0,0,0,3
62.4,0,22.3,126.0,87.3,110.5,207.5,0,4.9,7.1,12.4,8.0,71.2,0,1,0,0,0,0,0,0,0,0,0,0,0,0,0,0,0,1,0,0,0,3
68.6,0,24.8,130.8,115.0,102.8,175.2,0,4.9,7.4,2.2,7.1,76.6,0,1,0,0,0,0,0,0,0,0,0,0,0,0,0,0,0,1,0,0,0,3
61.3,0,27.0,173.3,86.6,118.5,220.4,0,2.1,8.4,1.1,5.6,81.3,0,0,0,0,0,0,0,0,0,1,0,0,0,0,1,0,0,1,0,0,0,3
45.6,1,24.1,158.0,88.5,112.0,175.0,0,4.2,9.9,2.7,6.1,60.0,0,1,0,0,0,0,0,0,0,0,0,0,0,0,0,0,0,1,0,0,0,3
71.2,0,25.8,149.2,94.7,168.8,165.7,1,5.2,7.2,5.5,8.3,71.1,0,1,0,0,0,0,0,0,0,0,0,0,0,0,0,0,0,1,0,0,0,3
59.8,0,22.2,134.4,99.8,155.6,164.0,0,3.5,7.5,1.1,6.1,75.6,0,1,0,0,0,0,0,0,0,1,0,0,0,0,1,0,0,1,0,0,0,3
57.2,0,19.7,138.4,98.4,181.4,206.8,1,3.8,6.4,3.3,6.6,71.1,0,0,0,0,0,1,0,0,0,1,0,0,0,0,0,0,0,1,0,0,0,3
56.8,1,24.9,147.2,85.4,136.4,169.4,0,2.6,6.3,1.0,6.7,71.0,0,1,0,0,0,0,0,0,0,1,0,0,0,0,1,0,0,1,0,0,0,3
53.9,0,23.9,142.6,84.0,119.4,189.3,0,3.5,7.6,1.7,5.6,77.0,0,1,0,0,0,1,0,0,0,1,0,0,0,0,0,0,0,1,0,0,0,3
60.3,1,20.6,157.0,87.0,102.4,187.2,0,3.1,8.1,1.6,8.1,82.6,0,1,0,0,0,0,0,0,0,0,0,0,0,0,0,0,0,1,0,0,0,3
69.2,0,22.8,135.0,75.0,121.5,176.9,0,2.6,6.2,1.6,4.2,64.6,0,1,0,0,0,0,0,0,0,1,0,0,0,0,0,0,0,1,0,0,0,3
61.9,0,25.3,138.1,90.6,169.9,153.7,0,1.5,6.5,7.3,4.8,79.8,0,1,0,0,0,0,0,0,0,0,0,0,0,0,0,0,0,1,0,0,0,3
56.8,0,23.0,126.0,89.4,123.8,208.7,0,3.3,8.4,1.4,6.9,69.9,0,1,0,0,0,1,0,0,0,1,0,0,0,0,1,0,0,1,0,0,0,3
64.1,1,20.8,162.6,91.8,139.1,192.1,0,3.7,7.8,1.1,5.7,78.4,0,1,0,0,0,0,0,0,0,1,0,0,0,0,0,0,0,1,0,0,0,3
57.2,0,26.8,141.0,88.6,150.2,162.7,0,4.3,7.2,5.4,5.2,66.3,0,1,0,0,0,0,0,0,0,1,0,0,0,0,1,0,0,1,0,0,0,3
62.0,0,27.0,139.7,91.2,158.4,188.0,1,6.1,8.0,1.1,6.7,57.9,0,1,0,0,0,0,0,0,0,1,0,0,0,0,1,0,0,1,0,0,0,3
51.1,0,27.3,151.0,101.4,186.6,155.7,1,3.3,7.9,3.0,6.7,70.8,0,1,0,0,0,1,0,0,0,1,0,0,0,0,1,0,0,1,0,0,0,3
51.1,0,20.3,137.9,83.1,129.7,173.1,0,0.9,8.0,2.6,8.2,70.9,0,0,0,0,0,0,0,0,0,1,0,0,0,0,1,0,0,1,0,0,0,3
59.6,0,18.8,139.3,91.0,99.4,189.4,0,6.2,7.9,2.0,5.7,70.9,0,1,0,0,0,0,0,0,0,1,0,0,0,0,1,0,0,1,0,0,0,3
67.8,1,21.5,151.3,88.0,131.2,170.5,0,3.1,8.0,2.4,6.7,69.3,0,1,0,0,0,0,0,0,0,1,0,0,0,0,1,0,0,1,0,0,0,3
65.9,0,21.3,126.0,96.9,92.0,149.5,0,2.9,6.5,4.6,6.7,60.0,0,1,0,0,0,1,0,0,0,1,0,0,0,0,1,0,0,1,0,0,0,3
75.5,1,26.3,164.2,94.5,105.7,163.1,0,4.9,7.7,2.6,8.2,71.5,1,1,0,0,0,1,0,0,0,1,0,0,0,0,0,0,0,1,0,0,0,3
61.1,1,25.3,137.7,89.6,105.4,176.7,0,4.3,5.4,1.6,8.3,67.4,0,1,0,0,0,0,0,0,0,1,0,0,0,0,1,0,0,1,0,0,0,3
73.3,1,24.0,130.6,75.0,133.6,183.0,0,3.3,6.2,2.4,9.0,64.1,0,1,0,0,0,0,0,0,0,0,0,0,0,0,0,0,0,1,0,0,0,3
75.2,0,21.3,161.7,87.1,133.9,157.9,1,2.8,7.1,4.5,6.3,63.0,0,1,0,0,0,1,0,0,0,1,0,0,0,0,1,0,0,1,0,0,0,3
71.1,0,25.0,162.6,84.8,162.1,156.1,1,2.3,7.6,2.1,4.1,81.9,0,0,0,0,0,1,0,0,0,1,0,0,0,0,1,0,0,1,0,0,0,3
50.5,1,22.0,149.5,86.0,115.6,152.4,1,2.5,8.9,0.1,6.7,67.9,0,1,0,0,0,0,0,0,0,1,0,0,0,0,0,0,0,1,0,0,0,3
64.1,1,24.3,147.7,93.5,92.0,186.0,1,4.0,7.7,0.5,5.1,66.8,0,1,0,0,0,1,0,0,0,0,0,0,0,0,1,0,0,0,0,0,0,3
49.0,1,21.1,156.7,95.3,181.7,182.0,1,4.0,7.6,3.3,7.3,70.4,0,1,0,0,0,1,0,0,0,1,0,0,0,0,0,0,0,1,0,0,0,3
84.0,1,22.2,129.8,85.4,152.3,218.0,1,1.6,6.1,1.6,4.5,74.2,0,1,0,0,0,1,0,0,0,0,0,0,0,0,1,0,0,1,0,0,0,3
51.4,1,21.2,136.1,94.1,92.0,214.8,0,4.9,7.3,2.6,4.3,59.7,0,0,0,0,0,0,0,0,0,1,0,0,0,0,1,0,0,0,0,0,0,3
54.8,1,26.8,164.5,95.6,106.1,199.8,1,3.5,6.5,0.0,6.2,74.2,0,1,0,0,0,0,0,0,0,1,0,0,0,0,0,0,0,1,0,0,0,3
68.5,0,20.8,169.8,101.0,138.9,193.3,1,4.5,8.1,2.7,7.5,66.0,0,1,0,0,0,1,0,0,0,1,0,0,0,0,0,0,0,1,0,0,0,3
60.4,1,21.0,126.0,83.5,170.4,199.0,0,3.2,8.8,3.2,4.6,75.4,0,1,0,0,0,0,0,0,0,1,0,0,0,0,0,0,0,1,0,0,0,3
52.1,1,22.1,145.4,90.3,136.2,175.6,1,1.4,7.9,3.3,7.5,65.8,0,1,0,0,0,1,0,0,0,0,0,0,0,0,1,0,0,1,0,0,0,3
63.8,0,22.4,147.3,83.4,125.7,160.2,0,4.9,7.2,1.9,7.5,65.1,0,0,0,0,0,0,0,0,0,0,0,0,0,0,1,0,0,1,0,0,0,3
70.3,0,24.5,159.5,97.0,180.1,223.6,0,4.5,7.5,1.1,7.4,80.3,0,1,0,0,0,0,0,0,0,0,0,0,0,0,1,0,0,1,0,0,0,3
44.2,0,22.9,147.7,95.9,122.4,153.6,1,2.7,7.0,2.1,7.2,80.6,0,1,0,0,0,1,0,0,0,1,0,0,0,0,1,0,0,0,0,0,0,3
59.1,1,24.6,159.8,92.9,100.3,210.6,0,2.3,7.5,1.6,5.3,54.5,0,1,0,0,0,0,0,0,0,0,0,0,0,0,0,0,0,1,0,0,0,3
67.0,0,23.0,142.9,94.7,162.2,207.6,0,6.0,8.0,1.2,6.6,67.7,0,1,0,0,0,1,0,0,0,1,0,0,0,0,1,0,0,1,0,0,0,3
64.1,1,25.0,136.7,100.2,139.7,168.6,0,2.9,6.4,5.4,6.2,72.7,0,1,0,0,0,1,0,0,0,1,0,0,0,0,1,0,0,1,0,0,0,3
72.3,1,22.1,131.8,85.1,92.0,189.0,1,4.5,9.3,1.6,5.5,80.3,0,1,0,0,0,0,0,0,0,0,0,0,0,0,1,0,0,1,0,0,0,3
45.0,0,23.2,145.9,104.1,165.7,203.1,0,4.8,7.0,12.2,9.1,76.1,0,1,0,0,0,0,0,0,0,1,0,0,0,0,1,0,0,0,0,0,0,3
69.6,0,25.6,148.2,88.0,140.7,175.7,1,6.1,7.1,1.2,7.0,61.1,0,1,0,0,0,1,0,0,0,0,0,0,0,0,1,0,0,1,0,0,0,3
55.5,1,20.0,178.0,80.9,98.5,153.8,0,4.5,6.3,1.2,7.8,70.2,0,1,0,0,0,0,0,0,0,1,0,0,0,0,1,0,0,1,0,0,0,3
59.1,0,26.4,169.0,100.6,96.4,203.2,0,2.1,7.5,0.4,4.6,81.7,0,1,0,0,0,1,0,0,0,1,0,0,0,0,0,0,0,1,0,0,0,3
63.5,0,21.4,170.1,79.9,92.0,138.6,1,5.5,7.3,2.3,5.8,79.5,0,0,0,0,0,1,0,0,0,1,0,0,0,0,1,0,0,1,0,0,0,3
70.9,0,20.7,142.0,92.5,122.0,194.4,0,4.6,6.7,4.7,6.4,67.5,0,1,0,0,0,0,0,0,0,1,0,0,0,0,0,0,0,1,0,0,0,3
81.1,0,20.5,153.4,84.8,148.6,170.2,0,4.5,6.4,7.9,7.8,55.2,0,0,0,0,0,1,0,0,0,0,0,0,0,0,1,0,0,1,0,0,0,3
60.5,0,17.0,130.8,92.6,104.1,222.4,0,4.6,6.9,0.5,6.9,70.9,0,1,0,0,0,1,0,0,0,1,0,0,0,0,0,0,0,1,0,0,0,3
53.8,0,21.8,135.4,89.9,151.4,179.5,0,4.1,7.7,2.8,6.4,73.7,0,1,0,0,0,0,0,0,0,0,0,0,0,0,1,0,0,1,0,0,0,3
69.9,1,24.5,148.6,81.7,156.9,181.7,1,4.0,8.3,8.2,6.5,68.4,0,1,0,0,0,0,0,0,0,0,0,0,0,0,0,0,0,1,0,0,0,3
64.3,1,21.1,178.0,94.3,97.3,178.7,0,3.1,6.8,0.7,7.5,74.2,0,1,0,0,0,1,0,0,0,0,0,0,0,0,1,0,0,1,0,0,0,3
66.3,0,20.4,155.7,102.0,92.0,144.4,1,3.7,7.1,3.4,6.8,61.1,0,1,0,0,0,0,0,0,0,1,0,0,0,0,1,0,0,1,0,0,0,3
49.7,1,25.0,126.0,87.7,113.2,200.1,0,2.7,8.2,0.2,5.5,76.9,1,1,0,0,0,0,0,0,0,1,0,0,0,0,0,0,0,1,0,0,0,3
58.2,1,26.9,146.3,89.0,176.6,144.3,0,3.7,6.8,4.3,7.3,84.6,0,0,0,0,0,0,0,0,0,1,0,0,0,0,1,0,0,0,0,0,0,3
62.5,0,21.2,148.2,85.5,135.8,168.6,0,4.2,6.1,0.5,7.5,70.3,0,1,0,0,0,1,0,0,0,1,0,0,0,0,1,0,0,1,0,0,0,3
53.4,0,19.3,162.8,86.3,137.4,193.2,0,3.6,7.1,0.5,6.3,90.0,1,1,0,0,0,0,0,0,0,1,0,0,0,0,1,0,0,1,0,0,0,3
65.3,0,22.4,135.0,79.8,121.1,184.1,1,3.4,9.3,3.8,6.1,81.4,0,1,0,0,0,0,0,0,0,1,0,0,0,0,0,0,0,1,0,0,0,3
60.4,0,23.5,166.3,96.4,162.4,148.5,0,4.6,6.9,3.0,5.9,77.0,0,1,0,0,0,0,0,0,0,1,0,0,0,0,0,0,0,0,0,0,0,3
72.1,0,25.6,152.2,96.6,151.0,228.9,0,7.4,7.9,0.1,7.0,75.5,0,1,0,0,0,0,0,0,0,0,0,0,0,0,0,0,0,1,0,0,0,3
66.7,0,22.8,144.0,83.8,175.8,171.8,0,4.5,6.7,0.1,6.3,64.4,1,1,0,0,0,1,0,0,0,1,0,0,0,0,0,0,0,1,0,0,0,3
76.5,1,22.3,130.3,85.3,109.4,169.1,0,2.2,6.6,0.0,7.2,81.0,0,1,0,0,0,1,0,0,0,1,0,0,0,0,0,0,0,0,0,0,0,3
67.6,1,26.9,171.4,109.3,165.8,176.5,0,3.7,8.4,1.8,6.7,87.4,0,1,0,0,0,1,0,0,0,1,0,0,0,0,1,0,0,1,0,0,0,3
66.1,1,21.9,169.8,85.4,152.5,163.8,0,2.7,7.5,0.8,5.3,81.3,1,1,0,0,0,1,0,0,0,1,0,0,0,0,0,0,0,1,0,0,0,3
70.4,1,20.6,170.8,84.0,151.9,176.7,1,2.5,6.5,1.0,8.2,78.1,1,1,0,0,0,0,0,0,0,1,0,0,0,0,0,0,0,1,0,0,0,3
60.2,1,22.7,143.8,95.3,146.2,212.5,0,4.7,7.7,6.5,7.2,76.7,0,1,0,0,0,0,0,0,0,1,0,0,0,0,1,0,0,1,0,0,0,3
56.7,0,19.1,147.3,97.2,148.2,195.4,0,2.6,6.5,0.5,7.2,75.8,0,1,0,0,0,0,0,0,0,0,0,0,0,0,0,0,0,1,0,0,0,3
56.8,0,22.6,162.9,75.0,130.7,147.8,0,3.8,8.5,2.2,5.3,71.6,0,1,0,0,0,0,0,0,0,0,0,0,0,0,0,0,0,1,0,0,0,3
72.1,1,25.7,142.1,93.8,155.7,169.7,0,4.2,8.1,0.9,5.7,68.5,0,1,0,0,0,0,0,0,0,0,0,0,0,0,1,0,0,1,0,0,0,3
66.1,1,18.2,151.9,96.8,153.8,176.7,0,4.9,6.3,4.0,6.6,72.1,0,1,0,0,0,0,0,0,0,1,0,0,0,0,1,0,0,1,0,0,0,3
63.6,1,19.2,171.1,86.0,118.3,192.2,0,5.4,8.2,0.2,8.2,83.5,0,1,0,0,0,0,0,0,0,1,0,0,0,0,1,0,0,1,0,0,0,3
81.1,1,24.8,144.1,94.2,109.0,153.4,0,5.2,7.5,0.9,5.9,78.2,0,1,0,0,0,1,0,0,0,1,0,0,0,0,0,0,0,1,0,0,0,3
73.1,1,23.7,141.1,93.1,161.6,201.5,0,-0.2,7.2,3.5,8.5,74.4,0,1,0,0,0,0,0,0,0,1,0,0,0,0,0,0,0,1,0,0,0,3
62.4,0,18.7,128.6,76.9,121.6,171.7,0,5.4,7.9,2.4,7.1,64.1,0,1,0,0,0,1,0,0,0,1,0,0,0,0,1,0,0,1,0,0,0,3
74.6,1,22.2,133.5,83.3,95.2,195.3,1,4.9,7.1,2.0,9.8,75.6,0,1,0,0,0,1,0,0,0,1,0,0,0,0,0,0,0,1,0,0,0,3
77.7,0,26.9,138.4,75.6,114.7,199.2,0,4.6,6.5,2.1,7.1,54.8,0,1,0,0,0,1,0,0,0,1,0,0,0,0,1,0,0,1,0,0,0,3
57.1,1,26.1,133.7,83.2,95.1,207.4,0,2.7,5.4,1.1,6.1,64.5,0,1,0,0,0,0,0,0,0,1,0,0,0,0,1,0,0,0,0,0,0,3
70.1,0,19.6,148.7,90.3,122.3,169.9,0,2.5,8.2,2.2,7.5,59.4,0,0,0,0,0,0,0,0,0,1,0,0,0,0,0,0,0,1,0,0,0,3
59.3,1,22.2,134.5,100.3,126.2,183.1,0,2.6,5.7,0.6,4.6,76.9,0,1,0,0,0,0,0,0,0,0,0,0,0,0,0,0,0,0,0,0,0,3
46.5,1,24.3,145.5,78.2,136.0,173.1,0,4.0,6.8,0.5,6.5,70.0,0,0,0,0,0,0,0,0,0,1,0,0,0,0,1,0,0,1,0,0,0,3
79.4,1,20.6,158.5,78.1,153.4,189.2,0,3.4,7.2,0.6,6.9,73.6,0,1,0,0,0,0,0,0,0,1,0,0,0,0,0,0,0,1,0,0,0,3
69.2,0,20.7,170.3,91.7,149.2,150.4,0,3.3,7.8,2.3,5.1,70.1,0,1,0,0,0,1,0,0,0,1,0,0,0,0,1,0,0,1,0,0,0,3
54.5,0,20.6,165.1,103.5,101.9,160.9,0,4.8,7.5,1.7,5.8,71.6,1,1,0,0,0,0,0,0,0,1,0,0,0,0,1,0,0,1,0,0,0,3
61.7,0,21.4,137.3,97.2,116.2,183.5,0,2.3,6.8,2.8,6.0,79.1,0,1,0,0,0,1,0,0,0,1,0,0,0,0,1,0,0,1,0,0,0,3
50.9,0,26.9,126.0,83.9,161.8,181.7,0,4.1,8.3,2.4,5.2,71.4,0,0,0,0,0,1,0,0,0,1,0,0,0,0,1,0,0,1,0,0,0,3
66.4,0,20.8,126.0,87.3,92.0,177.1,1,4.6,7.1,0.5,7.1,79.0,0,1,0,0,0,1,0,0,0,1,0,0,0,0,0,0,0,1,0,0,0,3
54.4,1,23.6,160.7,84.6,163.2,167.0,0,7.2,7.2,0.4,5.6,70.0,0,0,0,0,0,1,0,0,0,1,0,0,0,0,1,0,0,1,0,0,0,3
64.2,0,24.8,135.7,90.0,118.2,194.7,0,4.2,7.8,0.2,6.5,69.9,0,1,0,0,0,1,0,0,0,0,0,0,0,0,0,0,0,0,0,0,0,3
63.8,1,18.8,157.5,85.6,209.8,177.5,0,4.8,8.6,3.3,7.1,80.5,0,1,0,0,0,0,0,0,0,1,0,0,0,0,0,0,0,1,0,0,0,3
68.7,0,22.7,127.5,82.3,94.9,175.7,0,4.8,8.0,1.9,7.3,67.4,0,1,0,0,0,0,0,0,0,1,0,0,0,0,0,0,0,1,0,0,0,3
54.2,0,21.8,131.5,100.1,157.0,197.4,0,5.9,7.6,5.5,6.5,84.8,0,0,0,0,0,0,0,0,0,1,0,0,0,0,1,0,0,1,0,0,0,3
60.6,0,20.4,172.0,87.2,104.5,199.8,1,1.3,7.7,3.9,5.9,71.0,0,1,0,0,0,1,0,0,0,1,0,0,0,0,1,0,0,0,0,0,0,3
55.7,1,27.7,132.8,91.8,121.7,184.4,0,4.4,7.1,6.2,6.9,69.0,0,1,0,0,0,1,0,0,0,0,0,0,0,0,0,0,0,1,0,0,0,3
71.0,1,19.4,155.1,80.0,119.8,192.4,1,3.3,8.4,4.2,3.9,83.1,0,0,0,0,0,1,0,0,0,1,0,0,0,0,1,0,0,1,0,0,0,3
40.0,1,23.8,182.1,91.7,92.0,155.4,1,5.5,8.6,0.0,6.3,68.7,0,1,0,0,0,0,0,0,0,1,0,0,0,0,1,0,0,1,0,0,0,3
68.4,0,22.6,171.3,87.7,133.4,203.9,0,2.9,6.9,11.8,7.7,71.6,0,1,0,0,0,1,0,0,0,0,0,0,0,0,1,0,0,1,0,0,0,3
60.6,1,27.8,127.4,100.2,135.9,189.0,0,3.9,7.6,0.1,4.7,72.5,0,1,0,0,0,0,0,0,0,1,0,0,0,0,0,0,0,1,0,0,0,3
74.9,1,26.0,154.0,86.7,130.4,173.2,0,3.7,5.5,4.4,3.7,73.0,0,0,0,0,0,0,0,0,0,1,0,0,0,0,1,0,0,0,0,0,0,3
60.3,1,24.5,180.2,89.8,137.8,183.8,1,3.8,7.3,3.1,5.9,73.4,0,1,0,0,0,1,0,0,0,1,0,0,0,0,1,0,0,1,0,0,0,3
58.3,0,19.4,160.6,80.1,92.0,172.6,0,4.6,8.3,0.4,7.0,71.5,0,1,0,0,0,0,0,0,0,1,0,0,0,0,1,0,0,1,0,0,0,3
82.4,0,27.0,135.3,80.9,117.9,161.2,1,0.4,6.7,6.8,8.1,80.8,0,0,0,0,0,0,0,0,0,0,0,0,0,0,1,0,0,0,0,0,0,3
59.8,0,30.8,169.5,94.4,108.6,164.4,0,2.4,5.2,0.6,2.8,69.6,0,1,0,0,0,1,0,0,0,0,0,0,0,0,0,0,0,1,0,0,0,3
71.7,0,19.4,135.6,83.7,151.1,154.1,0,5.2,8.3,1.4,7.2,67.7,0,1,0,0,0,1,0,0,0,1,0,0,0,0,0,0,0,1,0,0,0,3
67.4,1,27.4,158.0,99.5,152.5,187.6,0,0.7,8.9,2.2,6.1,67.8,0,1,0,0,0,0,0,0,0,1,0,0,0,0,0,0,0,1,0,0,0,3
76.7,0,20.6,142.6,94.5,116.8,172.4,1,2.1,7.3,0.1,6.3,67.5,0,1,0,0,0,0,0,0,0,0,0,0,0,0,0,0,0,1,0,0,0,3
49.5,1,24.6,135.0,82.9,133.6,155.8,1,1.7,7.6,7.6,5.9,84.6,0,1,0,0,0,1,0,0,0,1,0,0,0,0,0,0,0,1,0,0,0,3
60.2,0,23.8,126.0,83.9,123.3,169.0,0,3.9,7.8,3.9,8.6,67.6,0,1,0,0,0,0,0,0,0,1,0,0,0,0,1,0,0,1,0,0,0,3
66.0,1,25.0,147.4,103.9,140.0,163.7,1,3.9,6.8,1.1,6.8,63.9,0,1,0,0,0,1,0,0,0,1,0,0,0,0,1,0,0,1,0,0,0,3
54.5,0,23.1,138.3,98.1,154.9,181.5,0,3.0,5.2,0.8,5.0,80.3,1,1,0,0,0,1,0,0,0,0,0,0,0,0,0,0,0,1,0,0,0,3
64.7,1,29.6,142.1,94.0,139.0,189.5,0,6.0,6.4,0.8,6.9,75.5,0,0,0,0,0,0,0,0,0,1,0,0,0,0,1,0,0,1,0,0,0,3
42.5,1,26.0,161.1,91.5,162.8,184.4,0,6.4,8.0,6.4,7.2,70.5,1,1,0,0,0,1,0,0,0,0,0,0,0,0,1,0,0,1,0,0,0,3
52.9,1,21.1,134.1,75.0,120.3,150.7,0,4.0,7.8,0.9,4.5,73.4,1,1,0,0,0,1,0,0,0,0,0,0,0,0,1,0,0,1,0,0,0,3
69.4,1,22.9,148.0,96.4,125.0,193.9,1,3.4,6.7,1.4,5.6,66.2,0,1,0,0,0,0,0,0,0,1,0,0,0,0,1,0,0,1,0,0,0,3
67.8,0,23.7,134.1,85.8,163.4,196.5,0,3.1,7.3,0.3,9.0,69.1,1,1,0,0,0,0,0,0,0,1,0,0,0,0,0,0,0,1,0,0,0,3
68.5,1,23.3,126.0,92.9,99.1,168.5,1,4.2,7.0,0.3,4.7,65.3,1,0,0,0,0,0,0,0,0,1,0,0,0,0,0,0,0,1,0,0,0,3
62.4,1,24.7,155.4,92.0,98.6,168.1,0,6.3,6.4,6.8,8.0,75.4,0,1,0,0,0,1,0,0,0,1,0,0,0,0,1,0,0,1,0,0,0,3
69.6,0,25.3,152.2,84.7,97.0,163.2,0,4.7,6.7,4.1,6.1,66.6,0,1,0,0,0,1,0,0,0,0,0,0,0,0,0,0,0,1,0,0,0,3
63.1,1,26.0,145.9,93.2,175.0,185.6,0,6.7,7.8,0.2,5.3,65.2,0,1,0,0,0,0,0,0,0,0,0,0,0,0,1,0,0,1,0,0,0,3
54.6,0,25.9,150.5,87.5,137.1,190.0,0,2.3,6.8,2.2,7.5,67.2,0,0,0,0,0,1,0,0,0,1,0,0,0,0,1,0,0,1,0,0,0,3
75.6,0,25.9,161.1,101.1,144.6,145.7,1,3.5,8.1,2.0,6.9,60.6,0,1,0,0,0,0,0,0,0,1,0,0,0,0,1,0,0,0,0,0,0,3
63.1,1,20.9,131.6,94.3,134.2,181.8,0,6.5,7.1,0.1,6.7,73.7,0,0,0,0,0,1,0,0,0,1,0,0,0,0,1,0,0,1,0,0,0,3
69.8,1,22.3,147.1,90.0,92.0,155.1,0,4.9,7.0,3.1,8.3,68.1,0,1,0,0,0,0,0,0,0,0,0,0,0,0,1,0,0,1,0,0,0,3
69.6,1,25.9,135.4,79.7,119.6,193.1,1,4.7,6.7,4.5,6.7,76.3,0,1,0,0,0,0,0,0,0,0,0,0,0,0,0,0,0,1,0,0,0,3
53.0,0,20.6,137.5,97.2,117.6,172.9,0,3.5,7.8,3.0,7.5,70.7,0,1,0,0,0,0,0,0,0,1,0,0,0,0,1,0,0,1,0,0,0,3
50.6,1,21.8,164.0,77.7,143.4,189.1,0,5.4,7.8,0.1,7.1,73.8,1,1,0,0,0,0,0,0,0,1,0,0,0,0,1,0,0,1,0,0,0,3
74.5,1,21.8,140.6,90.7,155.0,181.2,1,3.2,6.6,0.6,6.1,65.2,0,1,0,0,0,1,0,0,0,1,0,0,0,0,1,0,0,1,0,0,0,3
66.2,0,22.2,126.0,96.9,140.0,170.7,0,2.6,7.2,2.7,9.7,76.5,0,0,0,0,0,1,0,0,0,1,0,0,0,0,0,0,0,1,0,0,0,3
53.2,0,23.8,156.6,102.0,115.3,212.8,0,4.1,7.5,0.8,8.0,70.2,0,1,0,0,0,0,0,0,0,0,0,0,0,0,1,0,0,1,0,0,0,3
41.7,1,21.2,140.9,101.9,187.5,156.2,0,3.2,6.3,1.6,7.4,74.3,0,1,0,0,0,1,0,0,0,1,0,0,0,0,0,0,0,1,0,0,0,3
51.7,1,26.4,153.7,88.3,126.9,188.0,1,4.5,9.0,4.7,8.8,60.9,0,1,0,0,0,0,0,0,0,1,0,0,0,0,0,0,0,0,0,0,0,3
75.0,0,23.0,152.9,86.2,114.3,183.0,1,2.2,6.5,1.5,6.3,79.4,0,1,0,0,0,0,0,0,0,1,0,0,0,0,0,0,0,1,0,0,0,3
71.7,0,23.7,180.8,85.3,105.4,174.7,0,3.9,7.8,2.0,4.7,60.3,0,1,0,0,0,0,0,0,0,1,0,0,0,0,1,0,0,1,0,0,0,3
60.7,1,23.3,126.0,91.0,183.2,175.5,0,4.5,6.5,3.0,6.9,72.5,0,1,0,0,0,1,0,0,0,0,0,0,0,0,0,0,0,1,0,0,0,3
78.7,0,29.2,134.1,76.1,122.3,175.9,0,2.1,7.8,0.4,6.8,66.0,0,1,0,0,0,1,0,0,0,0,0,0,0,0,1,0,0,1,0,0,0,3
81.0,1,27.0,152.0,93.8,167.9,152.8,1,3.6,5.3,2.5,6.8,76.2,0,1,0,0,0,0,0,0,0,1,0,0,0,0,0,0,0,1,0,0,0,3
55.8,1,28.9,164.9,79.9,157.4,169.2,0,5.8,6.0,2.1,9.0,69.5,0,1,0,0,0,0,0,0,0,1,0,0,0,0,0,0,0,0,0,0,0,3
54.9,0,23.9,153.8,82.6,98.8,172.6,0,1.9,6.9,2.1,6.0,59.7,1,1,0,0,0,0,0,0,0,1,0,0,0,0,0,0,0,1,0,0,0,3
68.3,1,24.2,152.2,103.3,106.7,190.3,0,8.3,8.0,5.0,6.4,71.7,0,1,0,0,0,0,0,0,0,1,0,0,0,0,1,0,0,1,0,0,0,3
65.5,1,27.0,146.0,108.0,92.0,203.8,0,3.3,7.7,0.3,8.5,77.6,0,1,0,0,0,0,0,0,0,1,0,0,0,0,1,0,0,1,0,0,0,3
60.3,0,26.4,135.0,81.5,162.9,190.9,1,6.5,6.2,0.3,6.4,68.0,0,1,0,0,0,0,0,0,0,0,0,0,0,0,0,0,0,0,0,0,0,3
66.8,0,26.0,149.9,87.0,96.6,187.3,0,0.0,7.7,0.8,10.1,85.9,0,1,0,0,0,1,0,0,0,1,0,0,0,0,0,0,0,1,0,0,0,3
63.3,0,24.6,135.7,81.0,92.0,209.7,0,5.5,5.6,2.2,7.9,78.2,0,1,0,0,0,0,0,0,0,1,0,0,0,0,1,0,0,1,0,0,0,3
61.9,1,23.7,162.5,100.0,143.5,146.4,0,4.8,7.0,0.7,6.2,82.8,0,0,0,0,0,1,0,0,0,1,0,0,0,0,1,0,0,0,0,0,0,3
66.6,1,24.7,144.4,98.3,155.7,215.3,0,5.2,6.8,1.1,7.8,74.8,0,1,0,0,0,0,0,0,0,0,0,0,0,0,1,0,0,1,0,0,0,3
70.8,1,21.5,141.7,80.3,143.1,201.2,1,4.2,8.5,2.2,5.5,79.1,0,1,0,0,0,0,0,0,0,0,0,0,0,0,1,0,0,1,0,0,0,3
64.9,0,23.8,126.0,87.5,146.5,206.8,0,2.8,6.5,1.2,7.2,74.5,0,1,0,0,0,0,0,0,0,0,0,0,0,0,1,0,0,1,0,0,0,3
73.0,0,25.7,132.0,85.8,156.3,167.2,0,6.5,7.2,0.0,7.0,72.4,0,1,0,0,0,0,0,0,0,1,0,0,0,0,1,0,0,1,0,0,0,3
69.1,0,25.8,171.8,83.9,168.1,178.1,0,5.8,7.1,0.7,6.2,76.1,0,1,0,0,0,0,0,0,0,1,0,0,0,0,0,0,0,1,0,0,0,3
61.1,1,22.7,163.5,79.2,92.0,217.5,0,3.2,6.9,1.2,6.8,74.3,0,1,0,0,0,1,0,0,0,1,0,0,0,0,1,0,0,1,0,0,0,3
71.1,1,27.0,148.8,93.4,131.5,132.4,0,5.2,6.7,0.5,6.0,74.7,0,1,0,0,0,0,0,0,0,1,0,0,0,0,0,0,0,1,0,0,0,3
60.2,0,27.7,145.7,92.9,138.2,171.9,1,4.8,7.1,0.5,7.6,65.1,1,1,0,0,0,0,0,0,0,0,0,0,0,0,0,0,0,1,0,0,0,3
78.9,1,25.0,163.8,82.9,117.6,187.0,1,3.7,6.7,3.9,7.8,70.3,0,1,0,0,0,0,0,0,0,1,0,0,0,0,0,0,0,1,0,0,0,3
59.1,0,26.5,146.3,109.9,115.3,165.0,0,1.8,7.7,1.2,3.7,65.5,0,1,0,0,0,1,0,0,0,0,0,0,0,0,1,0,0,1,0,0,0,3
57.4,0,23.6,152.9,84.6,157.0,148.6,0,3.9,7.2,1.8,7.9,68.5,0,1,0,0,0,0,0,0,0,0,0,0,0,0,0,0,0,1,0,0,0,3
67.2,0,20.6,138.6,90.0,164.4,186.6,1,2.7,6.4,2.1,5.5,79.1,0,0,0,0,0,1,0,0,0,1,0,0,0,0,1,0,0,0,0,0,0,3
54.3,1,26.7,163.2,94.6,135.3,187.2,0,3.6,8.1,3.2,7.3,66.3,0,1,0,0,0,1,0,0,0,1,0,0,0,0,1,0,0,1,0,0,0,3
74.5,1,27.1,141.7,103.4,92.0,185.5,0,5.4,6.5,10.6,5.7,70.2,0,1,0,0,0,1,0,0,0,1,0,0,0,0,1,0,0,1,0,0,0,3
58.0,1,23.2,146.7,101.8,111.6,200.7,0,2.1,7.7,8.7,7.6,78.3,0,1,0,0,0,1,0,0,0,1,0,0,0,0,0,0,0,1,0,0,0,3
75.0,0,17.7,126.3,85.4,156.7,176.5,1,6.5,7.7,2.9,5.4,76.5,1,1,0,0,0,1,0,0,0,1,0,0,0,0,1,0,0,1,0,0,0,3
66.1,0,24.9,163.5,99.2,159.1,183.6,1,0.5,6.5,0.9,4.8,65.9,0,1,0,0,0,1,0,0,0,1,0,0,0,0,0,0,0,1,0,0,0,3
52.3,1,23.6,128.1,90.9,133.9,197.5,0,3.2,5.6,4.9,10.5,67.8,0,0,0,0,0,1,0,0,0,1,0,0,0,0,0,0,0,1,0,0,0,3
66.5,0,20.1,161.3,89.5,136.6,190.9,0,4.0,7.2,2.3,5.4,70.0,0,1,0,0,0,1,0,0,0,0,0,0,0,0,0,0,0,1,0,0,0,3
63.5,1,21.1,149.1,95.2,138.0,165.8,0,3.0,5.2,4.6,6.9,61.0,0,1,0,0,0,1,0,0,0,1,0,0,0,0,1,0,0,1,0,0,0,3
58.8,1,22.4,149.0,87.8,120.4,182.2,1,4.5,6.8,0.6,6.1,65.9,0,1,0,0,0,0,0,0,0,1,0,0,0,0,0,0,0,1,0,0,0,3
42.7,0,24.3,167.3,100.8,125.6,157.2,0,2.4,6.6,1.9,6.3,73.1,1,1,0,0,0,1,0,0,0,1,0,0,0,0,0,0,0,0,0,0,0,3
51.5,1,18.7,172.0,78.1,139.6,177.9,0,4.0,8.1,1.7,7.4,76.7,0,1,0,0,0,1,0,0,0,1,0,0,0,0,0,0,0,1,0,0,0,3
72.8,0,19.9,170.8,88.8,113.0,158.7,0,3.0,7.3,3.3,7.2,77.6,0,0,0,0,0,0,0,0,0,1,0,0,0,0,1,0,0,1,0,0,0,3
69.4,1,23.3,148.1,79.8,133.0,153.5,1,1.1,6.0,1.0,6.5,73.7,0,1,0,0,0,0,0,0,0,1,0,0,0,0,1,0,0,1,0,0,0,3
62.8,1,23.2,134.3,96.0,176.7,177.1,0,5.5,7.6,3.8,6.0,78.2,0,1,0,0,0,0,0,0,0,0,0,0,0,0,1,0,0,1,0,0,0,3
60.8,1,21.6,139.3,79.7,150.3,179.3,0,3.7,6.9,0.6,5.2,68.6,1,1,0,0,0,1,0,0,0,0,0,0,0,0,0,0,0,1,0,0,0,3
56.3,1,23.9,161.6,91.7,172.1,184.0,0,2.1,5.7,2.7,8.5,60.7,0,0,0,0,0,1,0,0,0,1,0,0,0,0,0,0,0,1,0,0,0,3
52.9,0,24.7,187.5,79.6,151.4,174.4,0,4.5,7.1,4.1,7.8,68.1,0,1,0,0,0,1,0,0,0,1,0,0,0,0,1,0,0,1,0,0,0,3
73.4,1,25.5,129.2,90.7,116.0,208.6,0,3.2,7.4,3.1,6.7,70.5,0,1,0,0,0,0,0,0,0,0,0,0,0,0,0,0,0,1,0,0,0,3
61.6,0,19.4,151.9,95.4,144.8,180.5,0,4.6,7.7,0.2,8.1,74.5,0,0,0,0,0,0,0,0,0,1,0,0,0,0,1,0,0,1,0,0,0,3
63.5,0,21.3,166.1,85.6,124.9,141.6,0,3.2,7.9,3.1,4.8,51.4,0,1,0,0,0,0,0,0,0,0,0,0,0,0,0,0,0,1,0,0,0,3
46.1,0,24.0,128.1,90.7,150.5,174.2,0,5.1,5.8,2.5,7.5,62.7,1,1,0,0,0,1,0,0,0,1,0,0,0,0,1,0,0,1,0,0,0,3
75.0,1,27.3,127.4,95.4,172.9,158.5,1,4.5,7.2,0.2,7.9,78.8,0,1,0,0,0,1,0,0,0,0,0,0,0,0,0,0,0,1,0,0,0,3
67.4,1,26.3,166.7,95.3,131.3,173.6,0,0.2,6.8,0.7,6.8,52.2,0,1,0,0,0,1,0,0,0,1,0,0,0,0,1,0,0,1,0,0,0,3
67.3,1,20.5,126.0,86.8,92.0,168.5,1,4.6,7.5,4.1,7.0,68.5,0,0,0,0,0,0,0,0,0,0,0,0,0,0,1,0,0,1,0,0,0,3
58.6,1,20.5,129.6,75.7,92.0,192.4,0,5.9,7.5,0.0,7.2,64.9,0,1,0,0,0,0,0,0,0,0,0,0,0,0,1,0,0,1,0,0,0,3
58.1,0,23.7,179.5,98.8,160.0,164.0,1,5.8,5.4,0.7,7.9,80.7,0,1,0,0,0,1,0,0,0,1,0,0,0,0,1,0,0,1,0,0,0,3
73.9,0,25.2,139.5,80.8,128.9,181.6,0,0.9,8.6,0.6,5.3,71.4,0,1,0,0,0,0,0,0,0,0,0,0,0,0,0,0,0,0,0,0,0,3
59.1,0,22.7,130.7,97.8,92.0,200.7,0,3.9,9.3,3.7,4.0,75.8,0,1,0,0,0,1,0,0,0,1,0,0,0,0,1,0,0,1,0,0,0,3
64.5,0,30.8,145.6,98.2,92.0,181.5,0,3.8,7.4,0.9,7.8,81.0,0,1,0,0,0,1,0,0,0,0,0,0,0,0,1,0,0,1,0,0,0,3
55.4,0,22.5,126.0,100.2,142.6,179.6,0,4.3,7.1,1.3,6.9,77.7,0,1,0,0,0,1,0,0,0,0,0,0,0,0,1,0,0,1,0,0,0,3
66.3,0,18.7,137.9,83.6,92.0,203.4,1,2.7,9.1,1.2,6.8,81.9,0,1,0,0,0,1,0,0,0,0,0,0,0,0,1,0,0,1,0,0,0,3
70.9,0,21.6,148.3,99.7,127.9,173.5,0,3.5,7.1,2.4,6.0,64.6,0,1,0,0,0,1,0,0,0,1,0,0,0,0,0,0,0,1,0,0,0,3
58.6,1,27.0,168.0,91.1,108.0,199.6,1,4.0,6.6,3.7,3.7,75.9,0,1,0,0,0,1,0,0,0,1,0,0,0,0,1,0,0,1,0,0,0,3
60.7,0,24.0,161.3,78.4,142.8,144.1,1,1.5,5.8,1.3,6.1,64.6,0,1,0,0,0,1,0,0,0,0,0,0,0,0,0,0,0,1,0,0,0,3
79.1,0,26.2,149.1,92.6,173.0,181.5,0,5.4,6.4,0.5,6.8,67.1,0,1,0,0,0,1,0,0,0,1,0,0,0,0,1,0,0,1,0,0,0,3
55.6,1,21.8,140.4,86.5,142.3,185.6,0,4.6,8.5,0.0,4.9,65.1,1,1,0,0,0,1,0,0,0,1,0,0,0,0,0,0,0,1,0,0,0,3
79.9,0,25.4,151.3,85.3,136.1,186.3,1,1.7,6.4,6.6,6.4,67.0,0,1,0,0,0,0,0,0,0,1,0,0,0,0,1,0,0,1,0,0,0,3
58.0,0,25.0,135.9,92.2,105.0,185.4,1,4.3,6.4,2.7,7.0,55.7,0,1,0,0,0,0,0,0,0,0,0,0,0,0,0,0,0,1,0,0,0,3
53.5,1,24.0,158.3,86.8,136.4,188.0,0,1.0,7.1,4.8,7.5,68.6,0,1,0,0,0,0,0,0,0,1,0,0,0,0,0,0,0,0,0,0,0,3
57.2,0,24.0,135.0,83.9,149.2,182.6,0,4.5,8.0,3.1,7.3,73.8,0,1,0,0,0,0,0,0,0,1,0,0,0,0,0,0,0,1,0,0,0,3
62.8,1,19.0,161.7,89.8,137.2,171.7,0,5.2,7.0,1.7,6.7,71.9,0,1,0,0,0,1,0,0,0,1,0,0,0,0,1,0,0,1,0,0,0,3
70.8,1,21.5,126.0,96.4,92.0,142.1,1,4.2,8.0,0.8,8.3,71.5,0,1,0,0,0,1,0,0,0,1,0,0,0,0,0,0,0,1,0,0,0,3
64.0,1,22.4,141.0,76.3,120.7,175.5,1,6.7,8.0,5.4,6.2,72.0,1,1,0,0,0,1,0,0,0,1,0,0,0,0,0,0,0,0,0,0,0,3
71.4,1,17.8,153.8,94.7,141.6,185.2,1,1.5,6.6,0.2,6.3,65.0,1,1,0,0,0,0,0,0,0,0,0,0,0,0,1,0,0,1,0,0,0,3
64.9,0,21.4,184.8,86.7,128.9,216.2,1,1.5,6.7,5.9,6.9,76.4,0,1,0,0,0,0,0,0,0,0,0,0,0,0,0,0,0,1,0,0,0,3
61.1,0,23.0,157.8,92.8,147.0,149.8,0,0.9,8.2,1.3,4.1,70.9,0,1,0,0,0,0,0,0,0,1,0,0,0,0,1,0,0,1,0,0,0,3
51.7,1,23.4,140.2,81.4,139.7,186.3,1,6.2,7.9,6.1,4.0,66.9,0,1,0,0,0,0,0,0,0,1,0,0,0,0,0,0,0,1,0,0,0,3
68.0,0,29.2,145.8,98.9,129.8,208.6,0,1.2,6.2,4.4,7.2,68.8,0,1,0,0,0,1,0,0,0,0,0,0,0,0,0,0,0,1,0,0,0,3
65.1,0,25.6,135.4,78.9,157.1,182.6,0,3.2,5.7,2.1,6.4,70.9,0,1,0,0,0,1,0,0,0,1,0,0,0,0,0,0,0,1,0,0,0,3
58.5,0,21.9,147.9,88.7,174.1,177.3,0,4.7,8.2,2.2,6.9,70.0,0,1,0,0,0,0,0,0,0,1,0,0,0,0,0,0,0,1,0,0,0,3
60.0,1,25.0,149.0,86.3,92.0,186.5,0,5.9,7.6,0.9,4.2,76.0,0,1,0,0,0,1,0,0,0,1,0,0,0,0,0,0,0,1,0,0,0,3
60.2,1,21.9,142.6,94.9,105.3,175.6,0,4.8,6.2,0.4,6.9,64.7,0,1,0,0,0,0,0,0,0,1,0,0,0,0,0,0,0,1,0,0,0,3
73.8,0,25.8,138.8,76.1,210.0,205.6,0,4.9,7.9,0.9,8.2,72.3,0,1,0,0,0,0,0,0,0,1,0,0,0,0,0,0,0,1,0,0,0,3
62.7,1,25.7,142.6,91.0,119.1,159.2,0,4.0,6.8,0.6,6.7,77.6,0,1,0,0,0,1,0,0,0,0,0,0,0,0,1,0,0,1,0,0,0,3
61.1,1,19.8,162.3,90.3,122.0,185.0,1,3.1,9.6,1.2,6.2,69.4,0,1,0,0,0,0,0,0,0,1,0,0,0,0,1,0,0,1,0,0,0,3
48.5,0,26.7,152.6,83.3,150.4,186.3,0,1.8,6.3,3.2,6.3,65.0,0,1,0,0,0,0,0,0,0,1,0,0,0,0,0,0,0,1,0,0,0,3
64.1,0,27.7,170.4,95.4,124.5,161.2,0,3.4,6.9,0.8,6.0,63.0,0,0,0,0,0,1,0,0,0,1,0,0,0,0,1,0,0,1,0,0,0,3
52.4,0,17.3,153.0,96.0,100.3,123.3,0,3.7,7.6,0.1,8.0,84.5,0,1,0,0,0,0,0,0,0,0,0,0,0,0,1,0,0,1,0,0,0,3
66.2,1,25.4,149.8,86.6,198.5,156.3,0,1.7,7.6,4.7,7.3,72.0,0,1,0,0,0,0,0,0,0,1,0,0,0,0,1,0,0,1,0,0,0,3
49.3,0,24.6,139.6,81.6,113.6,167.0,0,5.1,7.3,5.4,6.4,67.8,0,1,0,0,0,1,0,0,0,1,0,0,0,0,1,0,0,1,0,0,0,3
58.8,1,22.1,140.6,89.7,210.0,184.8,0,5.1,8.2,4.9,6.4,72.1,0,1,0,0,0,0,0,0,0,0,0,0,0,0,1,0,0,1,0,0,0,3
53.1,0,20.4,127.7,89.1,114.8,178.9,0,3.0,6.4,0.1,8.2,62.5,0,1,0,0,0,0,0,0,0,1,0,0,0,0,1,0,0,0,0,0,0,3
54.8,0,18.9,147.9,79.3,160.2,187.6,0,2.1,7.7,4.2,9.4,76.9,0,1,0,0,0,1,0,0,0,1,0,0,0,0,0,0,0,1,0,0,0,3
63.0,0,21.6,161.1,88.6,129.1,149.6,0,3.6,7.0,1.8,6.3,63.8,0,1,0,0,0,0,0,0,0,1,0,0,0,0,0,0,0,1,0,0,0,3
75.9,1,22.8,166.1,91.5,130.7,170.3,0,3.1,8.1,1.2,7.2,68.3,1,1,0,0,0,0,0,0,0,1,0,0,0,0,0,0,0,0,0,0,0,3
66.7,0,27.5,134.7,95.4,136.8,167.4,1,1.2,6.8,6.5,4.7,78.8,0,1,0,0,0,0,0,0,0,1,0,0,0,0,0,0,0,1,0,0,0,3
57.6,0,24.8,130.2,98.2,102.9,171.5,0,3.1,7.7,1.5,7.5,69.6,0,0,0,0,0,0,0,0,0,1,0,0,0,0,1,0,0,0,0,0,0,3
65.8,0,22.8,139.8,98.9,121.5,219.8,0,3.3,6.4,5.3,6.4,79.8,0,1,0,0,0,0,0,0,0,1,0,0,0,0,1,0,0,1,0,0,0,3
57.7,0,24.9,126.0,110.7,129.1,159.3,0,3.2,7.0,1.5,9.3,64.8,0,1,0,0,0,1,0,0,0,1,0,0,0,0,0,0,0,1,0,0,0,3
61.0,0,26.0,158.8,92.8,134.3,201.3,1,5.2,7.5,2.9,7.8,66.4,0,0,0,0,0,1,0,0,0,1,0,0,0,0,0,0,0,1,0,0,0,3
70.5,1,19.3,172.2,89.6,146.2,186.3,0,6.8,8.0,0.4,7.3,70.5,0,1,0,0,0,0,0,0,0,1,0,0,0,0,1,0,0,1,0,0,0,3
63.2,1,18.4,130.4,87.0,150.0,172.5,0,6.6,7.0,1.7,8.2,80.8,0,0,0,0,0,0,0,0,0,0,0,0,0,0,1,0,0,1,0,0,0,3
84.0,1,24.1,152.5,75.8,122.6,175.7,0,4.0,7.2,2.4,5.6,80.0,0,1,0,0,0,0,0,0,0,0,0,0,0,0,1,0,0,1,0,0,0,3
65.9,0,19.7,147.7,102.6,117.5,181.1,1,3.7,8.2,2.3,7.9,70.5,0,0,0,0,0,0,0,0,0,1,0,0,0,0,1,0,0,1,0,0,0,3
65.3,1,23.4,148.0,75.0,121.7,168.4,1,2.6,7.4,0.6,2.0,65.2,0,1,0,0,0,0,0,0,0,1,0,0,0,0,0,0,0,1,0,0,0,3
80.3,0,22.4,153.0,95.1,108.7,154.3,0,2.1,6.8,1.3,5.5,71.0,0,1,0,0,0,1,0,0,0,1,0,0,0,0,0,0,0,1,0,0,0,3
70.4,0,23.2,150.9,75.0,92.0,213.3,0,4.3,8.9,0.6,5.4,74.5,0,1,0,0,0,0,0,0,0,0,0,0,0,0,1,0,0,1,0,0,0,3
65.1,1,20.4,165.3,94.8,188.8,198.9,0,3.6,7.3,2.3,7.7,57.7,0,1,0,0,0,0,0,0,0,0,0,0,0,0,0,0,0,1,0,0,0,3
55.6,0,18.6,139.2,88.0,109.5,162.0,0,2.8,6.9,2.9,7.6,75.5,0,0,0,0,0,1,0,0,0,0,0,0,0,0,1,0,0,1,0,0,0,3
47.7,0,28.1,152.7,100.9,92.0,158.1,1,3.9,7.5,1.2,7.1,83.4,0,1,0,0,0,1,0,0,0,1,0,0,0,0,1,0,0,1,0,0,0,3
64.6,0,22.2,157.8,83.4,115.1,183.7,0,6.3,7.4,4.5,5.7,73.0,1,1,0,0,0,0,0,0,0,0,0,0,0,0,0,0,0,1,0,0,0,3
57.5,1,24.0,156.0,80.2,134.6,181.7,1,1.7,7.9,2.5,8.3,84.6,0,1,0,0,0,0,0,0,0,1,0,0,0,0,0,0,0,1,0,0,0,3
62.7,0,19.9,193.5,76.1,147.0,165.2,1,4.3,6.6,2.2,7.2,92.1,0,1,0,0,0,0,0,0,0,0,0,0,0,0,1,0,0,1,0,0,0,3
58.9,1,19.1,136.7,99.9,116.0,171.4,0,1.6,8.0,0.4,6.5,68.9,1,1,0,0,0,0,0,0,0,1,0,0,0,0,1,0,0,1,0,0,0,3
64.4,1,25.3,143.9,82.1,125.3,172.6,0,4.8,7.9,1.4,6.3,65.4,0,1,0,0,0,1,0,0,0,1,0,0,0,0,0,0,0,1,0,0,0,3
47.0,0,24.2,164.6,88.0,92.0,183.2,0,3.7,6.0,9.2,6.3,76.9,0,1,0,0,0,1,0,0,0,0,0,0,0,0,1,0,0,1,0,0,0,3
73.7,1,22.3,146.7,94.6,155.1,206.1,0,4.3,7.9,10.2,6.7,81.1,0,0,0,0,0,1,0,0,0,0,0,0,0,0,1,0,0,1,0,0,0,3
77.4,0,21.3,168.0,96.6,131.4,217.7,0,2.5,7.1,0.9,5.0,81.2,0,1,0,0,0,0,0,0,0,1,0,0,0,0,1,0,0,1,0,0,0,3
57.2,1,24.2,143.9,110.3,121.0,163.4,0,0.7,8.9,5.0,3.2,67.5,0,1,0,0,0,0,0,0,0,0,0,0,0,0,1,0,0,1,0,0,0,3
61.7,1,24.5,138.8,89.5,128.1,179.1,0,3.7,7.6,2.3,5.4,67.3,0,1,0,0,0,0,0,0,0,1,0,0,0,0,1,0,0,1,0,0,0,3
70.9,0,20.7,155.1,105.2,137.4,171.2,0,4.0,8.6,6.7,5.5,72.3,0,1,0,0,0,0,0,0,0,1,0,0,0,0,1,0,0,0,0,0,0,3
55.0,0,27.0,159.1,88.8,92.0,175.3,0,6.8,7.5,0.2,5.4,73.7,0,0,0,0,0,0,0,0,0,0,0,0,0,0,1,0,0,1,0,0,0,3
63.5,1,20.7,130.0,89.6,169.5,169.8,0,3.3,5.8,2.4,8.7,58.9,0,1,0,0,0,0,0,0,0,0,0,0,0,0,1,0,0,1,0,0,0,3
72.4,0,23.6,140.9,96.1,114.6,181.5,0,4.4,6.3,1.9,7.7,74.0,0,1,0,0,0,0,0,0,0,1,0,0,0,0,0,0,0,1,0,0,0,3
63.5,0,26.5,141.2,86.5,92.0,160.2,1,4.0,7.0,3.6,6.1,79.1,0,1,0,0,0,0,0,0,0,1,0,0,0,0,1,0,0,1,0,0,0,3
49.1,1,21.5,133.7,80.7,119.0,161.6,0,2.8,6.4,3.4,8.9,65.5,0,1,0,0,0,1,0,0,0,1,0,0,0,0,0,0,0,1,0,0,0,3
63.6,0,23.8,148.3,77.1,119.0,198.4,1,3.2,7.5,0.8,3.9,68.7,0,1,0,0,0,1,0,0,0,0,0,0,0,0,1,0,0,1,0,0,0,3
66.3,1,24.6,126.9,85.6,118.4,162.9,1,3.3,5.8,7.0,5.9,78.0,0,1,0,0,0,0,0,0,0,1,0,0,0,0,1,0,0,1,0,0,0,3
83.6,1,24.3,141.4,95.3,92.0,173.2,1,2.4,7.6,0.2,6.7,65.7,0,1,0,0,0,0,0,0,0,1,0,0,0,0,1,0,0,1,0,0,0,3
56.3,0,24.9,147.7,102.6,140.4,169.7,0,3.1,6.3,0.6,6.8,72.0,1,0,0,0,0,0,0,0,0,1,0,0,0,0,1,0,0,0,0,0,0,3
84.0,1,24.4,132.5,104.3,121.4,192.3,0,5.9,8.4,1.4,5.6,75.3,0,1,0,0,0,1,0,0,0,1,0,0,0,0,0,0,0,1,0,0,0,3
65.2,1,18.5,145.1,84.7,96.8,174.8,0,0.3,7.4,3.0,6.9,66.5,0,0,0,0,0,1,0,0,0,1,0,0,0,0,1,0,0,1,0,0,0,3
73.5,1,23.9,129.6,80.5,105.2,147.6,0,3.9,9.4,1.1,5.0,82.0,0,0,0,0,0,1,0,0,0,0,0,0,0,0,0,0,0,1,0,0,0,3
59.7,1,24.8,134.8,94.5,145.1,180.4,0,4.7,8.9,0.9,6.0,62.3,0,1,0,0,0,0,0,0,0,1,0,0,0,0,1,0,0,1,0,0,0,3
69.4,1,21.5,160.3,85.8,163.3,159.5,1,2.9,6.6,0.4,8.0,69.9,0,1,0,0,0,0,0,0,0,1,0,0,0,0,1,0,0,1,0,0,0,3
48.5,1,23.5,129.3,99.4,140.3,182.4,0,3.5,7.9,7.8,8.4,83.9,0,1,0,0,0,1,0,0,0,1,0,0,0,0,1,0,0,1,0,0,0,3
73.4,0,21.6,156.8,99.4,144.8,191.8,0,4.8,7.3,2.4,7.7,71.5,0,1,0,0,0,0,0,0,0,1,0,0,0,0,0,0,0,1,0,0,0,3
54.0,1,24.0,180.6,101.0,186.1,178.6,0,2.5,6.7,0.6,4.9,73.0,0,1,0,0,0,0,0,0,0,0,0,0,0,0,0,0,0,1,0,0,0,3
62.9,0,25.1,135.0,86.3,132.3,193.1,0,4.8,6.2,1.3,4.7,68.9,1,1,0,0,0,0,0,0,0,1,0,0,0,0,0,0,0,1,0,0,0,3
58.8,0,25.2,147.2,84.1,134.6,183.2,0,1.6,6.8,3.5,6.6,71.6,0,1,0,0,0,0,0,0,0,1,0,0,0,0,0,0,0,1,0,0,0,3
58.8,0,21.8,150.9,91.6,101.7,158.7,1,3.4,8.5,4.4,9.7,78.3,0,1,0,0,0,0,0,0,0,1,0,0,0,0,0,0,0,1,0,0,0,3
62.2,0,22.1,132.8,100.8,154.1,206.2,0,4.9,8.2,2.2,4.9,77.4,0,0,0,0,0,0,0,0,0,0,0,0,0,0,1,0,0,1,0,0,0,3
74.7,0,22.8,145.0,81.8,160.3,165.7,1,6.8,7.3,0.2,5.1,80.7,0,1,0,0,0,0,0,0,0,1,0,0,0,0,0,0,0,1,0,0,0,3
80.8,0,24.0,165.7,101.2,201.1,191.0,0,4.6,7.7,0.4,3.7,69.0,0,1,0,0,0,1,0,0,0,0,0,0,0,0,0,0,0,1,0,0,0,3
68.5,0,25.2,167.4,111.9,113.8,178.8,0,5.0,8.2,2.9,6.7,72.1,0,0,0,0,0,1,0,0,0,1,0,0,0,0,1,0,0,0,0,0,0,3
68.1,0,24.0,176.6,83.4,130.3,204.9,0,4.3,7.0,1.0,4.9,65.8,0,1,0,0,0,0,0,0,0,0,0,0,0,0,1,0,0,1,0,0,0,3
54.8,1,26.6,135.4,83.8,138.2,184.9,0,4.6,8.2,3.7,6.2,81.0,0,1,0,0,0,0,0,0,0,1,0,0,0,0,1,0,0,1,0,0,0,3
57.6,0,25.7,156.1,83.8,92.0,178.8,0,5.3,6.2,0.8,5.5,60.0,0,1,0,0,0,0,0,0,0,1,0,0,0,0,0,0,0,1,0,0,0,3
78.2,1,18.9,134.7,107.1,146.2,192.1,0,2.5,7.8,4.4,7.1,72.7,0,1,0,0,0,0,0,0,0,0,0,0,0,0,1,0,0,1,0,0,0,3
77.9,1,25.7,170.9,96.6,149.0,172.8,0,4.0,7.1,0.1,9.4,69.9,1,0,0,0,0,0,0,0,0,0,0,0,0,0,0,0,0,1,0,0,0,3
71.3,0,27.3,181.4,89.2,114.5,179.3,1,1.5,6.5,2.7,7.7,67.1,0,0,0,0,0,1,0,0,0,1,0,0,0,0,0,0,0,1,0,0,0,3
56.8,0,22.2,137.1,84.4,152.3,163.7,1,4.6,8.3,0.2,6.6,67.8,0,1,0,0,0,0,0,0,0,1,0,0,0,0,1,0,0,0,0,0,0,3
55.1,1,22.4,147.8,90.1,181.6,186.2,0,4.8,7.8,1.8,6.1,66.1,0,1,0,0,0,0,0,0,0,1,0,0,0,0,0,0,0,1,0,0,0,3
52.3,1,23.6,189.0,96.3,135.6,201.3,0,2.9,8.0,7.6,6.8,71.0,0,1,0,0,0,1,0,0,0,1,0,0,0,0,1,0,0,1,0,0,0,3
48.1,1,22.4,160.1,96.2,192.6,170.0,1,3.5,7.1,1.6,5.3,73.5,0,1,0,0,0,0,0,0,0,1,0,0,0,0,1,0,0,1,0,0,0,3
58.3,1,26.9,133.9,84.8,173.1,196.3,1,5.4,4.9,2.4,8.6,62.0,0,1,0,0,0,1,0,0,0,1,0,0,0,0,0,0,0,1,0,0,0,3
65.2,1,23.1,160.7,96.3,92.0,194.7,0,7.8,5.9,2.9,8.2,77.8,0,1,0,0,0,0,0,0,0,1,0,0,0,0,0,0,0,1,0,0,0,3
76.2,1,22.7,173.7,100.7,148.5,175.2,0,2.5,6.3,0.7,7.5,69.5,0,1,0,0,0,1,0,0,0,1,0,0,0,0,1,0,0,1,0,0,0,3
75.6,0,25.6,179.8,104.4,122.8,189.1,0,2.7,6.9,0.8,9.1,68.2,0,1,0,0,0,0,0,0,0,0,0,0,0,0,1,0,0,1,0,0,0,3
70.7,0,22.1,169.2,83.7,130.7,187.9,1,2.3,6.9,1.0,6.4,68.5,0,0,0,0,0,0,0,0,0,1,0,0,0,0,1,0,0,1,0,0,0,3
83.6,0,21.8,126.9,77.7,174.8,178.2,0,2.7,7.5,5.3,9.0,64.0,0,1,0,0,0,0,0,0,0,0,0,0,0,0,0,0,0,1,0,0,0,3
65.9,0,25.9,149.5,97.1,101.8,179.4,0,3.8,8.1,3.9,9.5,73.9,1,0,0,0,0,0,0,0,0,1,0,0,0,0,0,0,0,1,0,0,0,3
57.8,1,17.0,148.4,96.7,153.8,201.2,0,6.1,8.0,1.9,7.0,72.6,0,0,0,0,0,1,0,0,0,0,0,0,0,0,1,0,0,1,0,0,0,3
64.9,0,23.7,176.6,91.9,140.0,138.3,1,5.5,5.4,3.5,7.1,69.2,0,1,0,0,0,1,0,0,0,1,0,0,0,0,1,0,0,1,0,0,0,3
53.6,0,22.6,179.5,93.1,163.6,184.5,1,4.7,4.6,0.9,7.1,88.3,1,1,0,0,0,0,0,0,0,0,0,0,0,0,1,0,0,1,0,0,0,3
72.9,0,18.9,164.7,94.1,129.6,172.9,0,5.4,6.7,0.5,8.0,66.4,0,1,0,0,0,0,0,0,0,0,0,0,0,0,1,0,0,1,0,0,0,3
58.6,1,23.5,126.0,109.0,163.4,163.9,0,4.8,6.7,0.7,6.2,69.6,0,1,0,0,0,1,0,0,0,1,0,0,0,0,1,0,0,1,0,0,0,3
73.7,0,20.7,126.0,93.4,137.4,188.1,0,2.3,8.1,1.3,7.5,74.2,1,1,0,0,0,0,0,0,0,1,0,0,0,0,0,0,0,1,0,0,0,3
71.8,0,20.7,161.6,80.4,167.8,159.1,0,2.8,7.9,1.1,7.3,83.4,1,1,0,0,0,0,0,0,0,1,0,0,0,0,1,0,0,1,0,0,0,3
57.8,1,24.9,142.1,90.3,149.2,205.4,0,2.9,7.9,4.8,6.9,72.5,0,1,0,0,0,0,0,0,0,1,0,0,0,0,0,0,0,1,0,0,0,3
67.7,1,25.9,134.3,94.2,116.8,157.6,0,8.8,6.5,0.7,7.4,72.2,0,0,0,0,0,0,0,0,0,0,0,0,0,0,0,0,0,1,0,0,0,3
51.9,0,16.9,161.8,86.5,145.3,189.0,0,4.0,8.1,8.9,6.2,64.7,0,1,0,0,0,0,0,0,0,1,0,0,0,0,1,0,0,1,0,0,0,3
70.7,0,25.2,145.4,84.3,138.7,161.9,0,3.6,5.9,1.0,7.8,73.2,0,1,0,0,0,1,0,0,0,1,0,0,0,0,1,0,0,1,0,0,0,3
69.8,1,22.1,126.0,75.0,134.7,200.4,0,2.7,7.8,0.2,7.8,67.6,0,1,0,0,0,1,0,0,0,0,0,0,0,0,0,0,0,1,0,0,0,3
55.6,0,20.2,128.8,92.0,139.1,191.7,0,2.7,7.3,0.2,7.6,81.2,0,1,0,0,0,0,0,0,0,1,0,0,0,0,0,0,0,1,0,0,0,3
69.5,0,26.1,138.7,89.0,129.4,218.0,0,2.4,9.2,1.5,6.8,68.1,0,1,0,0,0,1,0,0,0,1,0,0,0,0,1,0,0,0,0,0,0,3
71.4,1,23.7,156.2,87.0,137.4,181.0,0,5.9,8.3,0.0,5.8,68.2,0,0,0,0,0,0,0,0,0,1,0,0,0,0,1,0,0,1,0,0,0,3
60.2,0,21.0,129.7,76.0,128.7,186.9,0,5.9,6.9,7.5,6.6,67.8,0,1,0,0,0,1,0,0,0,1,0,0,0,0,1,0,0,1,0,0,0,3
75.3,1,22.6,158.1,92.1,156.4,177.0,0,0.9,7.0,6.1,6.9,81.5,0,1,0,0,0,1,0,0,0,1,0,0,0,0,1,0,0,1,0,0,0,3
71.9,0,19.2,138.0,78.5,115.3,147.6,0,3.3,8.5,4.1,5.3,70.3,0,0,0,0,0,1,0,0,0,1,0,0,0,0,0,0,0,1,0,0,0,3
51.8,0,23.3,147.8,79.5,129.4,194.3,0,2.8,8.0,0.8,5.9,68.1,0,1,0,0,0,0,0,0,0,0,0,0,0,0,1,0,0,1,0,0,0,3
66.6,1,23.8,172.8,100.8,126.7,187.2,0,5.8,6.7,1.7,7.8,65.4,0,1,0,0,0,0,0,0,0,1,0,0,0,0,1,0,0,1,0,0,0,3
71.2,0,21.1,128.7,85.2,110.1,164.9,0,2.4,6.9,0.2,7.5,71.2,0,1,0,0,0,0,0,0,0,1,0,0,0,0,0,0,0,1,0,0,0,3
71.3,0,20.4,155.0,83.4,155.8,187.3,0,4.1,8.0,10.9,7.0,67.7,0,0,0,0,0,0,0,0,0,1,0,0,0,0,0,0,0,1,0,0,0,3
69.6,0,22.5,132.0,94.8,132.3,163.6,0,1.7,6.2,6.0,8.3,67.4,0,1,0,0,0,1,0,0,0,1,0,0,0,0,1,0,0,1,0,0,0,3
57.6,1,19.4,126.0,98.8,156.6,202.5,0,5.2,6.9,0.2,8.3,75.0,0,1,0,0,0,1,0,0,0,1,0,0,0,0,1,0,0,1,0,0,0,3
55.6,0,22.0,149.4,75.0,167.1,166.7,1,4.3,5.7,4.4,5.2,65.6,0,1,0,0,0,1,0,0,0,1,0,0,0,0,0,0,0,1,0,0,0,3
64.0,1,17.6,134.5,94.2,139.3,188.8,1,7.5,8.9,0.7,8.9,83.2,0,1,0,0,0,1,0,0,0,1,0,0,0,0,1,0,0,1,0,0,0,3
58.6,1,25.5,136.2,91.9,135.5,161.3,0,5.0,7.2,0.3,5.4,65.3,0,1,0,0,0,1,0,0,0,0,0,0,0,0,0,0,0,1,0,0,0,3
65.2,1,20.5,151.3,94.5,92.0,179.8,0,2.5,7.6,1.1,5.5,81.3,0,1,0,0,0,0,0,0,0,1,0,0,0,0,1,0,0,1,0,0,0,3
51.7,1,20.8,128.5,75.0,138.7,164.3,0,5.2,8.5,0.6,4.4,72.4,0,0,0,0,0,0,0,0,0,1,0,0,0,0,1,0,0,1,0,0,0,3
53.6,0,22.8,147.1,79.7,141.5,179.3,0,4.2,6.6,10.7,7.4,70.7,0,1,0,0,0,0,0,0,0,1,0,0,0,0,0,0,0,1,0,0,0,3
60.4,1,25.9,132.9,99.2,122.8,161.7,1,5.5,9.0,7.8,2.2,74.5,1,1,0,0,0,0,0,0,0,1,0,0,0,0,0,0,0,0,0,0,0,3
66.9,0,28.5,159.4,91.1,126.1,205.5,1,2.8,6.9,0.4,6.0,80.5,0,1,0,0,0,0,0,0,0,1,0,0,0,0,1,0,0,1,0,0,0,3
82.7,1,28.4,144.0,87.4,134.8,167.0,1,2.7,7.7,2.6,6.7,74.0,0,1,0,0,0,0,0,0,0,1,0,0,0,0,1,0,0,1,0,0,0,3
63.0,0,25.4,126.1,77.2,110.1,163.1,0,4.0,8.3,1.8,7.3,78.5,0,1,0,0,0,1,0,0,0,1,0,0,0,0,1,0,0,1,0,0,0,3
57.2,0,21.5,169.8,96.6,124.4,186.5,0,5.2,8.3,0.7,10.0,75.8,0,1,0,0,0,1,0,0,0,0,0,0,0,0,1,0,0,1,0,0,0,3
59.8,1,20.2,138.6,93.1,124.2,193.1,1,3.2,7.2,13.6,6.0,72.0,0,1,0,0,0,0,0,0,0,1,0,0,0,0,1,0,0,0,0,0,0,3
65.0,1,20.9,145.9,91.5,137.0,146.9,0,4.2,7.5,3.0,7.9,76.1,0,1,0,0,0,0,0,0,0,0,0,0,0,0,1,0,0,0,0,0,0,3
67.4,1,25.2,149.9,92.8,106.9,179.2,0,1.6,8.6,0.1,7.0,75.8,0,1,0,0,0,1,0,0,0,0,0,0,0,0,1,0,0,1,0,0,0,3
62.8,0,24.0,145.3,84.8,121.1,211.4,0,2.9,8.0,0.1,5.7,73.8,0,1,0,0,0,0,0,0,0,1,0,0,0,0,1,0,0,1,0,0,0,3
64.8,0,25.2,172.1,92.7,96.9,170.5,0,4.9,7.5,4.3,6.0,67.8,0,1,0,0,0,0,0,0,0,1,0,0,0,0,0,0,0,1,0,0,0,3
51.0,0,24.0,128.1,94.1,114.6,181.6,0,4.0,7.9,2.3,5.6,80.2,0,1,0,0,0,0,0,0,0,1,0,0,0,0,1,0,0,1,0,0,0,3
60.9,1,29.7,161.8,84.5,158.6,167.8,0,2.3,6.6,0.2,5.5,58.5,0,1,0,0,0,1,0,0,0,1,0,0,0,0,0,0,0,1,0,0,0,3
55.7,1,18.3,149.5,83.8,175.6,152.0,0,4.7,6.4,2.4,5.6,75.4,0,0,0,0,0,0,0,0,0,1,0,0,0,0,1,0,0,1,0,0,0,3
59.5,0,25.8,149.3,93.9,134.9,209.1,0,2.0,6.1,0.2,7.9,76.8,0,1,0,0,0,1,0,0,0,0,0,0,0,0,0,0,0,1,0,0,0,3
61.2,0,20.3,152.1,88.9,92.0,179.1,0,4.7,7.2,0.4,7.9,56.9,0,1,0,0,0,0,0,0,0,0,0,0,0,0,1,0,0,1,0,0,0,3
56.0,1,20.8,147.5,86.5,121.0,186.8,0,2.1,7.1,0.0,6.5,76.5,0,1,0,0,0,1,0,0,0,1,0,0,0,0,1,0,0,1,0,0,0,3
60.6,0,21.6,161.1,91.1,117.7,165.0,0,6.3,5.8,4.4,8.5,60.0,0,1,0,0,0,1,0,0,0,1,0,0,0,0,1,0,0,1,0,0,0,3
69.9,0,20.9,155.0,82.8,153.2,205.7,0,3.0,5.6,2.2,4.4,80.2,0,1,0,0,0,0,0,0,0,0,0,0,0,0,1,0,0,1,0,0,0,3
57.8,0,19.6,162.4,84.0,124.0,203.9,0,2.1,7.6,9.3,6.5,78.0,0,1,0,0,0,0,0,0,0,0,0,0,0,0,1,0,0,1,0,0,0,3
56.9,0,17.9,154.9,99.7,134.4,183.6,0,3.7,7.5,1.4,2.9,71.5,0,1,0,0,0,1,0,0,0,0,0,0,0,0,1,0,0,1,0,0,0,3
65.6,0,24.8,126.0,85.2,139.1,185.6,0,3.4,8.9,0.5,7.3,66.1,0,1,0,0,0,1,0,0,0,1,0,0,0,0,0,0,0,0,0,0,0,3
55.0,0,22.1,140.8,87.4,100.0,215.1,1,4.0,6.7,0.4,8.1,77.4,0,1,0,0,0,1,0,0,0,1,0,0,0,0,0,0,0,0,0,0,0,3
53.9,0,20.5,126.0,97.7,155.9,169.3,0,3.3,6.0,1.0,3.6,69.4,0,1,0,0,0,0,0,0,0,0,0,0,0,0,1,0,0,1,0,0,0,3
50.7,1,21.8,157.0,93.5,101.3,173.6,0,2.8,6.0,0.2,5.4,67.2,0,1,0,0,0,0,0,0,0,0,0,0,0,0,1,0,0,1,0,0,0,3
52.4,1,20.9,160.2,94.8,92.0,175.6,0,2.6,7.7,4.1,5.8,83.6,0,1,0,0,0,0,0,0,0,1,0,0,0,0,1,0,0,1,0,0,0,3
64.1,1,25.0,175.8,93.4,133.7,182.8,0,7.0,8.1,1.8,5.0,80.4,0,1,0,0,0,0,0,0,0,0,0,0,0,0,0,0,0,1,0,0,0,3
71.0,1,22.1,138.9,89.2,111.4,156.2,1,3.6,8.4,1.6,6.4,69.9,0,1,0,0,0,0,0,0,0,1,0,0,0,0,0,0,0,1,0,0,0,3
59.4,1,22.8,140.8,86.8,180.7,185.9,0,4.4,8.0,5.6,7.2,72.2,0,0,0,0,0,0,0,0,0,1,0,0,0,0,1,0,0,1,0,0,0,3
56.4,1,27.2,151.8,104.1,164.2,163.4,0,2.0,7.9,4.0,5.2,84.3,0,0,0,0,0,1,0,0,0,1,0,0,0,0,0,0,0,1,0,0,0,3
55.7,1,22.0,126.0,97.4,102.1,192.5,0,3.7,6.1,1.2,6.4,64.5,0,1,0,0,0,1,0,0,0,0,0,0,0,0,0,0,0,1,0,0,0,3
48.3,1,19.1,156.8,103.9,106.2,141.2,0,4.5,8.0,1.7,8.6,72.5,0,1,0,0,0,0,0,0,0,0,0,0,0,0,0,0,0,1,0,0,0,3
54.4,1,23.3,172.3,86.7,128.2,178.4,1,5.9,8.1,2.2,5.2,66.7,0,1,0,0,0,1,0,0,0,1,0,0,0,0,1,0,0,1,0,0,0,3
68.6,0,22.4,139.0,93.8,131.9,151.5,0,2.2,6.8,1.1,7.5,72.5,0,1,0,0,0,1,0,0,0,0,0,0,0,0,0,0,0,1,0,0,0,3
63.8,1,19.7,159.2,95.0,176.9,169.0,0,4.3,5.7,7.3,5.7,74.8,0,1,0,0,0,1,0,0,0,1,0,0,0,0,0,0,0,0,0,0,0,3
62.9,1,20.3,136.9,78.6,137.9,165.2,1,2.3,8.0,4.1,5.6,73.0,0,1,0,0,0,0,0,0,0,0,0,0,0,0,1,0,0,1,0,0,0,3
55.3,1,27.8,152.8,90.2,132.9,190.8,1,2.7,7.8,7.1,3.7,71.2,0,1,0,0,0,0,0,0,0,1,0,0,0,0,1,0,0,1,0,0,0,3
61.2,0,22.4,150.0,94.1,98.4,177.6,0,5.7,7.6,5.1,5.9,65.6,0,1,0,0,0,0,0,0,0,1,0,0,0,0,1,0,0,1,0,0,0,3
58.5,1,25.5,174.4,104.1,131.3,159.5,0,9.2,7.3,0.2,5.2,77.1,0,1,0,0,0,1,0,0,0,0,0,0,0,0,1,0,0,1,0,0,0,3
66.6,1,26.1,153.8,86.6,136.8,172.4,1,3.7,7.6,1.0,6.2,75.0,0,1,0,0,0,0,0,0,0,0,0,0,0,0,0,0,0,1,0,0,0,3
84.0,0,24.1,151.8,84.4,103.2,197.9,1,3.5,6.2,1.2,10.9,71.7,0,1,0,0,0,1,0,0,0,0,0,0,0,0,0,0,0,1,0,0,0,3
69.2,0,23.6,145.4,95.5,114.6,194.5,1,3.1,8.0,4.3,4.6,78.8,1,1,0,0,0,1,0,0,0,1,0,0,0,0,0,0,0,1,0,0,0,3
60.8,0,17.9,157.0,83.5,100.1,190.0,1,5.3,6.2,1.6,7.2,74.1,0,1,0,0,0,0,0,0,0,1,0,0,0,0,0,0,0,1,0,0,0,3
51.0,0,24.1,141.3,90.9,123.6,168.3,0,4.5,5.6,11.1,6.5,71.1,0,1,0,0,0,0,0,0,0,1,0,0,0,0,0,0,0,1,0,0,0,3
54.8,0,29.2,174.2,96.0,124.6,180.2,0,3.6,7.3,0.7,6.5,71.3,0,1,0,0,0,0,0,0,0,0,0,0,0,0,1,0,0,1,0,0,0,3
70.0,1,23.7,162.1,106.4,144.6,173.9,0,7.1,7.4,1.4,6.8,77.8,0,1,0,0,0,1,0,0,0,0,0,0,0,0,1,0,0,1,0,0,0,3
64.8,0,20.3,179.8,78.6,183.2,175.8,0,2.9,6.7,1.1,5.2,56.8,0,0,0,0,0,1,0,0,0,1,0,0,0,0,1,0,0,1,0,0,0,3
71.4,1,22.6,148.0,100.5,145.5,201.3,0,2.2,7.0,0.7,5.9,59.7,0,1,0,0,0,1,0,0,0,1,0,0,0,0,0,0,0,1,0,0,0,3
65.0,0,23.2,165.4,90.6,144.8,191.4,1,1.0,6.9,2.0,6.6,63.6,0,1,0,0,0,0,0,0,0,0,0,0,0,0,0,0,0,1,0,0,0,3
61.5,1,24.3,143.3,111.4,125.9,185.3,1,1.0,7.5,0.9,7.6,71.9,0,0,0,0,0,0,0,0,0,0,0,0,0,0,0,0,0,1,0,0,0,3
70.3,1,21.4,132.6,79.6,130.6,169.0,0,5.2,8.2,7.3,8.3,58.7,0,1,0,0,0,0,0,0,0,0,0,0,0,0,1,0,0,1,0,0,0,3
64.8,1,25.8,152.9,88.4,106.9,172.8,0,3.3,6.7,3.6,7.9,74.3,0,1,0,0,0,0,0,0,0,0,0,0,0,0,0,0,0,1,0,0,0,3
84.0,0,24.3,149.6,83.6,92.0,138.7,0,4.1,8.0,4.0,10.7,69.4,0,1,0,0,0,1,0,0,0,1,0,0,0,0,0,0,0,0,0,0,0,3
61.4,0,21.0,142.4,76.7,116.9,208.1,1,2.1,7.1,0.5,5.1,65.6,0,1,0,0,0,1,0,0,0,1,0,0,0,0,0,0,0,1,0,0,0,3
64.6,0,16.9,138.5,93.0,147.0,182.7,0,2.8,8.2,0.1,6.6,65.0,0,1,0,0,0,0,0,0,0,1,0,0,0,0,1,0,0,1,0,0,0,3
61.6,1,22.2,158.4,91.5,165.0,180.1,0,2.3,7.6,1.7,9.1,71.1,0,1,0,0,0,0,0,0,0,1,0,0,0,0,1,0,0,1,0,0,0,3
64.6,1,25.6,155.9,97.5,154.5,157.8,1,2.8,7.9,3.9,7.0,66.3,0,1,0,0,0,0,0,0,0,0,0,0,0,0,0,0,0,1,0,0,0,3
63.1,0,26.1,161.0,107.4,96.7,179.6,0,2.1,6.9,2.4,5.2,57.3,0,1,0,0,0,0,0,0,0,0,0,0,0,0,1,0,0,0,0,0,0,3
71.4,1,24.2,173.4,87.9,166.1,187.8,0,5.3,8.6,0.3,7.5,85.2,0,1,0,0,0,0,0,0,0,0,0,0,0,0,1,0,0,1,0,0,0,3
65.2,1,22.7,144.9,88.4,92.0,162.7,0,3.8,8.8,2.6,8.3,73.7,0,1,0,0,0,1,0,0,0,0,0,0,0,0,0,0,0,1,0,0,0,3
56.9,1,27.0,135.8,103.9,125.3,186.7,0,5.7,7.5,1.9,6.6,66.5,0,1,0,0,0,1,0,0,0,0,0,0,0,0,1,0,0,1,0,0,0,3
65.1,0,27.5,137.5,108.0,171.7,184.7,0,2.7,6.5,5.2,7.2,76.8,0,1,0,0,0,1,0,0,0,1,0,0,0,0,0,0,0,1,0,0,0,3
55.5,1,28.8,154.8,97.0,126.7,154.6,0,4.6,8.6,0.5,5.7,83.3,0,1,0,0,0,1,0,0,0,1,0,0,0,0,0,0,0,1,0,0,0,3
64.9,1,25.0,140.7,82.5,113.7,169.1,1,3.1,7.4,5.6,7.0,75.0,0,0,0,0,0,1,0,0,0,1,0,0,0,0,0,0,0,1,0,0,0,3
49.8,1,23.2,143.9,84.0,210.0,191.8,0,4.1,6.7,4.6,6.2,77.4,0,1,0,0,0,0,0,0,0,1,0,0,0,0,1,0,0,1,0,0,0,3
71.1,0,18.3,137.6,77.3,128.5,160.7,0,2.8,7.5,2.8,7.3,71.4,0,1,0,0,0,0,0,0,0,0,0,0,0,0,0,0,0,1,0,0,0,3
62.6,1,23.4,144.7,84.9,134.2,166.3,0,1.7,7.9,0.4,8.8,73.3,0,1,0,0,0,0,0,0,0,1,0,0,0,0,0,0,0,1,0,0,0,3
62.4,1,19.0,137.1,87.4,142.0,170.3,0,3.8,7.8,0.7,7.5,69.9,0,1,0,0,0,0,0,0,0,1,0,0,0,0,0,0,0,0,0,0,0,3
53.1,1,22.1,160.2,83.7,117.9,158.4,0,5.1,7.4,4.1,6.5,72.3,0,1,0,0,0,1,0,0,0,1,0,0,0,0,0,0,0,1,0,0,0,3
61.5,1,23.3,168.2,86.6,143.1,183.3,1,3.1,7.3,1.1,4.3,80.0,0,0,0,0,0,0,0,0,0,1,0,0,0,0,0,0,0,1,0,0,0,3
64.3,1,25.4,135.8,89.7,121.4,155.4,0,3.4,8.3,5.6,7.5,72.4,0,1,0,0,0,1,0,0,0,0,0,0,0,0,1,0,0,1,0,0,0,3
73.4,1,25.6,126.0,88.8,146.8,187.0,0,1.8,7.4,1.6,6.3,75.0,0,1,0,0,0,0,0,0,0,0,0,0,0,0,1,0,0,1,0,0,0,3
65.9,0,19.4,148.0,87.9,129.4,171.5,0,1.2,5.8,8.7,5.1,69.9,0,1,0,0,0,1,0,0,0,0,0,0,0,0,1,0,0,1,0,0,0,3
60.8,1,21.9,133.4,91.6,163.1,199.3,0,0.9,8.5,0.9,5.1,78.8,0,1,0,0,0,0,0,0,0,0,0,0,0,0,0,0,0,1,0,0,0,3
72.1,1,24.2,168.0,89.7,129.0,204.5,0,3.6,6.9,3.2,10.0,67.2,0,1,0,0,0,0,0,0,0,1,0,0,0,0,1,0,0,1,0,0,0,3
64.6,0,22.0,130.9,89.4,108.2,164.2,0,4.0,7.1,0.9,6.8,72.0,0,1,0,0,0,0,0,0,0,1,0,0,0,0,0,0,0,0,0,0,0,3
59.3,0,23.1,140.8,95.0,113.2,185.0,0,2.8,7.1,1.2,8.1,77.2,0,1,0,0,0,0,0,0,0,1,0,0,0,0,0,0,0,1,0,0,0,3
55.8,0,22.9,143.6,86.9,154.4,164.0,1,3.8,7.2,7.4,5.2,59.9,0,1,0,0,0,0,0,0,0,0,0,0,0,0,0,0,0,1,0,0,0,3
67.4,1,24.3,153.4,89.9,146.0,164.5,0,1.6,7.2,0.6,7.8,71.7,0,1,0,0,0,0,0,0,0,1,0,0,0,0,1,0,0,1,0,0,0,3
58.4,0,24.0,153.7,84.0,148.4,168.6,1,2.6,6.2,0.4,4.8,66.7,0,1,0,0,0,0,0,0,0,1,0,0,0,0,0,0,0,1,0,0,0,3
64.7,1,24.1,131.0,95.9,147.0,167.4,0,1.9,7.0,0.7,6.3,85.9,0,1,0,0,0,1,0,0,0,1,0,0,0,0,0,0,0,1,0,0,0,3
55.4,1,19.1,169.7,95.2,106.1,178.9,0,3.9,6.6,6.0,7.9,66.1,0,1,0,0,0,0,0,0,0,0,0,0,0,0,0,0,0,1,0,0,0,3
65.0,1,21.3,133.2,96.2,94.9,154.8,0,1.8,6.5,1.9,8.3,59.2,0,1,0,0,0,1,0,0,0,1,0,0,0,0,1,0,0,1,0,0,0,3
76.8,0,22.1,159.5,84.9,133.0,145.6,0,4.1,7.0,0.2,5.2,71.1,0,1,0,0,0,1,0,0,0,1,0,0,0,0,1,0,0,0,0,0,0,3
74.0,0,26.6,133.8,95.0,126.1,145.6,1,2.9,8.5,1.1,6.0,58.6,0,1,0,0,0,0,0,0,0,1,0,0,0,0,0,0,0,0,0,0,0,3
71.6,0,23.8,155.5,93.8,146.8,155.5,0,3.7,6.8,7.1,6.6,73.1,0,1,0,0,0,0,0,0,0,1,0,0,0,0,1,0,0,1,0,0,0,3
61.9,0,24.3,130.9,75.0,201.1,174.8,0,3.1,6.5,0.1,6.2,71.4,0,1,0,0,0,0,0,0,0,1,0,0,0,0,1,0,0,1,0,0,0,3
71.0,1,23.7,126.0,91.4,160.6,179.8,0,3.9,6.5,1.8,8.4,73.3,0,1,0,0,0,0,0,0,0,0,0,0,0,0,1,0,0,1,0,0,0,3
57.1,1,20.3,139.0,110.6,154.2,156.2,0,3.5,6.0,0.6,6.9,68.6,0,1,0,0,0,0,0,0,0,1,0,0,0,0,0,0,0,1,0,0,0,3
44.2,1,20.4,174.8,84.9,142.8,172.4,0,5.7,7.3,4.0,6.6,54.4,0,1,0,0,0,1,0,0,0,0,0,0,0,0,1,0,0,1,0,0,0,3
59.9,1,17.7,137.2,104.6,104.3,163.0,0,2.4,6.5,2.5,8.1,70.1,0,1,0,0,0,1,0,0,0,0,0,0,0,0,1,0,0,1,0,0,0,3
54.6,1,20.1,152.6,98.5,143.4,164.3,0,3.5,7.1,5.1,8.7,88.4,1,1,0,0,0,0,0,0,0,1,0,0,0,0,0,0,0,1,0,0,0,3
60.4,0,29.0,156.0,96.3,133.2,178.3,0,5.3,7.2,5.1,7.3,62.4,0,1,0,0,0,0,0,0,0,1,0,0,0,0,1,0,0,0,0,0,0,3
47.4,0,28.1,170.5,81.5,112.4,218.9,0,4.9,8.7,14.4,5.8,78.2,0,1,0,0,0,1,0,0,0,0,0,0,0,0,1,0,0,1,0,0,0,3
65.2,1,25.3,156.0,87.4,92.0,159.8,0,4.7,6.9,3.3,8.3,75.9,0,1,0,0,0,1,0,0,0,1,0,0,0,0,0,0,0,1,0,0,0,3
58.7,1,24.5,153.9,96.1,165.9,183.3,0,6.4,6.7,1.9,8.4,69.6,0,0,0,0,0,0,0,0,0,0,0,0,0,0,1,0,0,1,0,0,0,3
68.2,0,24.6,157.7,90.4,120.7,189.7,0,1.6,8.0,1.9,8.3,71.9,0,1,0,0,0,1,0,0,0,1,0,0,0,0,1,0,0,0,0,0,0,3
66.0,0,24.4,139.1,88.8,153.1,163.3,0,3.4,7.8,1.9,7.7,70.2,0,1,0,0,0,1,0,0,0,1,0,0,0,0,0,0,0,1,0,0,0,3
48.4,0,23.8,139.5,92.3,102.8,179.4,0,5.3,7.9,1.5,7.7,70.2,0,1,0,0,0,1,0,0,0,1,0,0,0,0,1,0,0,1,0,0,0,3
46.8,0,24.9,155.8,84.9,132.0,180.5,0,6.0,8.9,2.4,5.8,79.5,0,0,0,0,0,0,0,0,0,1,0,0,0,0,0,0,0,1,0,0,0,3
80.2,1,28.0,126.0,75.0,125.5,184.3,1,2.2,7.2,4.9,7.2,77.3,0,1,0,0,0,0,0,0,0,1,0,0,0,0,0,0,0,1,0,0,0,3
53.3,0,23.1,189.6,91.9,159.5,162.7,0,3.8,6.1,0.2,5.0,76.6,0,1,0,0,0,0,0,0,0,1,0,0,0,0,1,0,0,1,0,0,0,3
60.4,1,25.9,152.4,83.5,129.2,215.6,0,5.5,7.9,0.4,8.2,52.9,0,1,0,0,0,1,0,0,0,0,0,0,0,0,1,0,0,1,0,0,0,3
65.1,1,22.5,164.6,97.7,124.3,189.0,0,3.6,5.4,1.2,8.1,68.6,0,0,0,0,0,0,0,0,0,0,0,0,0,0,1,0,0,1,0,0,0,3
79.7,0,24.6,140.7,94.1,165.0,132.8,0,3.7,5.8,2.0,6.5,76.3,0,1,0,0,0,0,0,0,0,1,0,0,0,0,0,0,0,1,0,0,0,3
56.7,1,24.1,156.8,103.9,162.3,151.4,1,4.1,6.9,0.8,6.1,63.4,0,1,0,0,0,1,0,0,0,1,0,0,0,0,1,0,0,1,0,0,0,3
50.4,1,25.0,126.0,97.0,164.4,215.9,0,3.6,8.0,2.4,8.6,66.0,0,1,0,0,0,0,0,0,0,1,0,0,0,0,1,0,0,1,0,0,0,3
65.8,1,25.2,154.1,100.9,92.0,154.8,0,5.1,7.3,2.9,8.4,73.9,0,1,0,0,0,0,0,0,0,1,0,0,0,0,1,0,0,1,0,0,0,3
44.0,0,21.5,142.9,91.6,138.3,164.7,0,4.4,6.8,1.9,5.0,65.7,0,1,0,0,0,1,0,0,0,0,0,0,0,0,0,0,0,1,0,0,0,3
51.7,1,24.2,137.6,97.8,187.7,160.6,0,2.5,6.1,3.2,6.6,65.9,0,1,0,0,0,0,0,0,0,1,0,0,0,0,0,0,0,1,0,0,0,3
56.4,0,26.9,163.4,90.2,157.9,185.6,0,4.8,9.9,3.9,8.8,72.4,0,1,0,0,0,0,0,0,0,0,0,0,0,0,0,0,0,1,0,0,0,3
55.8,1,19.1,168.7,112.6,162.0,186.8,0,4.3,6.6,1.7,4.3,58.9,0,1,0,0,0,0,0,0,0,1,0,0,0,0,0,0,0,1,0,0,0,3
72.8,1,21.1,152.3,98.5,126.3,181.8,0,0.9,6.5,0.8,5.8,73.0,0,0,0,0,0,1,0,0,0,1,0,0,0,0,1,0,0,1,0,0,0,3
44.7,0,20.7,149.2,89.1,174.4,191.9,0,3.3,8.1,0.2,5.5,65.2,0,1,0,0,0,1,0,0,0,1,0,0,0,0,1,0,0,1,0,0,0,3
63.5,0,22.1,168.2,97.7,110.8,184.5,0,4.1,7.2,1.1,9.3,57.4,0,1,0,0,0,0,0,0,0,0,0,0,0,0,1,0,0,1,0,0,0,3
76.3,1,25.1,138.1,78.7,121.9,141.4,0,5.5,7.0,16.4,7.9,84.7,0,0,0,0,0,0,0,0,0,1,0,0,0,0,1,0,0,1,0,0,0,3
55.7,0,22.6,157.9,88.8,180.4,196.5,0,5.9,7.0,5.5,5.6,75.1,0,1,0,0,0,1,0,0,0,0,0,0,0,0,0,0,0,1,0,0,0,3
72.1,1,21.3,162.0,83.0,144.9,167.8,0,1.7,7.7,0.2,6.2,70.9,0,1,0,0,0,1,0,0,0,0,0,0,0,0,1,0,0,1,0,0,0,3
45.2,1,22.8,169.8,86.2,116.2,198.9,0,4.2,5.4,1.7,7.5,75.2,0,1,0,0,0,0,0,0,0,1,0,0,0,0,0,0,0,1,0,0,0,3
73.2,1,26.6,142.4,99.7,114.5,180.4,0,5.2,7.4,0.1,6.2,73.4,0,1,0,0,0,0,0,0,0,0,0,0,0,0,0,0,0,1,0,0,0,3
76.2,1,23.1,140.3,96.3,148.2,204.4,1,3.2,6.6,2.9,6.6,70.9,0,0,0,0,0,1,0,0,0,1,0,0,0,0,1,0,0,1,0,0,0,3
51.9,0,21.7,161.4,94.4,125.1,171.8,0,1.2,7.2,2.7,7.1,77.2,0,1,0,0,0,1,0,0,0,1,0,0,0,0,0,0,0,1,0,0,0,3
67.4,0,23.7,155.1,91.1,126.1,156.6,0,7.9,8.3,0.6,5.2,71.3,0,0,0,0,0,1,0,0,0,1,0,0,0,0,1,0,0,1,0,0,0,3
77.4,0,25.5,135.9,90.9,92.0,165.5,1,3.2,8.2,1.4,4.1,69.7,0,0,0,0,0,0,0,0,0,0,0,0,0,0,0,0,0,1,0,0,0,3
64.1,0,25.1,132.7,79.2,104.6,208.4,0,5.3,8.1,0.3,4.5,67.8,0,1,0,0,0,0,0,0,0,0,0,0,0,0,1,0,0,1,0,0,0,3
61.9,0,22.7,137.4,104.9,127.1,179.1,0,5.3,9.2,1.7,5.4,60.8,0,1,0,0,0,1,0,0,0,1,0,0,0,0,1,0,0,1,0,0,0,3
59.7,0,23.7,172.1,95.7,111.7,144.3,0,1.9,7.2,2.5,6.1,71.5,0,1,0,0,0,0,0,0,0,0,0,0,0,0,1,0,0,1,0,0,0,3
64.0,0,25.5,148.1,105.8,100.4,186.3,0,6.3,6.6,1.1,7.2,72.9,0,1,0,0,0,0,0,0,0,1,0,0,0,0,1,0,0,1,0,0,0,3
69.3,0,21.1,183.8,83.8,101.3,180.4,0,3.5,6.4,3.4,10.0,68.7,0,1,0,0,0,0,0,0,0,0,0,0,0,0,0,0,0,1,0,0,0,3
48.3,0,22.8,141.4,75.0,124.0,205.0,0,1.8,8.2,0.9,9.5,73.9,0,1,0,0,0,1,0,0,0,1,0,0,0,0,1,0,0,1,0,0,0,3
58.2,1,25.3,148.6,86.7,120.7,197.0,0,4.0,6.9,0.8,5.3,75.5,0,1,0,0,0,0,0,0,0,1,0,0,0,0,1,0,0,1,0,0,0,3
78.1,0,19.2,143.4,93.5,120.0,196.8,0,4.6,6.6,1.0,9.6,69.4,0,1,0,0,0,1,0,0,0,1,0,0,0,0,0,0,0,1,0,0,0,3
67.0,1,22.6,161.9,79.8,138.9,185.7,0,5.1,6.9,4.6,6.9,68.3,0,1,0,0,0,0,0,0,0,0,0,0,0,0,1,0,0,1,0,0,0,3
65.8,1,24.9,141.7,88.9,142.9,184.8,0,2.7,8.1,0.5,5.7,67.8,1,1,0,0,0,0,0,0,0,1,0,0,0,0,0,0,0,1,0,0,0,3
71.5,0,22.2,151.5,90.1,139.4,184.9,1,6.1,6.9,0.6,3.8,60.1,0,0,0,0,0,0,0,0,0,0,0,0,0,0,0,0,0,1,0,0,0,3
64.8,1,21.1,148.2,89.3,130.1,187.8,0,4.7,8.3,0.8,5.3,68.1,0,1,0,0,0,0,0,0,0,0,0,0,0,0,1,0,0,1,0,0,0,3
64.0,1,26.3,149.3,95.5,137.2,132.9,0,3.6,7.5,0.5,7.3,72.2,0,1,0,0,0,1,0,0,0,0,0,0,0,0,1,0,0,1,0,0,0,3
61.9,0,25.7,147.5,105.0,92.0,199.4,0,3.7,8.4,0.3,7.8,61.9,0,0,0,0,0,1,0,0,0,1,0,0,0,0,1,0,0,0,0,0,0,3
66.9,0,21.3,147.1,93.4,143.1,189.4,0,2.1,6.8,2.0,6.8,69.2,0,0,0,0,0,0,0,0,0,1,0,0,0,0,1,0,0,1,0,0,0,3
72.4,0,23.1,163.0,79.5,92.0,148.7,0,5.5,5.3,2.6,5.0,70.6,0,1,0,0,0,0,0,0,0,0,0,0,0,0,0,0,0,1,0,0,0,3
63.9,0,19.3,126.0,92.0,146.6,167.7,0,3.7,6.5,3.3,8.0,72.0,0,1,0,0,0,1,0,0,0,0,0,0,0,0,0,0,0,1,0,0,0,3
69.3,1,23.3,138.3,100.5,149.3,171.0,0,6.7,7.2,0.4,8.1,75.1,0,1,0,0,0,0,0,0,0,1,0,0,0,0,1,0,0,1,0,0,0,3
75.1,1,26.6,142.5,91.8,110.2,160.9,0,4.6,6.9,3.0,6.8,62.2,0,1,0,0,0,1,0,0,0,1,0,0,0,0,1,0,0,0,0,0,0,3
63.2,0,26.5,152.2,101.2,102.1,178.8,0,4.1,8.4,0.4,8.9,70.5,0,1,0,0,0,0,0,0,0,1,0,0,0,0,1,0,0,1,0,0,0,3
65.1,1,25.7,138.3,92.2,148.4,165.4,0,3.5,7.3,1.6,5.0,70.4,1,1,0,0,0,0,0,0,0,0,0,0,0,0,1,0,0,1,0,0,0,3
59.2,0,18.2,140.2,82.1,131.4,204.3,0,5.4,7.3,0.2,6.4,77.1,0,1,0,0,0,1,0,0,0,0,0,0,0,0,1,0,0,1,0,0,0,3
63.1,0,25.3,131.0,97.6,120.5,177.1,0,3.4,7.3,1.6,10.6,65.5,0,1,0,0,0,0,0,0,0,1,0,0,0,0,0,0,0,1,0,0,0,3
68.2,0,23.7,126.3,87.4,119.1,171.4,0,8.0,5.7,1.1,5.5,69.7,0,0,0,0,0,1,0,0,0,1,0,0,0,0,0,0,0,1,0,0,0,3
62.3,0,26.3,164.9,87.3,146.3,182.4,0,4.1,6.9,0.2,8.0,75.4,0,1,0,0,0,0,0,0,0,1,0,0,0,0,0,0,0,1,0,0,0,3
40.0,0,27.6,150.8,93.0,103.7,150.1,0,2.4,8.6,3.1,4.9,59.9,0,1,0,0,0,0,0,0,0,1,0,0,0,0,1,0,0,1,0,0,0,3
53.9,1,19.9,151.4,82.4,134.5,195.4,0,3.6,6.7,1.1,7.0,65.7,0,1,0,0,0,1,0,0,0,0,0,0,0,0,1,0,0,1,0,0,0,3
58.7,1,21.3,158.7,108.3,130.9,172.4,0,1.7,8.6,2.5,5.8,69.6,0,0,0,0,0,1,0,0,0,1,0,0,0,0,1,0,0,1,0,0,0,3
69.5,1,20.6,152.9,90.2,138.5,176.4,0,4.7,5.4,3.3,7.6,71.4,1,1,0,0,0,0,0,0,0,0,0,0,0,0,1,0,0,1,0,0,0,3
67.5,0,23.9,160.4,107.8,121.5,185.9,1,2.1,7.1,3.2,5.0,60.4,1,1,0,0,0,0,0,0,0,0,0,0,0,0,1,0,0,1,0,0,0,3
71.1,1,22.5,141.5,81.2,92.0,180.1,0,3.6,8.0,1.5,7.1,68.6,0,1,0,0,0,1,0,0,0,0,0,0,0,0,0,0,0,1,0,0,0,3
67.3,0,27.0,164.3,93.5,122.6,189.1,0,5.7,7.2,3.0,8.4,70.8,0,1,0,0,0,0,0,0,0,0,0,0,0,0,0,0,0,1,0,0,0,3
64.6,1,20.7,142.4,103.2,155.6,165.5,0,2.8,7.5,0.8,6.5,77.9,0,1,0,0,0,0,0,0,0,1,0,0,0,0,1,0,0,1,0,0,0,3
53.4,0,24.1,174.1,79.5,97.9,176.2,0,5.2,6.9,0.3,7.1,66.7,0,0,0,0,0,0,0,0,0,0,0,0,0,0,1,0,0,1,0,0,0,3
52.6,1,21.4,153.3,83.3,124.6,197.6,1,3.8,7.7,0.8,6.3,81.9,0,1,0,0,0,0,0,0,0,1,0,0,0,0,1,0,0,1,0,0,0,3
64.1,0,26.4,155.0,87.5,129.8,173.4,0,2.6,8.4,1.6,8.2,88.0,0,1,0,0,0,0,0,0,0,0,0,0,0,0,1,0,0,1,0,0,0,3
68.3,1,21.9,129.7,89.0,153.1,168.6,0,4.6,9.5,2.8,9.1,61.3,0,1,0,0,0,0,0,0,0,1,0,0,0,0,0,0,0,1,0,0,0,3
56.5,0,24.7,143.1,85.5,129.2,178.1,0,3.6,6.4,3.2,6.4,54.4,0,1,0,0,0,1,0,0,0,1,0,0,0,0,0,0,0,1,0,0,0,3
70.4,0,26.8,126.0,102.9,146.8,182.3,0,4.5,7.0,2.2,6.6,64.0,0,1,0,0,0,1,0,0,0,1,0,0,0,0,0,0,0,1,0,0,0,3
77.4,1,26.0,170.4,85.9,139.2,178.7,0,4.8,4.9,0.0,5.1,77.1,0,1,0,0,0,0,0,0,0,1,0,0,0,0,1,0,0,1,0,0,0,3
68.0,1,26.3,150.7,97.4,94.9,201.6,0,4.6,8.1,1.6,7.3,72.3,1,1,0,0,0,1,0,0,0,1,0,0,0,0,0,0,0,1,0,0,0,3
80.8,1,18.9,152.8,91.7,127.4,167.9,1,2.1,5.3,0.3,8.0,74.6,0,1,0,0,0,1,0,0,0,1,0,0,0,0,0,0,0,1,0,0,0,3
60.2,0,24.4,161.6,88.7,170.0,194.5,0,1.9,6.4,0.4,6.2,63.9,0,1,0,0,0,1,0,0,0,0,0,0,0,0,1,0,0,1,0,0,0,3
82.0,1,19.9,128.9,99.0,125.9,185.0,0,2.4,7.5,0.6,7.1,54.4,0,1,0,0,0,0,0,0,0,0,0,0,0,0,0,0,0,1,0,0,0,3
59.1,0,24.9,148.3,99.2,134.2,187.5,1,3.6,8.1,7.3,6.5,73.4,0,1,0,0,0,0,0,0,0,1,0,0,0,0,1,0,0,0,0,0,0,3
64.7,1,23.1,154.9,89.0,166.7,155.1,0,2.8,7.9,1.9,6.4,70.3,0,0,0,0,0,1,0,0,0,1,0,0,0,0,1,0,0,1,0,0,0,3
70.4,1,27.4,146.2,90.8,129.6,144.3,0,1.4,7.9,1.5,6.9,66.8,0,1,0,0,0,0,0,0,0,1,0,0,0,0,0,0,0,1,0,0,0,3
72.8,0,24.5,176.3,89.2,96.1,197.8,0,5.5,7.1,5.6,5.9,70.0,0,1,0,0,0,1,0,0,0,1,0,0,0,0,0,0,0,1,0,0,0,3
60.9,1,24.3,159.8,89.8,112.0,169.9,0,4.6,8.0,2.3,7.1,78.7,0,1,0,0,0,0,0,0,0,1,0,0,0,0,0,0,0,0,0,0,0,3
74.2,0,25.0,182.6,91.1,92.0,185.1,1,4.6,7.2,6.7,6.6,74.4,0,1,0,0,0,1,0,0,0,1,0,0,0,0,0,0,0,1,0,0,0,3
65.1,1,24.6,149.5,76.1,135.7,194.7,0,5.0,7.4,5.9,8.5,70.7,0,1,0,0,0,0,0,0,0,0,0,0,0,0,1,0,0,1,0,0,0,3
58.0,0,23.3,126.0,98.1,93.4,189.4,0,4.3,8.5,1.3,4.9,68.6,0,1,0,0,0,0,0,0,0,1,0,0,0,0,1,0,0,1,0,0,0,3
60.5,1,22.2,147.8,79.1,153.6,172.6,0,4.7,7.0,0.9,6.5,67.4,0,1,0,0,0,0,0,0,0,0,0,0,0,0,0,0,0,1,0,0,0,3
49.4,0,19.2,137.2,101.9,129.4,187.7,1,4.7,7.6,1.2,4.5,68.3,0,1,0,0,0,1,0,0,0,1,0,0,0,0,1,0,0,1,0,0,0,3
47.1,0,22.2,143.1,85.5,130.2,193.1,0,2.9,7.4,3.9,7.3,74.5,0,1,0,0,0,1,0,0,0,1,0,0,0,0,0,0,0,1,0,0,0,3
59.7,0,24.4,147.0,86.6,162.1,184.7,0,3.9,7.5,6.6,7.8,86.2,0,1,0,0,0,1,0,0,0,0,0,0,0,0,0,0,0,1,0,0,0,3
51.8,1,25.6,158.6,83.5,135.7,178.1,0,3.7,6.3,0.8,6.8,75.4,0,1,0,0,0,1,0,0,0,1,0,0,0,0,1,0,0,1,0,0,0,3
49.9,0,29.6,137.0,93.7,142.2,147.3,0,6.3,5.5,0.1,7.2,69.5,1,0,0,0,0,0,0,0,0,0,0,0,0,0,0,0,0,1,0,0,0,3
64.7,1,19.2,143.0,89.4,183.3,221.4,0,3.1,8.4,2.9,6.5,71.3,1,1,0,0,0,0,0,0,0,0,0,0,0,0,0,0,0,1,0,0,0,3
57.9,1,22.6,165.0,89.5,115.7,185.3,0,2.7,7.3,3.0,7.9,68.5,0,1,0,0,0,1,0,0,0,1,0,0,0,0,0,0,0,1,0,0,0,3
60.4,0,19.7,126.3,92.9,124.9,176.8,0,3.3,8.3,3.8,6.8,73.1,0,1,0,0,0,1,0,0,0,0,0,0,0,0,1,0,0,1,0,0,0,3
40.0,1,19.0,161.2,98.3,133.3,189.6,0,2.3,6.5,3.2,5.8,88.0,0,1,0,0,0,0,0,0,0,0,0,0,0,0,0,0,0,0,0,0,0,3
74.8,0,21.6,171.4,78.2,101.2,183.1,0,2.5,6.4,6.1,7.9,74.9,0,1,0,0,0,0,0,0,0,0,0,0,0,0,1,0,0,0,0,0,0,3
47.6,1,21.9,155.9,92.0,182.4,147.6,1,0.9,8.0,4.6,4.5,77.8,1,1,0,0,0,1,0,0,0,1,0,0,0,0,0,0,0,1,0,0,0,3
67.3,0,24.1,136.3,97.3,113.7,166.1,1,3.6,6.9,0.2,9.5,74.8,0,1,0,0,0,1,0,0,0,0,0,0,0,0,1,0,0,1,0,0,0,3
59.4,0,22.3,164.5,93.7,109.1,160.5,0,5.7,6.5,5.2,6.1,77.3,0,1,0,0,0,0,0,0,0,0,0,0,0,0,0,0,0,0,0,0,0,3
54.7,0,26.7,172.8,88.9,118.2,186.6,1,3.6,6.9,1.1,6.3,70.9,0,0,0,0,0,0,0,0,0,1,0,0,0,0,0,0,0,1,0,0,0,3
61.1,1,23.5,133.6,78.1,186.2,181.3,0,7.6,7.6,0.1,7.7,71.2,0,1,0,0,0,1,0,0,0,1,0,0,0,0,1,0,0,1,0,0,0,3
66.3,0,26.9,128.2,100.9,164.5,182.3,0,2.1,6.5,1.4,5.6,65.9,0,1,0,0,0,0,0,0,0,1,0,0,0,0,1,0,0,1,0,0,0,3
62.1,0,20.4,133.3,98.7,169.6,172.1,0,1.1,6.4,4.4,7.4,85.0,0,1,0,0,0,1,0,0,0,1,0,0,0,0,0,0,0,0,0,0,0,3
44.4,0,24.9,185.6,87.2,173.9,197.8,0,3.0,7.8,2.8,6.7,68.3,0,1,0,0,0,0,0,0,0,1,0,0,0,0,0,0,0,1,0,0,0,3
62.2,0,23.0,159.9,82.7,110.2,168.9,0,4.4,6.8,0.2,7.2,74.5,0,1,0,0,0,0,0,0,0,0,0,0,0,0,0,0,0,1,0,0,0,3
60.6,1,25.5,142.6,86.1,138.8,170.7,0,4.9,7.0,2.9,5.7,72.7,0,1,0,0,0,0,0,0,0,1,0,0,0,0,0,0,0,1,0,0,0,3
66.9,1,22.7,145.4,79.2,129.1,174.9,0,2.8,8.1,4.1,8.9,72.9,0,1,0,0,0,1,0,0,0,0,0,0,0,0,0,0,0,0,0,0,0,3
54.5,0,25.2,162.0,78.5,133.9,165.8,0,6.9,8.3,1.7,7.7,80.6,0,1,0,0,0,1,0,0,0,0,0,0,0,0,1,0,0,1,0,0,0,3
63.3,1,20.7,135.2,92.1,123.4,191.4,0,2.3,6.2,0.7,6.8,73.4,0,1,0,0,0,1,0,0,0,0,0,0,0,0,0,0,0,1,0,0,0,3
60.6,1,21.0,152.9,95.5,136.9,164.5,1,5.3,5.2,0.7,7.6,64.2,0,1,0,0,0,1,0,0,0,1,0,0,0,0,0,0,0,1,0,0,0,3
66.1,0,23.7,129.0,82.5,172.7,188.6,0,5.3,6.0,2.2,5.5,64.6,0,1,0,0,0,0,0,0,0,1,0,0,0,0,0,0,0,0,0,0,0,3
65.2,0,22.5,129.0,102.2,135.4,198.9,0,0.9,6.6,0.1,7.4,63.4,0,1,0,0,0,0,0,0,0,0,0,0,0,0,1,0,0,0,0,0,0,3
61.3,0,23.4,126.0,94.7,109.2,212.2,0,2.4,6.5,2.0,7.5,74.1,0,1,0,0,0,1,0,0,0,1,0,0,0,0,0,0,0,1,0,0,0,3
62.9,0,26.9,137.9,106.7,157.6,166.6,0,1.5,6.2,3.5,6.9,82.1,0,1,0,0,0,1,0,0,0,0,0,0,0,0,0,0,0,1,0,0,0,3
75.3,1,18.5,153.1,75.0,140.0,227.0,1,1.0,6.3,0.6,6.3,69.4,0,1,0,0,0,0,0,0,0,1,0,0,0,0,1,0,0,1,0,0,0,3
51.8,1,24.1,159.5,77.3,122.3,160.8,0,7.2,7.8,0.4,7.2,68.4,0,1,0,0,0,0,0,0,0,1,0,0,0,0,1,0,0,1,0,0,0,3
48.2,0,21.8,131.5,84.7,135.2,176.4,0,6.2,7.0,0.2,6.7,67.0,0,1,0,0,0,0,0,0,0,0,0,0,0,0,0,0,0,1,0,0,0,3
76.6,1,25.9,147.8,82.1,166.8,194.2,1,5.2,7.1,0.2,6.8,69.2,0,0,0,0,0,1,0,0,0,0,0,0,0,0,1,0,0,1,0,0,0,3
66.2,0,21.9,138.1,83.9,135.8,221.6,0,4.0,8.0,1.7,5.9,78.7,0,1,0,0,0,0,0,0,0,1,0,0,0,0,0,0,0,1,0,0,0,3
55.7,1,23.6,154.5,97.2,112.3,187.0,0,4.3,8.1,4.1,5.4,75.1,0,1,0,0,0,1,0,0,0,1,0,0,0,0,1,0,0,1,0,0,0,3
58.2,0,23.4,134.8,85.3,92.0,204.7,1,1.9,7.8,0.6,8.2,69.1,0,1,0,0,0,0,0,0,0,1,0,0,0,0,1,0,0,1,0,0,0,3
64.3,1,25.2,126.5,92.1,109.6,195.6,0,3.5,6.8,4.3,6.7,76.6,0,1,0,0,0,0,0,0,0,1,0,0,0,0,0,0,0,1,0,0,0,3
74.9,1,28.3,167.3,75.0,92.0,178.0,1,6.6,7.3,1.3,6.4,70.6,0,0,0,0,0,1,0,0,0,1,0,0,0,0,1,0,0,1,0,0,0,3
73.4,1,22.1,153.7,104.4,122.0,176.3,0,3.9,6.7,0.8,4.7,77.1,0,1,0,0,0,1,0,0,0,1,0,0,0,0,0,0,0,1,0,0,0,3
64.8,0,22.9,141.5,87.6,145.2,165.4,0,1.4,7.4,6.2,7.6,82.1,0,1,0,0,0,1,0,0,0,1,0,0,0,0,1,0,0,0,0,0,0,3
66.9,0,25.7,169.8,90.6,143.2,147.1,0,3.4,5.4,3.2,5.8,66.9,0,1,0,0,0,1,0,0,0,1,0,0,0,0,1,0,0,1,0,0,0,3
58.6,1,22.3,126.0,94.6,148.7,154.9,0,4.2,8.5,0.1,6.7,70.9,0,1,0,0,0,0,0,0,0,1,0,0,0,0,1,0,0,1,0,0,0,3
58.4,0,25.7,128.2,90.3,159.8,187.3,1,4.9,7.4,1.7,7.9,84.9,0,1,0,0,0,1,0,0,0,1,0,0,0,0,1,0,0,1,0,0,0,3
48.6,0,19.1,143.2,100.4,157.9,188.7,0,4.7,6.8,1.5,7.3,68.6,0,1,0,0,0,0,0,0,0,0,0,0,0,0,1,0,0,1,0,0,0,3
63.9,0,22.5,130.9,92.2,92.0,191.3,0,4.1,7.8,2.9,5.7,85.4,0,1,0,0,0,0,0,0,0,0,0,0,0,0,1,0,0,1,0,0,0,3
62.6,1,18.8,160.2,106.0,159.4,129.5,1,3.2,7.3,1.3,7.6,78.5,0,1,0,0,0,1,0,0,0,1,0,0,0,0,0,0,0,1,0,0,0,3
63.2,0,24.7,146.9,103.4,156.9,172.9,0,4.1,7.5,0.4,9.4,76.7,0,0,0,0,0,1,0,0,0,0,0,0,0,0,1,0,0,1,0,0,0,3
54.2,1,27.0,144.6,83.1,137.9,147.8,0,4.7,6.0,6.2,5.9,68.9,0,1,0,0,0,1,0,0,0,1,0,0,0,0,0,0,0,1,0,0,0,3
49.5,0,21.1,140.5,101.5,154.4,160.7,0,4.4,8.0,1.0,7.4,75.0,0,1,0,0,0,0,0,0,0,1,0,0,0,0,0,0,0,1,0,0,0,3
55.8,0,24.2,164.5,94.6,111.9,193.8,0,0.9,8.3,1.2,9.1,80.9,0,1,0,0,0,0,0,0,0,1,0,0,0,0,1,0,0,0,0,0,0,3
71.2,0,22.3,182.6,83.4,141.1,174.2,0,3.4,7.3,0.4,3.5,74.2,0,0,0,0,0,0,0,0,0,1,0,0,0,0,1,0,0,1,0,0,0,3
53.3,0,24.9,160.5,91.5,136.3,144.2,0,4.5,7.0,0.1,8.0,64.1,0,1,0,0,0,1,0,0,0,0,0,0,0,0,1,0,0,0,0,0,0,3
73.6,0,25.1,157.8,91.6,92.0,149.4,1,7.0,6.6,0.4,7.9,63.9,0,1,0,0,0,0,0,0,0,1,0,0,0,0,0,0,0,1,0,0,0,3
56.0,0,26.7,135.8,89.9,109.1,168.1,0,2.6,6.8,5.3,5.8,73.7,0,1,0,0,0,0,0,0,0,1,0,0,0,0,1,0,0,0,0,0,0,3
62.1,1,22.0,146.9,85.0,166.7,153.6,0,3.2,7.2,0.1,9.5,74.3,0,0,0,0,0,1,0,0,0,0,0,0,0,0,0,0,0,1,0,0,0,3
59.1,1,26.6,162.3,84.8,164.5,178.5,0,5.0,7.2,8.1,6.8,60.9,0,1,0,0,0,1,0,0,0,1,0,0,0,0,0,0,0,1,0,0,0,3
70.5,1,23.7,146.2,82.6,130.9,207.7,0,4.1,6.5,2.1,7.3,85.8,0,1,0,0,0,1,0,0,0,0,0,0,0,0,0,0,0,1,0,0,0,3
70.9,1,23.8,129.6,97.2,155.4,213.5,0,2.8,8.0,0.1,8.0,65.4,0,1,0,0,0,0,0,0,0,1,0,0,0,0,1,0,0,1,0,0,0,3
72.3,0,16.4,168.2,104.3,144.7,182.0,1,5.0,8.9,3.2,6.4,75.5,0,1,0,0,0,0,0,0,0,0,0,0,0,0,0,0,0,1,0,0,0,3
60.6,1,21.5,157.1,109.8,138.1,174.6,0,1.0,8.0,10.4,5.8,66.1,0,1,0,0,0,0,0,0,0,1,0,0,0,0,0,0,0,0,0,0,0,3
61.1,0,25.7,159.3,75.3,120.5,177.2,0,-0.7,7.4,0.3,7.8,77.0,0,1,0,0,0,0,0,0,0,0,0,0,0,0,0,0,0,1,0,0,0,3
55.0,0,23.4,140.8,87.9,160.2,199.3,0,3.4,8.4,1.8,4.7,71.5,0,0,0,0,0,0,0,0,0,1,0,0,0,0,1,0,0,1,0,0,0,3
50.7,0,23.8,140.0,92.5,152.3,188.7,0,6.1,6.7,1.1,8.4,79.4,0,1,0,0,0,1,0,0,0,1,0,0,0,0,1,0,0,1,0,0,0,3
58.1,1,24.3,144.1,97.4,146.3,141.7,0,2.5,5.3,1.2,6.6,79.9,0,1,0,0,0,1,0,0,0,0,0,0,0,0,0,0,0,1,0,0,0,3
62.2,0,20.1,181.9,94.9,151.4,167.5,0,4.8,7.3,0.9,6.8,70.4,0,1,0,0,0,1,0,0,0,1,0,0,0,0,1,0,0,1,0,0,0,3
57.4,0,28.4,172.1,82.6,121.7,171.5,0,2.3,8.0,0.3,7.1,70.0,0,0,0,0,0,0,0,0,0,1,0,0,0,0,1,0,0,1,0,0,0,3
70.9,0,22.6,155.2,96.6,117.1,152.3,0,5.2,7.3,0.6,8.6,81.5,0,1,0,0,0,0,0,0,0,1,0,0,0,0,1,0,0,1,0,0,0,3
66.3,0,26.5,126.0,96.7,150.5,135.5,0,4.0,7.4,0.6,6.1,72.2,0,1,0,0,0,1,0,0,0,0,0,0,0,0,1,0,0,1,0,0,0,3
66.6,1,25.9,162.2,85.6,109.0,182.4,0,3.8,6.5,4.8,8.6,92.0,0,1,0,0,0,0,0,0,0,1,0,0,0,0,1,0,0,1,0,0,0,3
57.2,1,22.8,169.9,103.5,92.0,172.3,0,5.0,8.1,4.8,6.8,77.4,1,1,0,0,0,1,0,0,0,1,0,0,0,0,0,0,0,0,0,0,0,3
79.3,1,21.4,162.8,103.9,115.6,185.5,0,3.7,6.1,4.5,6.3,67.8,0,1,0,0,0,0,0,0,0,1,0,0,0,0,1,0,0,1,0,0,0,3
67.5,0,24.6,161.7,75.7,111.4,192.8,0,1.4,6.2,1.4,3.8,75.9,1,1,0,0,0,0,0,0,0,1,0,0,0,0,0,0,0,0,0,0,0,3
44.9,0,23.2,143.8,91.2,121.1,193.1,1,4.6,6.3,0.6,7.4,68.8,0,1,0,0,0,0,0,0,0,0,0,0,0,0,1,0,0,1,0,0,0,3
48.3,0,20.7,126.0,86.3,141.4,166.8,0,6.8,8.9,4.3,4.1,82.3,0,1,0,0,0,1,0,0,0,1,0,0,0,0,0,0,0,1,0,0,0,3
83.4,0,26.6,147.4,77.7,146.7,163.8,0,1.8,7.9,1.3,7.4,73.5,0,1,0,0,0,1,0,0,0,1,0,0,0,0,1,0,0,1,0,0,0,3
58.7,0,22.1,141.7,88.9,135.6,195.2,0,5.2,8.4,0.5,8.0,72.6,0,1,0,0,0,1,0,0,0,1,0,0,0,0,0,0,0,1,0,0,0,3
59.7,0,24.1,151.3,75.0,133.1,161.9,0,5.5,7.1,1.9,7.3,72.3,0,1,0,0,0,0,0,0,0,1,0,0,0,0,0,0,0,1,0,0,0,3
69.4,1,21.8,137.9,86.3,128.9,187.7,1,6.5,6.3,1.0,4.3,70.8,0,1,0,0,0,0,0,0,0,1,0,0,0,0,1,0,0,1,0,0,0,3
57.4,0,26.0,140.9,78.9,185.9,174.9,0,4.9,6.1,4.8,8.9,54.9,0,1,0,0,0,0,0,0,0,0,0,0,0,0,1,0,0,1,0,0,0,3
59.3,1,18.3,151.7,95.7,146.9,192.2,1,6.1,8.5,0.0,4.5,59.2,0,1,0,0,0,0,0,0,0,1,0,0,0,0,1,0,0,1,0,0,0,3
66.7,0,23.2,128.5,99.6,153.6,167.2,0,2.2,7.0,4.3,5.0,77.0,0,1,0,0,0,1,0,0,0,1,0,0,0,0,1,0,0,1,0,0,0,3
70.1,0,19.6,157.0,92.6,143.2,183.5,1,6.4,6.3,3.5,7.5,75.0,1,1,0,0,0,1,0,0,0,1,0,0,0,0,1,0,0,1,0,0,0,3
67.3,0,25.2,157.0,84.9,139.9,179.9,0,5.6,7.8,1.9,7.3,61.9,0,1,0,0,0,0,0,0,0,1,0,0,0,0,0,0,0,0,0,0,0,3
52.4,1,17.2,128.9,86.7,114.7,190.2,0,2.4,6.4,3.8,4.7,71.8,1,1,0,0,0,0,0,0,0,0,0,0,0,0,1,0,0,1,0,0,0,3
77.3,1,25.1,149.7,75.0,104.2,196.5,0,2.2,7.2,0.5,8.3,67.3,0,1,0,0,0,1,0,0,0,1,0,0,0,0,0,0,0,1,0,0,0,3
79.9,1,22.2,157.4,100.4,103.3,186.7,0,2.6,8.4,1.1,7.3,72.0,0,1,0,0,0,0,0,0,0,0,0,0,0,0,1,0,0,0,0,0,0,3
50.2,1,23.1,139.2,79.9,155.2,172.1,0,1.3,7.1,0.2,4.3,70.3,0,1,0,0,0,1,0,0,0,1,0,0,0,0,1,0,0,1,0,0,0,3
55.9,1,24.7,155.6,87.8,139.5,190.5,0,2.0,7.1,1.5,4.3,63.7,0,1,0,0,0,0,0,0,0,0,0,0,0,0,1,0,0,0,0,0,0,3
51.9,0,28.9,154.0,84.8,92.0,177.7,0,2.7,7.2,0.1,7.1,76.1,0,1,0,0,0,1,0,0,0,1,0,0,0,0,0,0,0,1,0,0,0,3
81.0,1,21.0,148.0,96.3,92.0,174.2,0,1.5,8.5,3.8,7.1,77.6,0,1,0,0,0,0,0,0,0,1,0,0,0,0,1,0,0,0,0,0,0,3
72.5,1,22.7,135.7,76.5,144.3,175.3,0,0.1,8.8,2.9,7.2,77.8,0,1,0,0,0,0,0,0,0,1,0,0,0,0,1,0,0,1,0,0,0,3
64.2,0,18.7,158.4,100.4,187.6,201.0,1,5.0,7.1,1.0,9.3,75.3,1,1,0,0,0,0,0,0,0,1,0,0,0,0,1,0,0,1,0,0,0,3
65.8,0,22.3,159.4,82.3,123.6,175.5,0,5.6,8.2,1.0,8.6,77.2,0,1,0,0,0,1,0,0,0,1,0,0,0,0,1,0,0,1,0,0,0,3
55.3,1,20.1,160.4,81.8,101.7,194.3,0,4.4,7.8,0.5,7.1,71.7,0,0,0,0,0,0,0,0,0,1,0,0,0,0,0,0,0,1,0,0,0,3
73.4,0,24.3,138.7,98.9,110.4,196.6,0,4.0,5.7,6.3,7.7,84.7,0,1,0,0,0,0,0,0,0,0,0,0,0,0,0,0,0,1,0,0,0,3
67.7,0,21.5,168.1,75.0,144.4,162.4,0,5.3,7.2,1.8,6.5,71.0,0,1,0,0,0,1,0,0,0,1,0,0,0,0,0,0,0,0,0,0,0,3
54.6,1,20.6,128.2,88.8,210.0,142.7,0,7.4,6.3,0.4,5.9,77.4,0,1,0,0,0,0,0,0,0,0,0,0,0,0,0,0,0,1,0,0,0,3
63.7,0,22.1,170.4,84.3,96.2,168.1,0,2.0,8.2,0.2,6.4,69.1,1,0,0,0,0,1,0,0,0,1,0,0,0,0,0,0,0,1,0,0,0,3
63.1,1,24.4,150.2,97.2,98.9,188.3,1,4.8,6.8,0.2,5.8,78.2,0,1,0,0,0,1,0,0,0,0,0,0,0,0,1,0,0,1,0,0,0,3
62.1,1,24.1,144.8,83.1,141.1,213.2,0,4.1,6.2,0.0,7.8,64.7,0,0,0,0,0,1,0,0,0,1,0,0,0,0,0,0,0,1,0,0,0,3
72.6,1,24.1,137.5,95.2,131.4,166.7,0,2.6,7.3,2.1,9.1,67.9,0,1,0,0,0,1,0,0,0,1,0,0,0,0,1,0,0,1,0,0,0,3
51.6,1,25.2,149.1,75.0,133.9,194.2,0,6.4,6.5,1.1,5.6,77.5,0,1,0,0,0,0,0,0,0,0,0,0,0,0,0,0,0,1,0,0,0,3
64.5,0,23.4,166.8,87.8,138.6,179.9,1,1.4,8.6,2.6,5.7,56.3,0,1,0,0,0,0,0,0,0,0,0,0,0,0,1,0,0,1,0,0,0,3
72.8,0,19.2,154.6,94.2,126.8,173.1,0,5.9,7.4,0.5,6.6,72.0,0,1,0,0,0,1,0,0,0,0,0,0,0,0,0,0,0,1,0,0,0,3
59.8,1,23.4,144.7,89.1,102.9,193.6,1,2.2,7.8,4.4,8.1,64.4,0,1,0,0,0,0,0,0,0,1,0,0,0,0,1,0,0,0,0,0,0,3
56.1,0,19.7,167.9,83.2,131.3,173.6,1,6.3,8.3,10.8,5.9,74.7,0,1,0,0,0,0,0,0,0,0,0,0,0,0,0,0,0,1,0,0,0,3
67.5,1,22.1,158.5,99.7,92.0,197.6,0,5.0,6.1,0.4,6.5,78.0,0,0,0,0,0,0,0,0,0,1,0,0,0,0,0,0,0,1,0,0,0,3
59.3,0,25.3,154.9,76.5,137.2,165.0,1,4.6,7.3,0.8,7.5,68.7,0,1,0,0,0,1,0,0,0,1,0,0,0,0,1,0,0,0,0,0,0,3
81.4,0,25.2,141.6,84.1,144.3,139.9,0,6.9,7.3,2.4,6.7,64.4,0,1,0,0,0,1,0,0,0,1,0,0,0,0,1,0,0,1,0,0,0,3
73.2,0,17.7,188.4,78.6,133.8,162.6,1,3.5,7.8,0.1,6.9,73.9,0,1,0,0,0,0,0,0,0,0,0,0,0,0,1,0,0,1,0,0,0,3
60.2,1,19.5,149.2,92.3,122.4,176.0,1,0.3,7.3,0.6,6.1,85.2,0,1,0,0,0,0,0,0,0,0,0,0,0,0,1,0,0,1,0,0,0,3
70.8,1,27.8,129.7,79.3,121.8,193.0,0,3.8,7.8,0.3,7.6,89.5,1,1,0,0,0,1,0,0,0,0,0,0,0,0,1,0,0,1,0,0,0,3
49.5,1,25.6,143.0,88.4,158.5,187.7,1,5.8,7.6,0.2,6.2,69.8,0,1,0,0,0,1,0,0,0,1,0,0,0,0,1,0,0,1,0,0,0,3
59.4,0,23.6,146.3,99.3,157.8,178.5,0,3.9,5.6,1.6,4.9,62.8,0,1,0,0,0,1,0,0,0,1,0,0,0,0,0,0,0,1,0,0,0,3
57.2,0,26.3,179.8,90.1,151.6,187.3,0,2.5,5.8,3.7,6.0,73.2,0,1,0,0,0,0,0,0,0,1,0,0,0,0,0,0,0,1,0,0,0,3
78.9,0,17.7,154.4,93.4,135.0,170.4,0,3.1,8.0,1.7,5.5,72.8,0,1,0,0,0,1,0,0,0,0,0,0,0,0,0,0,0,1,0,0,0,3
63.0,0,21.6,158.9,99.6,185.5,187.4,0,7.1,7.0,2.5,5.9,68.9,0,0,0,0,0,1,0,0,0,0,0,0,0,0,0,0,0,1,0,0,0,3
71.8,1,26.4,147.8,104.6,161.8,163.8,0,4.6,8.0,2.1,5.4,67.1,0,1,0,0,0,1,0,0,0,1,0,0,0,0,0,0,0,1,0,0,0,3
71.2,0,26.8,156.3,83.6,119.0,130.9,0,0.5,4.6,0.7,6.4,74.4,0,1,0,0,0,1,0,0,0,1,0,0,0,0,1,0,0,1,0,0,0,3
60.0,1,22.9,166.6,88.2,119.2,174.0,0,2.9,9.6,6.1,7.3,73.4,0,1,0,0,0,1,0,0,0,0,0,0,0,0,0,0,0,1,0,0,0,3
59.9,1,25.3,144.5,90.8,175.0,182.2,0,5.2,6.6,0.6,8.3,73.2,0,0,0,0,0,0,0,0,0,1,0,0,0,0,1,0,0,1,0,0,0,3
63.0,1,26.2,126.0,88.6,114.4,143.2,0,4.2,6.9,0.8,6.9,68.2,0,0,0,0,0,1,0,0,0,0,0,0,0,0,0,0,0,1,0,0,0,3
61.9,1,26.2,138.7,83.5,112.8,199.3,0,7.3,7.3,2.3,4.6,78.4,0,1,0,0,0,0,0,0,0,0,0,0,0,0,0,0,0,1,0,0,0,3
71.1,1,16.9,147.5,91.0,124.2,177.0,0,7.3,5.3,1.0,7.2,69.4,0,1,0,0,0,0,0,0,0,1,0,0,0,0,0,0,0,1,0,0,0,3
61.1,0,27.7,137.8,88.2,129.3,196.6,0,2.7,7.1,7.5,8.1,77.6,0,1,0,0,0,0,0,0,0,1,0,0,0,0,1,0,0,1,0,0,0,3
67.4,1,22.3,127.5,82.2,129.6,186.4,0,2.3,5.9,2.2,6.3,61.0,0,1,0,0,0,1,0,0,0,1,0,0,0,0,1,0,0,1,0,0,0,3
60.9,1,22.7,150.5,91.3,98.7,164.8,0,5.1,9.0,4.4,5.6,66.4,0,1,0,0,0,0,0,0,0,1,0,0,0,0,1,0,0,1,0,0,0,3
54.4,0,22.6,154.1,99.2,105.1,206.0,1,5.5,6.9,0.4,6.5,72.1,0,1,0,0,0,0,0,0,0,1,0,0,0,0,1,0,0,1,0,0,0,3
70.7,0,22.2,154.0,91.9,161.5,156.4,0,0.9,6.7,3.8,2.6,71.5,0,1,0,0,0,0,0,0,0,0,0,0,0,0,0,0,0,1,0,0,0,3
52.7,0,24.0,144.3,85.3,192.8,202.7,0,5.5,7.6,7.8,7.9,70.1,0,1,0,0,0,0,0,0,0,1,0,0,0,0,0,0,0,1,0,0,0,3
55.0,1,20.9,161.2,94.0,100.1,185.8,0,7.0,8.8,1.0,10.1,67.7,0,1,0,0,0,1,0,0,0,0,0,0,0,0,0,0,0,0,0,0,0,3
64.4,0,16.1,126.0,90.6,125.9,177.3,0,2.0,7.7,3.0,4.5,79.3,0,1,0,0,0,0,0,0,0,1,0,0,0,0,0,0,0,1,0,0,0,3
55.9,0,23.4,150.0,85.9,141.0,187.4,0,5.4,6.1,1.9,6.0,58.9,0,1,0,0,0,0,0,0,0,1,0,0,0,0,0,0,0,0,0,0,0,3
70.4,1,27.4,140.3,76.6,148.3,190.3,1,5.6,6.8,3.4,6.7,70.7,0,1,0,0,0,0,0,0,0,0,0,0,0,0,1,0,0,1,0,0,0,3
64.3,0,18.2,141.6,81.8,135.3,180.2,1,1.9,7.8,1.3,7.0,85.6,0,1,0,0,0,0,0,0,0,1,0,0,0,0,0,0,0,1,0,0,0,3
50.5,1,18.3,151.2,104.0,135.3,211.8,0,4.1,7.9,1.2,7.1,70.6,0,1,0,0,0,1,0,0,0,1,0,0,0,0,0,0,0,0,0,0,0,3
64.5,1,24.9,134.0,81.5,104.9,173.6,1,3.2,7.1,2.9,6.0,63.7,0,1,0,0,0,1,0,0,0,1,0,0,0,0,0,0,0,1,0,0,0,3
77.0,1,23.2,130.4,89.0,127.4,166.0,1,2.7,6.3,3.8,6.2,65.7,1,1,0,0,0,1,0,0,0,0,0,0,0,0,1,0,0,1,0,0,0,3
51.8,1,21.8,158.6,91.7,115.2,181.2,0,4.2,8.1,2.1,6.5,79.6,0,1,0,0,0,0,0,0,0,1,0,0,0,0,1,0,0,1,0,0,0,3
62.2,0,20.6,132.5,101.5,120.6,192.3,0,3.5,9.7,10.7,7.6,67.1,0,1,0,0,0,0,0,0,0,1,0,0,0,0,0,0,0,1,0,0,0,3
61.0,0,17.5,146.8,100.0,120.0,204.9,0,1.9,8.6,5.2,6.2,66.6,0,0,0,0,0,0,0,0,0,0,0,0,0,0,1,0,0,1,0,0,0,3
59.4,1,27.4,154.1,90.8,121.5,162.2,0,3.6,5.9,3.8,4.4,57.1,0,1,0,0,0,0,0,0,0,1,0,0,0,0,1,0,0,1,0,0,0,3
65.9,0,22.5,143.5,92.3,136.7,157.1,0,0.4,6.3,1.1,7.3,62.1,0,1,0,0,0,0,0,0,0,0,0,0,0,0,1,0,0,1,0,0,0,3
57.8,0,22.0,163.5,92.8,146.0,178.6,0,3.4,6.3,2.7,7.7,61.5,0,0,0,0,0,0,0,0,0,1,0,0,0,0,1,0,0,0,0,0,0,3
54.9,1,20.4,156.8,114.9,92.0,162.5,0,3.0,7.6,0.0,5.4,79.5,0,1,0,0,0,0,0,0,0,1,0,0,0,0,0,0,0,1,0,0,0,3
47.5,0,26.9,150.4,103.0,145.7,178.5,0,3.7,7.6,4.1,4.9,81.0,0,1,0,0,0,0,0,0,0,1,0,0,0,0,0,0,0,1,0,0,0,3
60.0,1,26.4,167.5,89.4,122.2,174.8,1,2.1,7.1,13.6,5.8,82.3,0,1,0,0,0,0,0,0,0,1,0,0,0,0,1,0,0,1,0,0,0,3
60.1,1,22.9,149.6,106.1,132.9,184.2,1,1.1,6.3,1.3,7.4,74.5,0,0,0,0,0,1,0,0,0,0,0,0,0,0,1,0,0,1,0,0,0,3
66.6,0,25.4,151.5,98.1,120.0,184.6,0,3.5,6.2,0.6,4.8,61.0,1,1,0,0,0,1,0,0,0,1,0,0,0,0,0,0,0,1,0,0,0,3
73.2,0,25.2,139.0,103.2,92.0,163.4,0,3.3,6.3,0.1,6.7,71.7,0,1,0,0,0,0,0,0,0,1,0,0,0,0,1,0,0,0,0,0,0,3
63.7,0,22.3,135.5,93.1,140.0,202.7,0,6.4,6.9,1.6,6.6,74.4,0,1,0,0,0,1,0,0,0,1,0,0,0,0,1,0,0,0,0,0,0,3
83.1,1,23.3,130.5,95.3,92.0,178.0,0,2.9,5.0,3.5,4.9,61.5,0,1,0,0,0,1,0,0,0,1,0,0,0,0,0,0,0,0,0,0,0,3
65.3,0,24.2,142.1,86.2,118.1,157.9,0,2.5,6.7,0.3,6.6,58.8,1,1,0,0,0,0,0,0,0,0,0,0,0,0,0,0,0,1,0,0,0,3
63.3,0,22.0,159.0,95.4,135.6,201.0,0,4.3,6.6,1.7,8.9,83.0,0,1,0,0,0,0,0,0,0,1,0,0,0,0,0,0,0,1,0,0,0,3
53.1,0,22.4,146.0,94.2,179.2,155.8,0,3.5,6.1,4.4,4.5,64.5,0,1,0,0,0,0,0,0,0,1,0,0,0,0,0,0,0,1,0,0,0,3
57.6,1,24.7,151.4,80.8,129.9,167.0,0,3.4,6.5,1.7,7.3,74.0,0,1,0,0,0,1,0,0,0,1,0,0,0,0,1,0,0,1,0,0,0,3
72.0,1,19.8,158.2,87.9,140.9,173.1,0,4.2,7.2,5.9,6.6,60.2,0,1,0,0,0,0,0,0,0,0,0,0,0,0,1,0,0,1,0,0,0,3
71.7,1,24.3,142.8,77.2,124.1,162.5,1,2.0,6.2,1.3,4.8,68.7,1,1,0,0,0,0,0,0,0,1,0,0,0,0,1,0,0,1,0,0,0,3
54.5,0,22.4,136.1,93.8,108.3,163.6,0,5.5,7.4,0.8,7.4,67.1,0,1,0,0,0,1,0,0,0,1,0,0,0,0,0,0,0,1,0,0,0,3
52.7,1,28.8,155.2,91.4,148.4,181.5,0,4.1,6.8,2.4,8.2,66.4,0,1,0,0,0,1,0,0,0,0,0,0,0,0,0,0,0,1,0,0,0,3
54.8,0,27.3,152.9,95.5,119.4,187.1,0,2.6,7.3,1.9,7.4,67.6,0,1,0,0,0,0,0,0,0,1,0,0,0,0,0,0,0,0,0,0,0,3
51.3,1,20.9,161.4,86.4,111.2,173.5,0,4.1,8.3,1.6,6.3,74.8,0,1,0,0,0,1,0,0,0,1,0,0,0,0,0,0,0,1,0,0,0,3
46.0,1,25.8,137.3,98.9,136.2,179.9,0,2.6,8.5,2.0,3.7,73.4,0,1,0,0,0,0,0,0,0,1,0,0,0,0,1,0,0,1,0,0,0,3
61.3,0,28.7,129.9,85.9,127.6,180.7,0,4.3,9.0,0.1,4.8,64.3,0,1,0,0,0,0,0,0,0,0,0,0,0,0,0,0,0,1,0,0,0,3
58.9,1,19.0,152.2,75.0,138.8,156.7,0,6.9,6.6,3.4,8.1,73.6,0,1,0,0,0,1,0,0,0,0,0,0,0,0,1,0,0,1,0,0,0,3
78.5,1,23.4,126.0,115.0,180.1,134.8,0,2.4,7.6,0.8,6.8,66.9,0,1,0,0,0,0,0,0,0,0,0,0,0,0,1,0,0,1,0,0,0,3
67.7,1,25.2,146.9,107.4,107.5,212.9,0,2.7,8.4,1.0,8.3,78.6,0,1,0,0,0,1,0,0,0,1,0,0,0,0,1,0,0,1,0,0,0,3
66.8,0,27.9,146.5,75.4,121.9,159.7,0,5.5,8.3,2.2,8.5,69.7,0,1,0,0,0,0,0,0,0,1,0,0,0,0,0,0,0,1,0,0,0,3
57.0,0,23.6,131.7,87.9,163.1,190.6,0,1.4,8.8,0.4,6.4,65.1,0,1,0,0,0,1,0,0,0,0,0,0,0,0,1,0,0,1,0,0,0,3
60.4,0,21.8,147.1,95.9,115.0,181.9,0,7.0,7.5,0.5,5.4,65.7,0,1,0,0,0,1,0,0,0,1,0,0,0,0,1,0,0,1,0,0,0,3
65.0,1,21.9,148.5,98.7,171.9,186.5,0,3.6,7.6,1.3,7.0,66.0,1,1,0,0,0,0,0,0,0,0,0,0,0,0,0,0,0,1,0,0,0,3
42.8,0,26.4,152.0,112.9,111.7,178.9,1,2.3,5.6,7.7,4.8,78.2,0,1,0,0,0,0,0,0,0,0,0,0,0,0,1,0,0,1,0,0,0,3
76.7,1,18.5,135.5,95.0,125.1,169.1,0,3.9,8.7,1.7,6.7,76.3,0,1,0,0,0,0,0,0,0,1,0,0,0,0,1,0,0,1,0,0,0,3
54.3,0,24.6,152.2,95.2,168.5,162.2,0,3.3,5.6,3.2,7.6,69.3,0,1,0,0,0,0,0,0,0,1,0,0,0,0,0,0,0,0,0,0,0,3
77.5,1,20.8,149.5,98.7,138.8,211.4,1,5.5,6.3,1.6,8.5,59.9,0,1,0,0,0,1,0,0,0,1,0,0,0,0,1,0,0,1,0,0,0,3
50.4,1,22.7,170.1,97.2,115.6,200.7,0,3.0,6.8,0.1,8.8,62.4,0,1,0,0,0,0,0,0,0,0,0,0,0,0,1,0,0,1,0,0,0,3
61.3,1,22.9,139.4,97.5,160.4,201.2,0,2.5,5.2,6.3,3.3,79.9,0,1,0,0,0,1,0,0,0,1,0,0,0,0,1,0,0,1,0,0,0,3
65.3,0,21.9,165.4,84.4,124.4,177.5,1,3.3,9.1,7.9,5.7,67.6,0,1,0,0,0,1,0,0,0,1,0,0,0,0,0,0,0,1,0,0,0,3
63.6,1,22.3,139.6,90.2,162.8,170.0,0,7.0,6.9,0.8,6.2,73.6,0,1,0,0,0,0,0,0,0,1,0,0,0,0,1,0,0,1,0,0,0,3
61.5,0,22.8,145.1,102.1,120.9,156.0,0,1.1,7.3,1.8,7.2,54.5,0,1,0,0,0,0,0,0,0,0,0,0,0,0,1,0,0,1,0,0,0,3
56.6,0,23.7,129.6,90.1,132.6,203.7,0,5.2,6.5,0.9,6.7,62.5,0,1,0,0,0,0,0,0,0,1,0,0,0,0,1,0,0,1,0,0,0,3
52.2,1,21.3,148.8,90.8,126.1,169.7,0,5.0,9.2,1.7,6.6,73.1,0,1,0,0,0,0,0,0,0,1,0,0,0,0,0,0,0,1,0,0,0,3
55.9,1,23.5,164.7,87.7,120.4,189.7,0,3.1,7.6,0.9,5.5,71.8,0,1,0,0,0,0,0,0,0,1,0,0,0,0,1,0,0,1,0,0,0,3
64.1,1,28.2,169.7,94.1,161.6,159.9,0,6.3,7.4,0.3,9.6,78.7,0,0,0,0,0,0,0,0,0,1,0,0,0,0,1,0,0,1,0,0,0,3
67.4,0,24.6,156.2,94.8,140.1,198.0,0,4.9,7.1,1.4,6.6,68.9,0,0,0,0,0,1,0,0,0,1,0,0,0,0,1,0,0,1,0,0,0,3
45.1,1,22.0,145.1,94.9,164.4,160.4,0,3.2,6.7,0.5,8.0,79.3,0,1,0,0,0,0,0,0,0,0,0,0,0,0,0,0,0,1,0,0,0,3
41.6,0,25.7,139.8,82.5,144.6,139.5,0,3.7,7.0,2.5,7.1,58.2,0,1,0,0,0,0,0,0,0,0,0,0,0,0,1,0,0,0,0,0,0,3
57.0,0,25.2,169.6,108.3,113.6,182.5,0,4.9,7.5,4.0,6.0,65.1,0,1,0,0,0,0,0,0,0,1,0,0,0,0,1,0,0,0,0,0,0,3
60.9,1,21.6,153.1,81.8,124.2,160.8,0,5.0,7.8,1.4,6.5,87.6,0,1,0,0,0,1,0,0,0,1,0,0,0,0,1,0,0,1,0,0,0,3
72.5,1,19.8,144.8,106.8,123.1,151.5,1,6.1,8.5,2.1,8.5,75.7,0,1,0,0,0,1,0,0,0,0,0,0,0,0,0,0,0,1,0,0,0,3
66.7,0,22.4,134.9,81.1,118.4,140.5,1,4.2,6.9,3.3,7.6,64.0,0,1,0,0,0,0,0,0,0,1,0,0,0,0,1,0,0,1,0,0,0,3
70.3,1,22.1,158.1,92.1,168.3,183.5,0,4.2,6.1,2.9,8.0,74.9,0,1,0,0,0,0,0,0,0,0,0,0,0,0,1,0,0,1,0,0,0,3
70.5,1,22.1,143.1,97.5,156.4,163.2,0,3.2,8.2,1.6,7.6,61.7,0,1,0,0,0,1,0,0,0,0,0,0,0,0,1,0,0,1,0,0,0,3
59.4,1,23.9,154.2,100.9,129.2,187.8,1,3.2,6.9,0.9,8.7,75.8,1,1,0,0,0,0,0,0,0,0,0,0,0,0,0,0,0,1,0,0,0,3
72.3,0,24.5,130.9,101.0,166.3,213.3,0,3.1,6.9,1.3,8.2,76.0,0,1,0,0,0,0,0,0,0,0,0,0,0,0,0,0,0,0,0,0,0,3
68.5,1,21.9,155.0,96.3,124.1,183.4,1,5.8,6.9,1.5,9.5,91.2,1,1,0,0,0,1,0,0,0,1,0,0,0,0,1,0,0,1,0,0,0,3
68.3,1,25.3,154.7,111.4,132.8,193.0,0,3.8,6.9,0.2,6.6,59.9,0,1,0,0,0,1,0,0,0,1,0,0,0,0,1,0,0,1,0,0,0,3
61.3,1,21.4,176.0,98.8,153.7,175.3,1,3.8,6.6,1.4,6.5,65.9,0,1,0,0,0,0,0,0,0,1,0,0,0,0,0,0,0,1,0,0,0,3
62.1,0,26.2,135.6,87.2,125.4,139.6,1,2.7,6.6,4.9,7.6,73.6,0,0,0,0,0,0,0,0,0,1,0,0,0,0,0,0,0,1,0,0,0,3
67.2,0,22.6,146.6,89.8,153.9,161.4,0,4.1,7.8,1.7,8.2,69.6,0,1,0,0,0,0,0,0,0,1,0,0,0,0,1,0,0,1,0,0,0,3
67.8,0,21.5,162.5,99.0,122.5,198.4,0,4.2,6.3,3.3,7.7,71.2,0,1,0,0,0,1,0,0,0,1,0,0,0,0,1,0,0,1,0,0,0,3
50.4,0,24.7,155.8,83.7,120.2,155.2,0,2.4,6.1,1.7,8.7,66.6,0,1,0,0,0,0,0,0,0,1,0,0,0,0,0,0,0,1,0,0,0,3
56.9,1,23.9,144.9,83.4,121.1,155.3,0,3.8,8.6,2.3,7.1,70.7,0,1,0,0,0,1,0,0,0,1,0,0,0,0,1,0,0,1,0,0,0,3
53.1,1,24.8,155.1,99.7,131.3,196.1,0,3.5,7.3,5.8,5.5,72.2,0,1,0,0,0,1,0,0,0,1,0,0,0,0,1,0,0,1,0,0,0,3
57.2,1,27.8,158.1,86.4,167.8,185.3,0,3.5,4.8,6.1,7.0,66.7,0,1,0,0,0,1,0,0,0,0,0,0,0,0,1,0,0,0,0,0,0,3
78.3,1,24.4,141.8,89.9,161.4,189.6,0,4.4,7.3,0.2,6.6,63.2,0,1,0,0,0,1,0,0,0,0,0,0,0,0,0,0,0,1,0,0,0,3
61.8,1,23.6,140.2,93.2,171.3,190.1,1,2.7,7.3,3.3,6.6,69.2,0,1,0,0,0,0,0,0,0,1,0,0,0,0,0,0,0,1,0,0,0,3
59.9,0,24.6,126.0,87.1,146.9,175.4,0,4.0,7.3,5.2,5.5,78.6,0,0,0,0,0,1,0,0,0,1,0,0,0,0,0,0,0,1,0,0,0,3
57.1,0,24.9,143.1,95.8,178.9,158.9,0,1.5,6.8,5.9,5.2,69.8,0,1,0,0,0,0,0,0,0,1,0,0,0,0,1,0,0,0,0,0,0,3
58.4,0,25.3,127.8,100.6,139.6,187.9,0,3.9,5.5,0.7,5.0,75.9,0,0,0,0,0,1,0,0,0,1,0,0,0,0,0,0,0,1,0,0,0,3
53.3,1,25.0,167.1,82.3,181.2,170.8,0,4.2,7.1,1.8,9.0,64.0,0,1,0,0,0,0,0,0,0,1,0,0,0,0,1,0,0,1,0,0,0,3
65.5,0,22.3,153.0,100.2,134.4,163.0,0,3.7,7.1,2.5,8.5,67.9,0,1,0,0,0,0,0,0,0,1,0,0,0,0,1,0,0,1,0,0,0,3
69.7,1,26.3,158.7,88.2,137.6,175.7,0,3.8,7.6,0.3,6.3,72.4,0,1,0,0,0,1,0,0,0,1,0,0,0,0,0,0,0,1,0,0,0,3
70.3,0,20.5,153.6,95.8,151.7,204.2,0,6.7,8.0,0.1,6.3,75.7,0,1,0,0,0,0,0,0,0,1,0,0,0,0,1,0,0,1,0,0,0,3
80.9,1,27.6,149.7,103.0,113.9,150.1,0,2.5,7.9,3.1,6.7,70.9,0,1,0,0,0,1,0,0,0,1,0,0,0,0,0,0,0,1,0,0,0,3
61.3,1,24.5,141.8,94.1,160.4,186.9,0,1.5,8.6,1.8,9.0,66.2,0,1,0,0,0,0,0,0,0,0,0,0,0,0,0,0,0,1,0,0,0,3
67.7,1,22.9,144.1,97.9,92.0,199.0,1,4.2,7.6,0.1,7.4,78.3,0,1,0,0,0,0,0,0,0,1,0,0,0,0,1,0,0,1,0,0,0,3
61.5,1,19.7,163.8,98.1,109.5,177.5,1,3.8,8.6,1.1,4.1,76.3,0,0,0,0,0,1,0,0,0,0,0,0,0,0,0,0,0,1,0,0,0,3
61.3,0,23.6,156.7,100.1,131.8,192.5,0,4.1,6.3,3.1,7.0,74.2,0,1,0,0,0,0,0,0,0,1,0,0,0,0,0,0,0,1,0,0,0,3
56.6,1,24.4,156.6,88.9,92.0,141.0,0,6.0,6.7,1.5,8.1,66.2,0,1,0,0,0,1,0,0,0,0,0,0,0,0,1,0,0,1,0,0,0,3
61.9,0,15.8,130.5,80.1,92.0,191.0,0,3.6,7.7,0.0,7.0,75.9,0,1,0,0,0,0,0,0,0,1,0,0,0,0,1,0,0,1,0,0,0,3
44.6,0,26.0,134.6,106.5,111.0,145.5,0,5.8,7.4,3.6,4.2,71.5,0,1,0,0,0,1,0,0,0,1,0,0,0,0,1,0,0,1,0,0,0,3
40.0,1,24.2,149.2,90.6,130.4,175.4,1,7.0,6.6,1.2,6.3,61.0,0,1,0,0,0,0,0,0,0,1,0,0,0,0,1,0,0,1,0,0,0,3
57.0,0,25.7,130.4,85.8,157.2,138.4,0,4.7,8.4,1.3,5.2,67.2,0,1,0,0,0,0,0,0,0,1,0,0,0,0,1,0,0,1,0,0,0,3
61.9,1,23.4,156.3,75.5,111.0,159.6,1,3.8,6.9,4.3,5.9,60.7,0,1,0,0,0,0,0,0,0,1,0,0,0,0,1,0,0,1,0,0,0,3
62.2,0,25.3,140.4,83.7,147.4,209.7,0,5.8,6.7,0.6,6.5,73.1,0,1,0,0,0,1,0,0,0,1,0,0,0,0,1,0,0,1,0,0,0,3
56.3,1,23.1,138.7,87.9,145.6,165.7,1,3.9,6.4,0.6,7.4,72.7,0,0,0,0,0,0,0,0,0,0,0,0,0,0,1,0,0,1,0,0,0,3
67.0,1,25.7,164.6,87.1,165.3,207.4,0,-0.9,6.7,1.8,5.1,75.4,0,0,0,0,0,1,0,0,0,0,0,0,0,0,0,0,0,1,0,0,0,3
57.4,1,25.0,149.5,82.2,142.4,177.6,1,1.4,8.8,1.3,5.8,71.2,0,1,0,0,0,0,0,0,0,1,0,0,0,0,0,0,0,1,0,0,0,3
60.2,1,25.7,133.7,86.8,155.3,187.0,0,5.0,5.1,0.4,10.3,72.5,0,0,0,0,0,0,0,0,0,1,0,0,0,0,1,0,0,1,0,0,0,3
64.1,0,23.3,143.3,87.9,119.1,168.6,0,3.2,8.3,2.8,6.2,60.3,0,0,0,0,0,1,0,0,0,1,0,0,0,0,1,0,0,1,0,0,0,3
61.3,1,27.5,149.4,75.0,97.3,158.9,1,1.9,8.5,3.5,5.8,82.9,0,1,0,0,0,0,0,0,0,1,0,0,0,0,1,0,0,1,0,0,0,3
76.9,0,21.5,172.6,83.6,140.6,189.3,0,4.4,6.8,11.2,6.7,77.5,0,1,0,0,0,0,0,0,0,0,0,0,0,0,0,0,0,1,0,0,0,3
62.6,1,23.9,159.0,92.4,126.2,175.2,1,5.3,6.9,1.7,7.3,65.5,0,1,0,0,0,0,0,0,0,1,0,0,0,0,1,0,0,0,0,0,0,3
71.5,1,19.8,166.3,92.9,169.1,165.1,0,3.0,6.7,4.5,6.6,72.1,0,1,0,0,0,1,0,0,0,0,0,0,0,0,0,0,0,1,0,0,0,3
78.3,0,21.1,130.6,82.1,153.0,213.5,1,-0.7,8.7,0.6,8.6,79.4,0,0,0,0,0,0,0,0,0,0,0,0,0,0,1,0,0,1,0,0,0,3
48.5,0,29.7,157.3,88.3,92.0,188.5,0,4.5,6.1,0.0,6.5,70.1,0,1,0,0,0,0,0,0,0,1,0,0,0,0,1,0,0,0,0,0,0,3
75.5,0,25.0,154.4,82.5,120.6,167.5,0,4.7,8.7,7.1,5.5,70.0,0,1,0,0,0,0,0,0,0,1,0,0,0,0,0,0,0,1,0,0,0,3
54.1,1,18.7,158.0,99.6,144.3,185.4,0,4.9,7.7,1.5,6.1,70.5,0,1,0,0,0,0,0,0,0,1,0,0,0,0,0,0,0,1,0,0,0,3
70.3,0,19.7,157.8,89.0,126.3,157.5,0,4.0,9.0,0.4,6.0,72.2,0,1,0,0,0,0,0,0,0,1,0,0,0,0,0,0,0,1,0,0,0,3
75.6,0,18.4,146.8,104.7,133.6,197.1,0,4.7,6.3,3.4,7.4,74.9,0,1,0,0,0,0,0,0,0,0,0,0,0,0,1,0,0,1,0,0,0,3
66.1,0,23.7,152.6,80.2,154.6,147.4,0,2.4,7.2,0.1,5.2,68.5,0,1,0,0,0,1,0,0,0,1,0,0,0,0,1,0,0,0,0,0,0,3
55.7,0,23.4,132.8,75.0,118.4,161.0,0,5.8,7.5,0.5,8.4,79.5,0,1,0,0,0,1,0,0,0,1,0,0,0,0,1,0,0,1,0,0,0,3
60.9,0,21.5,167.4,91.8,175.7,171.2,0,5.0,6.3,0.7,4.5,76.0,0,1,0,0,0,1,0,0,0,0,0,0,0,0,1,0,0,0,0,0,0,3
74.3,1,22.0,153.6,84.8,104.4,181.4,0,1.7,7.8,4.0,6.5,65.7,0,1,0,0,0,1,0,0,0,1,0,0,0,0,1,0,0,1,0,0,0,3
57.4,0,24.4,160.7,89.1,124.3,209.8,1,5.1,7.5,3.4,6.2,60.2,0,1,0,0,0,0,0,0,0,1,0,0,0,0,1,0,0,1,0,0,0,3
69.7,0,21.4,144.0,86.6,100.0,166.7,0,2.1,6.8,1.6,6.8,76.4,0,1,0,0,0,0,0,0,0,0,0,0,0,0,1,0,0,1,0,0,0,3
76.5,0,20.1,134.3,92.7,134.4,220.1,0,3.9,7.5,0.3,5.9,71.7,0,1,0,0,0,0,0,0,0,1,0,0,0,0,1,0,0,1,0,0,0,3
62.7,1,23.3,156.7,78.5,135.4,213.2,1,3.9,6.0,7.3,7.6,77.8,0,1,0,0,0,0,0,0,0,1,0,0,0,0,1,0,0,1,0,0,0,3
67.4,1,26.0,145.3,88.0,126.1,183.9,1,4.3,6.5,2.2,6.7,82.7,0,1,0,0,0,1,0,0,0,1,0,0,0,0,0,0,0,1,0,0,0,3
59.3,1,21.4,126.0,96.1,138.9,189.0,0,3.9,7.3,2.8,6.3,65.9,0,1,0,0,0,1,0,0,0,1,0,0,0,0,0,0,0,1,0,0,0,3
64.3,1,22.9,127.2,95.5,104.1,181.9,0,3.0,6.2,2.6,7.8,66.1,0,0,0,0,0,1,0,0,0,1,0,0,0,0,0,0,0,1,0,0,0,3
71.3,1,28.1,148.4,95.1,152.1,183.2,0,6.1,6.8,3.8,6.1,55.8,0,1,0,0,0,0,0,0,0,1,0,0,0,0,1,0,0,1,0,0,0,3
71.2,0,28.1,126.5,95.4,104.2,182.4,0,4.8,5.5,4.9,4.8,74.1,0,1,0,0,0,1,0,0,0,1,0,0,0,0,0,0,0,1,0,0,0,3
73.4,1,25.0,152.3,87.0,127.5,170.7,0,3.1,7.3,1.6,6.3,64.3,0,1,0,0,0,0,0,0,0,0,0,0,0,0,1,0,0,1,0,0,0,3
68.7,0,20.0,147.1,99.3,103.8,175.4,0,2.6,7.2,1.2,4.9,75.8,0,1,0,0,0,1,0,0,0,0,0,0,0,0,1,0,0,1,0,0,0,3
62.0,0,21.1,140.0,98.7,93.6,180.2,1,4.7,6.3,3.7,9.1,68.7,0,1,0,0,0,1,0,0,0,1,0,0,0,0,1,0,0,1,0,0,0,3
57.8,1,22.4,153.1,89.5,108.8,189.0,0,3.6,6.4,0.3,4.9,73.8,0,0,0,0,0,0,0,0,0,0,0,0,0,0,1,0,0,1,0,0,0,3
70.3,1,23.1,126.0,85.9,96.2,188.5,0,2.7,8.2,0.8,7.5,80.6,1,1,0,0,0,0,0,0,0,1,0,0,0,0,0,0,0,1,0,0,0,3
45.4,0,23.5,126.0,92.8,118.4,170.5,0,4.7,8.0,2.5,3.8,85.7,0,1,0,0,0,1,0,0,0,1,0,0,0,0,1,0,0,1,0,0,0,3
66.2,1,26.8,169.6,91.2,132.2,201.6,0,2.8,7.4,5.1,5.9,58.3,0,1,0,0,0,0,0,0,0,1,0,0,0,0,0,0,0,1,0,0,0,3
58.8,0,24.2,156.1,94.5,106.3,191.3,1,3.7,7.0,0.4,4.5,80.8,0,1,0,0,0,0,0,0,0,0,0,0,0,0,1,0,0,1,0,0,0,3
63.6,1,26.1,166.2,88.0,135.9,168.3,0,3.1,8.5,1.9,7.3,81.6,0,1,0,0,0,0,0,0,0,1,0,0,0,0,0,0,0,1,0,0,0,3
61.5,0,24.6,153.3,85.7,165.8,164.5,0,2.4,7.8,5.2,7.1,65.8,0,1,0,0,0,0,0,0,0,1,0,0,0,0,1,0,0,1,0,0,0,3
70.3,0,20.9,176.4,98.3,111.4,209.3,0,2.8,7.0,0.4,4.7,66.0,0,0,0,0,0,1,0,0,0,1,0,0,0,0,0,0,0,1,0,0,0,3
73.5,1,23.4,131.8,102.1,138.0,201.2,0,2.1,5.6,2.0,6.7,60.7,0,1,0,0,0,0,0,0,0,1,0,0,0,0,1,0,0,1,0,0,0,3
65.3,1,18.9,155.2,75.0,139.9,172.2,0,4.6,5.9,3.9,9.0,75.7,0,1,0,0,0,0,0,0,0,0,0,0,0,0,0,0,0,1,0,0,0,3
55.9,1,23.8,150.5,97.7,131.7,153.7,1,3.7,8.7,2.0,7.3,68.2,0,1,0,0,0,0,0,0,0,0,0,0,0,0,1,0,0,1,0,0,0,3
69.1,0,24.9,149.5,96.3,115.8,178.2,0,2.8,7.0,3.9,8.2,58.4,0,1,0,0,0,0,0,0,0,1,0,0,0,0,1,0,0,1,0,0,0,3
73.8,1,21.1,135.3,83.2,127.2,126.3,1,2.4,5.8,0.3,5.2,74.9,1,1,0,0,0,1,0,0,0,1,0,0,0,0,1,0,0,1,0,0,0,3
61.2,0,25.4,141.3,103.3,113.0,178.0,1,5.1,6.8,0.6,8.0,61.3,0,1,0,0,0,0,0,0,0,0,0,0,0,0,1,0,0,1,0,0,0,3
59.4,0,26.3,128.4,91.6,99.1,172.0,0,2.1,6.1,0.9,6.2,69.4,1,0,0,0,0,0,0,0,0,1,0,0,0,0,0,0,0,1,0,0,0,3
69.6,0,23.6,180.3,95.4,123.1,171.5,0,3.2,7.2,3.3,8.1,67.6,0,1,0,0,0,0,0,0,0,0,0,0,0,0,1,0,0,1,0,0,0,3
56.2,1,25.9,139.9,104.8,98.6,136.1,1,3.9,8.7,3.0,4.9,77.5,0,1,0,0,0,1,0,0,0,0,0,0,0,0,0,0,0,1,0,0,0,3
64.5,1,25.5,165.3,81.5,109.5,157.3,0,4.9,6.5,0.0,7.1,75.2,0,1,0,0,0,1,0,0,0,1,0,0,0,0,0,0,0,1,0,0,0,3
72.2,1,24.1,138.1,94.2,92.0,144.7,1,2.6,7.5,3.7,9.9,53.2,0,1,0,0,0,0,0,0,0,0,0,0,0,0,1,0,0,1,0,0,0,3
81.0,1,21.1,139.7,91.3,139.7,195.4,0,1.3,7.2,2.7,4.0,67.9,0,1,0,0,0,1,0,0,0,1,0,0,0,0,0,0,0,1,0,0,0,3
50.0,0,25.0,142.8,93.3,167.4,166.7,1,2.9,7.9,0.6,5.0,67.6,0,0,0,0,0,0,0,0,0,0,0,0,0,0,1,0,0,1,0,0,0,3
67.1,0,23.4,142.6,93.9,130.2,190.2,0,4.8,6.1,4.1,6.7,75.9,0,1,0,0,0,0,0,0,0,1,0,0,0,0,1,0,0,1,0,0,0,3
58.2,0,22.0,155.1,102.3,118.5,188.1,0,4.5,7.2,3.5,7.4,65.4,0,1,0,0,0,0,0,0,0,1,0,0,0,0,1,0,0,1,0,0,0,3
55.9,0,25.4,146.9,90.9,110.3,173.4,0,3.5,7.7,0.5,6.6,70.3,0,1,0,0,0,0,0,0,0,0,0,0,0,0,0,0,0,1,0,0,0,3
54.3,1,22.2,126.0,75.0,141.4,181.4,0,1.5,6.7,6.6,7.5,74.6,0,1,0,0,0,0,0,0,0,0,0,0,0,0,0,0,0,1,0,0,0,3
75.3,0,25.0,136.7,97.0,157.6,196.3,0,3.9,11.3,1.1,6.8,81.7,0,1,0,0,0,1,0,0,0,1,0,0,0,0,1,0,0,1,0,0,0,3
62.6,0,25.6,157.5,91.1,97.0,157.3,1,5.1,5.9,1.2,7.6,74.7,0,1,0,0,0,0,0,0,0,1,0,0,0,0,0,0,0,1,0,0,0,3
78.2,0,23.9,154.4,102.1,121.1,179.1,1,1.7,7.6,0.9,6.0,69.9,0,1,0,0,0,1,0,0,0,1,0,0,0,0,1,0,0,1,0,0,0,3
64.6,0,23.9,175.3,97.1,140.0,144.8,0,3.2,8.0,2.3,8.0,68.8,0,1,0,0,0,0,0,0,0,0,0,0,0,0,1,0,0,1,0,0,0,3
70.4,1,23.2,126.0,90.2,103.4,174.7,1,2.9,6.3,8.9,6.1,83.5,0,1,0,0,0,0,0,0,0,1,0,0,0,0,1,0,0,0,0,0,0,3
59.6,0,22.3,143.4,87.1,130.9,201.6,0,4.2,6.3,0.2,3.3,67.0,0,1,0,0,0,0,0,0,0,1,0,0,0,0,1,0,0,1,0,0,0,3
72.0,1,23.5,156.9,92.6,152.1,185.7,0,-0.0,7.2,3.2,6.3,78.7,0,1,0,0,0,0,0,0,0,1,0,0,0,0,0,0,0,1,0,0,0,3
59.1,0,22.2,126.0,87.8,125.4,220.1,0,3.9,7.1,0.8,3.9,64.8,0,1,0,0,0,0,0,0,0,1,0,0,0,0,1,0,0,1,0,0,0,3
58.9,0,24.3,134.9,91.2,164.5,185.0,0,2.5,6.2,1.5,7.4,63.9,0,1,0,0,0,0,0,0,0,0,0,0,0,0,1,0,0,1,0,0,0,3
56.5,1,25.9,149.6,96.9,137.8,151.1,0,3.7,8.2,1.9,4.4,74.3,0,1,0,0,0,0,0,0,0,1,0,0,0,0,1,0,0,1,0,0,0,3
68.7,0,23.2,159.0,96.9,99.7,187.4,0,0.3,6.8,1.2,7.3,52.1,0,1,0,0,0,0,0,0,0,0,0,0,0,0,0,0,0,1,0,0,0,3
64.9,1,24.3,141.6,99.9,137.6,171.5,1,4.3,6.4,3.7,8.8,76.2,0,1,0,0,0,0,0,0,0,0,0,0,0,0,0,0,0,1,0,0,0,3
52.5,1,21.4,136.8,95.0,153.3,149.3,0,3.0,7.4,0.9,6.3,54.6,0,1,0,0,0,1,0,0,0,0,0,0,0,0,1,0,0,1,0,0,0,3
66.3,0,22.5,126.0,100.5,140.0,119.7,1,2.5,6.2,0.9,9.1,77.5,0,1,0,0,0,1,0,0,0,0,0,0,0,0,0,0,0,0,0,0,0,3
55.7,1,20.8,156.6,76.0,140.2,186.5,1,2.6,7.0,1.2,7.0,62.0,0,1,0,0,0,0,0,0,0,1,0,0,0,0,1,0,0,1,0,0,0,3
70.7,1,25.8,126.0,93.9,110.9,206.7,0,0.1,6.8,3.8,6.3,80.3,0,0,0,0,0,0,0,0,0,0,0,0,0,0,1,0,0,0,0,0,0,3
67.7,1,23.4,146.9,90.1,118.1,214.8,1,6.2,6.7,0.1,8.0,64.3,1,1,0,0,0,0,0,0,0,1,0,0,0,0,1,0,0,1,0,0,0,3
58.1,1,23.0,146.7,81.2,125.9,212.7,0,2.5,5.5,4.1,5.0,77.0,0,1,0,0,0,1,0,0,0,0,0,0,0,0,0,0,0,0,0,0,0,3
72.2,1,20.4,161.2,95.7,153.7,165.5,0,3.6,7.1,1.1,6.0,75.0,0,1,0,0,0,0,0,0,0,1,0,0,0,0,0,0,0,1,0,0,0,3
68.1,0,21.3,138.7,91.3,137.9,208.2,0,4.5,9.7,1.1,7.8,61.4,0,1,0,0,0,0,0,0,0,1,0,0,0,0,0,0,0,1,0,0,0,3
65.4,0,20.9,156.6,80.7,149.3,179.8,0,2.1,5.5,0.9,8.6,66.0,0,1,0,0,0,0,0,0,0,1,0,0,0,0,0,0,0,1,0,0,0,3
58.9,1,24.2,175.4,80.5,119.8,158.2,0,5.1,7.2,3.9,5.0,62.5,0,1,0,0,0,1,0,0,0,1,0,0,0,0,0,0,0,0,0,0,0,3
64.9,1,19.3,145.5,95.0,137.3,188.4,1,2.7,5.7,7.7,6.0,78.2,0,1,0,0,0,0,0,0,0,1,0,0,0,0,0,0,0,1,0,0,0,3
69.8,1,26.4,147.7,86.1,185.2,178.3,0,4.8,7.7,0.8,7.8,81.3,0,1,0,0,0,1,0,0,0,1,0,0,0,0,1,0,0,1,0,0,0,3
55.2,1,19.6,149.1,92.1,163.1,194.3,0,2.3,7.3,0.2,6.0,74.6,0,1,0,0,0,1,0,0,0,0,0,0,0,0,0,0,0,0,0,0,0,3
51.4,1,24.2,126.0,75.8,137.8,134.8,0,3.5,6.6,6.2,6.1,77.9,0,1,0,0,0,0,0,0,0,1,0,0,0,0,0,0,0,0,0,0,0,3
71.0,0,21.9,160.2,77.0,124.1,192.3,0,1.0,6.2,1.5,4.9,64.7,0,1,0,0,0,0,0,0,0,1,0,0,0,0,1,0,0,0,0,0,0,3
63.5,0,24.3,148.1,102.3,136.9,169.6,0,4.8,6.3,3.7,7.5,73.8,0,1,0,0,0,1,0,0,0,1,0,0,0,0,1,0,0,0,0,0,0,3
61.0,1,25.7,141.2,103.1,153.5,174.3,0,2.2,6.7,6.0,6.3,73.3,0,1,0,0,0,1,0,0,0,1,0,0,0,0,1,0,0,1,0,0,0,3
64.3,1,26.2,147.7,95.2,153.2,173.0,0,5.4,6.6,1.5,9.1,65.8,0,1,0,0,0,0,0,0,0,0,0,0,0,0,0,0,0,1,0,0,0,3
54.6,0,25.3,141.7,84.1,124.7,169.0,0,2.5,7.6,0.1,5.7,81.4,0,1,0,0,0,1,0,0,0,1,0,0,0,0,1,0,0,1,0,0,0,3
58.7,0,26.1,167.2,97.3,101.0,205.3,0,4.8,6.6,4.2,7.3,77.0,0,1,0,0,0,0,0,0,0,1,0,0,0,0,0,0,0,1,0,0,0,3
67.9,0,22.4,142.2,96.7,140.3,153.9,1,1.5,7.5,0.5,8.3,71.8,0,1,0,0,0,0,0,0,0,1,0,0,0,0,0,0,0,1,0,0,0,3
54.4,0,24.2,145.6,75.6,165.8,146.6,0,3.7,7.5,3.8,10.6,67.0,0,1,0,0,0,1,0,0,0,0,0,0,0,0,1,0,0,1,0,0,0,3
66.3,1,22.7,149.0,82.3,130.6,147.8,0,5.9,5.7,2.8,8.8,75.0,0,1,0,0,0,0,0,0,0,1,0,0,0,0,1,0,0,1,0,0,0,3
79.9,1,21.6,142.2,89.4,139.2,161.8,0,6.0,9.0,0.3,5.2,59.1,0,1,0,0,0,0,0,0,0,0,0,0,0,0,1,0,0,0,0,0,0,3
56.8,1,21.9,149.6,87.1,154.8,192.5,1,2.0,7.1,0.1,7.4,65.4,0,1,0,0,0,0,0,0,0,1,0,0,0,0,1,0,0,1,0,0,0,3
78.0,0,22.5,169.0,94.9,141.6,204.7,0,1.6,7.5,0.8,7.7,77.3,0,1,0,0,0,0,0,0,0,1,0,0,0,0,1,0,0,1,0,0,0,3
48.4,0,20.6,148.8,90.9,114.7,173.3,0,3.6,7.4,2.2,6.3,73.6,0,1,0,0,0,1,0,0,0,1,0,0,0,0,0,0,0,1,0,0,0,3
73.9,0,21.8,164.6,104.3,137.5,162.3,1,3.4,8.0,5.2,5.7,65.6,0,1,0,0,0,1,0,0,0,0,0,0,0,0,0,0,0,1,0,0,0,3
84.0,0,24.1,134.3,80.9,109.6,203.5,0,2.5,7.5,0.3,7.6,72.8,0,1,0,0,0,1,0,0,0,0,0,0,0,0,1,0,0,1,0,0,0,3
61.8,1,20.7,152.9,90.1,102.0,200.9,0,3.5,7.5,0.8,7.5,70.5,0,1,0,0,0,1,0,0,0,1,0,0,0,0,1,0,0,1,0,0,0,3
46.5,0,23.8,140.0,101.4,145.3,191.5,0,2.0,7.0,1.6,8.3,71.2,0,1,0,0,0,0,0,0,0,1,0,0,0,0,0,0,0,1,0,0,0,3
59.0,0,24.5,126.0,81.8,118.2,217.4,0,3.7,7.2,2.8,5.3,70.5,0,1,0,0,0,0,0,0,0,1,0,0,0,0,1,0,0,1,0,0,0,3
52.4,1,21.2,129.5,83.6,92.0,194.8,1,4.3,6.0,0.3,4.9,64.7,0,1,0,0,0,0,0,0,0,1,0,0,0,0,0,0,0,1,0,0,0,3
55.0,0,24.7,135.3,90.9,173.9,201.0,0,4.8,6.3,5.6,7.2,66.0,0,1,0,0,0,1,0,0,0,1,0,0,0,0,0,0,0,1,0,0,0,3
60.8,0,24.2,164.2,115.0,139.1,193.4,0,3.2,7.2,0.3,5.4,66.0,0,1,0,0,0,0,0,0,0,0,0,0,0,0,0,0,0,0,0,0,0,3
59.8,1,22.8,150.7,103.4,121.0,190.1,0,2.0,8.2,0.7,7.4,83.3,0,1,0,0,0,0,0,0,0,0,0,0,0,0,1,0,0,1,0,0,0,3
68.3,0,26.7,119.9,66.3,92.3,158.7,1,1.3,6.2,1.8,6.2,73.3,0,0,0,1,0,0,0,0,0,0,0,0,0,0,0,1,1,0,0,0,0,4
60.6,0,23.4,126.1,79.7,92.7,165.5,1,0.8,6.6,1.6,7.5,69.3,0,0,0,0,0,0,0,0,0,0,0,0,0,0,0,1,1,0,0,0,0,4
53.5,0,16.0,128.3,73.0,89.1,159.8,1,1.8,6.2,11.1,8.0,78.0,0,1,0,1,0,0,0,0,0,0,0,0,0,0,0,1,1,0,0,0,0,4
57.0,0,21.0,104.1,71.7,88.5,163.4,1,0.4,7.7,1.0,7.7,73.0,0,1,0,1,0,0,0,0,0,0,0,0,0,0,0,1,0,0,0,0,0,4
72.3,1,25.8,120.5,66.2,85.6,164.7,1,1.4,8.5,0.2,5.9,70.5,0,0,0,1,0,0,0,0,0,0,0,0,0,0,0,1,1,0,0,0,0,4
59.6,1,21.6,130.8,71.4,90.6,147.5,1,1.4,6.9,7.3,5.7,72.4,0,1,0,1,0,0,0,0,0,0,0,0,0,0,0,1,1,0,0,0,0,4
55.5,0,23.5,116.3,78.3,85.8,170.0,1,2.0,8.2,1.4,5.0,61.6,0,1,0,1,0,0,0,0,0,0,0,0,0,0,0,1,1,0,0,0,0,4
52.7,1,22.9,113.8,68.2,84.0,185.3,1,1.0,7.4,2.2,5.2,86.3,0,0,0,1,0,0,0,0,0,0,0,0,0,0,0,1,1,0,0,0,0,4
60.8,1,21.1,111.9,80.7,95.1,155.6,1,1.5,8.2,0.3,6.0,78.5,0,1,0,1,0,0,0,0,0,0,0,0,0,0,0,1,1,0,0,0,0,4
43.6,0,21.5,115.8,73.2,89.5,177.6,1,0.0,7.1,1.0,8.3,70.5,0,1,0,1,0,0,0,0,0,0,0,0,0,0,0,1,1,0,0,0,0,4
56.1,1,25.1,112.5,74.5,78.8,195.9,1,1.3,6.5,5.7,5.7,67.7,0,0,0,1,0,0,0,0,0,0,0,0,0,0,0,1,0,0,0,0,0,4
54.5,1,25.4,112.9,78.1,87.0,183.2,1,0.4,9.2,7.8,5.3,83.0,0,1,0,1,0,0,0,0,0,0,0,0,0,0,0,1,0,0,0,0,0,4
61.3,0,23.2,122.0,78.9,96.3,141.2,1,1.9,6.8,1.3,7.7,73.6,0,1,0,1,0,0,0,0,0,0,0,0,0,0,0,1,1,0,0,0,0,4
67.3,1,18.9,115.1,86.6,91.6,154.0,1,1.8,6.8,3.9,6.0,72.5,0,0,0,1,0,0,0,0,0,0,0,0,0,0,0,1,1,0,0,0,0,4
72.2,1,24.1,124.1,77.1,110.5,166.6,1,1.3,6.8,0.3,6.4,84.2,0,1,0,1,0,0,0,0,0,0,0,0,0,0,0,1,1,0,0,0,0,4
72.5,0,23.6,123.5,76.8,80.2,184.4,1,1.4,6.7,8.8,5.0,73.0,0,1,0,1,0,0,0,0,0,0,0,0,0,0,0,1,1,0,0,0,0,4
82.3,1,20.0,106.9,73.9,96.8,206.7,1,0.3,7.6,1.3,5.6,71.2,1,1,0,1,0,0,0,0,0,0,0,0,0,0,0,1,1,0,0,0,0,4
63.9,0,20.1,118.7,71.5,83.2,163.6,1,1.5,6.2,2.0,8.4,86.2,0,1,0,0,0,0,0,0,0,0,0,0,0,0,0,1,1,0,0,0,0,4
69.4,0,25.2,112.9,79.2,83.0,191.2,1,0.3,5.9,0.9,5.3,78.6,0,0,0,1,0,0,0,0,0,0,0,0,0,0,0,1,1,0,0,0,0,4
52.9,0,28.9,119.8,75.0,89.8,186.7,1,0.9,7.1,7.4,6.6,78.8,0,1,0,1,0,0,0,0,0,0,0,0,0,0,0,1,1,0,0,0,0,4
78.6,1,20.1,117.3,74.6,81.3,141.1,1,1.0,7.5,1.0,7.8,64.5,0,0,0,1,0,0,0,0,0,0,0,0,0,0,0,1,0,0,0,0,0,4
61.0,1,20.3,116.9,84.9,94.1,144.8,1,1.0,8.5,1.1,6.4,66.5,0,1,0,1,0,0,0,0,0,0,0,0,0,0,0,1,1,0,0,0,0,4
46.2,0,28.8,113.6,82.4,99.2,197.2,1,1.0,6.9,3.1,4.7,77.3,0,1,0,1,0,0,0,0,0,0,0,0,0,0,0,1,1,0,0,0,0,4
55.3,0,25.8,121.1,80.4,87.7,185.2,1,0.8,5.6,0.6,5.8,81.3,0,1,0,1,0,0,0,0,0,0,0,0,0,0,0,1,1,0,0,0,0,4
66.7,0,23.1,114.7,72.2,91.6,170.9,1,0.5,6.2,0.3,4.6,70.3,0,1,0,1,0,0,0,0,0,0,0,0,0,0,0,1,1,0,0,0,0,4
51.2,1,22.9,117.7,74.7,99.4,151.7,1,2.1,6.1,1.3,8.0,66.1,0,1,0,1,0,0,0,0,0,0,0,0,0,0,0,1,1,0,0,0,0,4
59.8,0,20.8,114.0,74.3,90.4,190.4,1,0.9,7.9,0.1,6.9,67.6,0,1,0,1,0,0,0,0,0,0,0,0,0,0,0,1,1,0,0,0,0,4
50.8,0,25.2,116.7,74.8,103.1,162.4,1,0.7,6.2,2.0,8.4,66.9,0,0,0,1,0,0,0,0,0,0,0,0,0,0,0,1,0,0,0,0,0,4
54.5,1,22.3,115.9,79.7,98.8,187.4,1,2.5,6.6,0.5,4.9,71.1,1,0,0,1,0,0,0,0,0,0,0,0,0,0,0,1,1,0,0,0,0,4
65.7,0,23.8,109.3,84.8,84.1,163.4,1,1.3,8.1,3.0,9.1,64.7,0,1,0,1,0,0,0,0,0,0,0,0,0,0,0,0,1,0,0,0,0,4
65.2,1,28.0,105.9,84.6,85.0,185.8,1,1.9,6.8,0.1,7.4,80.9,0,1,0,1,0,0,0,0,0,0,0,0,0,0,0,1,1,0,0,0,0,4
64.6,0,23.7,114.1,68.3,105.0,156.1,1,0.4,6.8,5.4,7.8,80.0,0,1,0,1,0,0,0,0,0,0,0,0,0,0,0,1,1,0,0,0,0,4
68.6,0,26.2,117.9,73.8,103.4,193.2,1,0.7,7.8,1.1,6.8,77.9,0,0,0,1,0,0,0,0,0,0,0,0,0,0,0,1,1,0,0,0,0,4
54.7,1,23.9,115.2,69.4,86.0,167.8,1,0.7,6.6,0.4,6.7,70.7,1,0,0,1,0,0,0,0,0,0,0,0,0,0,0,1,1,0,0,0,0,4
60.0,0,26.6,112.2,71.5,84.0,153.7,1,0.7,8.0,0.9,7.7,67.5,0,1,0,0,0,0,0,0,0,0,0,0,0,0,0,1,1,0,0,0,0,4
51.5,1,22.1,115.8,76.7,94.9,180.6,1,0.7,8.1,1.5,7.9,67.5,0,0,0,1,0,0,0,0,0,0,0,0,0,0,0,1,0,0,0,0,0,4
63.0,0,26.2,122.8,70.4,91.2,165.0,1,1.0,5.0,0.3,6.1,52.4,0,1,0,1,0,0,0,0,0,0,0,0,0,0,0,1,1,0,0,0,0,4
65.3,1,24.3,121.1,69.4,72.1,140.9,1,2.2,7.0,4.3,8.8,76.6,0,1,0,1,0,0,0,0,0,0,0,0,0,0,0,1,1,0,0,0,0,4
61.1,0,25.1,105.1,70.7,92.1,186.2,1,0.4,9.0,0.7,7.3,77.2,0,0,0,1,0,0,0,0,0,0,0,0,0,0,0,1,1,0,0,0,0,4
55.1,1,19.0,112.9,77.2,79.5,169.9,1,0.8,6.8,5.7,6.7,65.9,0,1,0,1,0,0,0,0,0,0,0,0,0,0,0,1,1,0,0,0,0,4
44.1,0,22.6,116.6,72.9,82.5,202.5,1,0.1,6.4,2.5,7.1,75.2,0,1,0,1,0,0,0,0,0,0,0,0,0,0,0,1,1,0,0,0,0,4
60.6,0,24.5,124.3,83.2,81.4,185.1,1,0.2,6.8,5.7,6.5,73.5,0,1,0,1,0,0,0,0,0,0,0,0,0,0,0,1,1,0,0,0,0,4
56.5,1,20.0,112.3,83.9,87.3,178.8,1,0.0,5.7,1.6,5.0,81.0,1,0,0,1,0,0,0,0,0,0,0,0,0,0,0,1,1,0,0,0,0,4
56.0,0,18.2,108.6,80.2,83.9,204.9,1,1.0,7.5,6.9,6.5,70.8,1,1,0,1,0,0,0,0,0,0,0,0,0,0,0,0,1,0,0,0,0,4
56.8,0,21.6,124.4,77.2,88.4,174.5,1,0.9,7.4,0.1,6.8,73.8,0,1,0,1,0,0,0,0,0,0,0,0,0,0,0,1,1,0,0,0,0,4
60.1,0,22.0,108.0,76.9,91.0,192.2,1,1.6,6.5,7.3,8.1,75.0,0,1,0,1,0,0,0,0,0,0,0,0,0,0,0,0,1,0,0,0,0,4
63.1,1,27.0,128.5,71.3,83.5,134.8,1,1.0,6.9,1.7,4.7,85.0,0,1,0,1,0,0,0,0,0,0,0,0,0,0,0,1,1,0,0,0,0,4
54.7,1,18.4,116.5,78.1,84.5,182.5,1,1.4,7.5,4.7,5.5,62.0,0,1,0,0,0,0,0,0,0,0,0,0,0,0,0,1,1,0,0,0,0,4
62.1,1,24.5,115.0,74.3,94.3,185.9,1,2.0,6.7,2.3,5.0,80.4,1,1,0,0,0,0,0,0,0,0,0,0,0,0,0,1,1,0,0,0,0,4
57.2,1,25.8,120.7,76.9,102.4,151.4,1,1.9,7.7,0.8,5.9,80.9,0,0,0,1,0,0,0,0,0,0,0,0,0,0,0,1,1,0,0,0,0,4
58.4,1,28.2,115.5,73.3,89.2,203.7,1,1.5,7.8,1.0,8.0,67.5,0,0,0,1,0,0,0,0,0,0,0,0,0,0,0,1,0,0,0,0,0,4
51.8,1,20.3,110.9,81.6,85.9,153.3,1,0.7,6.8,0.2,8.1,79.0,0,0,0,0,0,0,0,0,0,0,0,0,0,0,0,0,1,0,0,0,0,4
65.4,0,19.0,118.7,88.2,88.6,155.1,1,0.5,7.7,0.1,5.1,77.3,0,1,0,1,0,0,0,0,0,0,0,0,0,0,0,1,1,0,0,0,0,4
62.5,0,23.1,126.6,75.2,83.6,185.6,1,0.0,9.3,2.7,8.0,70.1,0,0,0,1,0,0,0,0,0,0,0,0,0,0,0,1,0,0,0,0,0,4
67.4,1,24.8,114.8,72.9,82.4,179.5,1,0.3,8.4,0.6,4.8,67.6,0,1,0,1,0,0,0,0,0,0,0,0,0,0,0,1,1,0,0,0,0,4
54.2,1,25.6,123.4,79.1,85.3,169.4,1,0.5,6.8,1.9,5.6,84.6,0,1,0,1,0,0,0,0,0,0,0,0,0,0,0,1,1,0,0,0,0,4
54.0,1,21.5,129.9,79.5,93.4,166.8,1,1.1,6.4,6.4,8.1,62.0,0,1,0,1,0,0,0,0,0,0,0,0,0,0,0,0,1,0,0,0,0,4
67.7,0,27.2,116.4,80.0,88.1,183.0,1,0.0,6.1,4.2,6.0,76.6,0,1,0,1,0,0,0,0,0,0,0,0,0,0,0,1,1,0,0,0,0,4
71.1,0,23.1,119.7,80.8,86.0,149.2,1,0.4,8.3,0.3,8.4,71.5,0,1,0,1,0,0,0,0,0,0,0,0,0,0,0,1,1,0,0,0,0,4
61.2,0,21.3,116.5,72.7,85.4,174.6,1,0.3,6.0,2.5,5.9,74.1,0,1,0,1,0,0,0,0,0,0,0,0,0,0,0,1,1,0,0,0,0,4
54.3,0,22.4,109.0,70.3,93.9,179.3,1,0.0,5.5,0.1,8.8,83.4,1,1,0,1,0,0,0,0,0,0,0,0,0,0,0,1,1,0,0,0,0,4
66.1,0,21.9,109.8,72.5,95.0,184.9,1,1.1,7.0,3.1,7.3,64.3,0,1,0,0,0,0,0,0,0,0,0,0,0,0,0,1,1,0,0,0,0,4
61.9,0,21.9,129.7,77.7,102.1,159.0,1,0.7,4.8,3.0,8.5,66.7,0,1,0,1,0,0,0,0,0,0,0,0,0,0,0,1,1,0,0,0,0,4
67.5,0,24.7,124.5,84.5,87.5,167.8,1,0.6,7.9,0.1,7.5,81.1,0,1,0,1,0,0,0,0,0,0,0,0,0,0,0,0,1,0,0,0,0,4
51.3,0,22.4,145.1,81.7,101.0,185.2,1,0.4,7.3,0.0,5.3,71.8,0,1,0,1,0,0,0,0,0,0,0,0,0,0,0,0,1,0,0,0,0,4
57.1,0,28.0,117.0,66.7,86.1,172.8,1,1.2,6.7,2.9,7.0,70.4,0,0,0,1,0,0,0,0,0,0,0,0,0,0,0,1,1,0,0,0,0,4
59.8,1,22.2,120.7,69.9,83.8,186.2,1,0.8,7.1,1.9,7.5,71.9,0,0,0,1,0,0,0,0,0,0,0,0,0,0,0,1,1,0,0,0,0,4
58.8,0,26.2,112.0,79.3,85.0,179.7,1,1.0,6.8,1.3,7.6,75.2,1,1,0,1,0,0,0,0,0,0,0,0,0,0,0,1,1,0,0,0,0,4
58.7,0,21.1,117.1,72.0,87.0,179.1,1,0.3,6.7,5.7,7.6,72.9,1,1,0,1,0,0,0,0,0,0,0,0,0,0,0,1,0,0,0,0,0,4
55.5,1,21.6,118.5,76.9,75.4,184.8,1,0.2,8.7,2.2,7.7,74.7,0,0,0,1,0,0,0,0,0,0,0,0,0,0,0,1,1,0,0,0,0,4
63.8,0,25.6,128.9,76.4,86.2,161.6,1,0.9,7.0,0.5,7.8,70.2,0,1,0,1,0,0,0,0,0,0,0,0,0,0,0,1,1,0,0,0,0,4
55.3,0,23.1,116.1,73.8,86.2,194.5,1,0.5,6.7,0.7,4.9,62.7,1,1,0,1,0,0,0,0,0,0,0,0,0,0,0,1,1,0,0,0,0,4
50.9,1,21.3,115.1,77.4,92.1,193.5,1,0.2,8.6,7.9,7.3,73.4,0,1,0,1,0,0,0,0,0,0,0,0,0,0,0,1,1,0,0,0,0,4
74.2,0,23.1,116.2,73.0,102.9,180.1,1,1.5,8.5,2.2,6.4,61.6,0,1,0,1,0,0,0,0,0,0,0,0,0,0,0,1,1,0,0,0,0,4
48.6,0,21.8,122.1,80.1,85.7,206.6,1,1.4,6.9,3.2,6.9,77.9,0,1,0,1,0,0,0,0,0,0,0,0,0,0,0,1,1,0,0,0,0,4
49.9,0,23.8,118.7,83.0,92.9,168.8,1,0.0,5.6,4.1,5.8,69.4,0,1,0,1,0,0,0,0,0,0,0,0,0,0,0,1,1,0,0,0,0,4
55.7,0,21.6,111.7,64.4,87.4,175.0,1,1.7,5.6,9.3,5.9,73.5,0,0,0,1,0,0,0,0,0,0,0,0,0,0,0,1,1,0,0,0,0,4
68.9,0,29.8,122.3,75.5,76.7,164.4,1,1.3,6.3,5.8,7.1,75.4,0,0,0,1,0,0,0,0,0,0,0,0,0,0,0,1,1,0,0,0,0,4
72.6,1,23.7,111.9,77.6,92.6,158.1,1,1.7,6.6,1.8,5.9,76.1,0,1,0,1,0,0,0,0,0,0,0,0,0,0,0,1,1,0,0,0,0,4
55.6,1,23.2,114.1,80.9,88.1,194.6,1,0.7,5.9,0.2,7.3,62.1,0,1,0,1,0,0,0,0,0,0,0,0,0,0,0,1,1,0,0,0,0,4
64.0,1,22.2,124.2,78.8,84.7,184.9,1,2.2,7.6,1.6,9.8,80.4,0,1,0,1,0,0,0,0,0,0,0,0,0,0,0,1,1,0,0,0,0,4
47.8,1,23.7,108.9,83.0,91.8,148.3,1,0.9,7.2,2.3,6.5,77.9,0,1,0,1,0,0,0,0,0,0,0,0,0,0,0,1,1,0,0,0,0,4
50.8,0,23.4,131.6,77.9,94.3,133.5,1,0.7,7.2,0.1,7.1,70.2,0,1,0,1,0,0,0,0,0,0,0,0,0,0,0,1,0,0,0,0,0,4
64.8,0,22.4,124.5,68.7,103.2,216.5,1,0.2,6.8,0.4,5.8,70.5,0,1,0,1,0,0,0,0,0,0,0,0,0,0,0,1,1,0,0,0,0,4
69.2,0,26.5,110.1,72.4,96.2,148.1,1,0.7,6.8,11.6,4.4,76.3,0,1,0,1,0,0,0,0,0,0,0,0,0,0,0,1,1,0,0,0,0,4
62.6,1,23.6,118.7,75.7,89.8,168.2,1,1.0,7.4,1.5,7.3,80.6,0,0,0,1,0,0,0,0,0,0,0,0,0,0,0,1,0,0,0,0,0,4
53.3,1,23.4,114.1,76.8,90.5,176.9,1,0.0,7.5,5.7,6.4,77.7,0,0,0,1,0,0,0,0,0,0,0,0,0,0,0,1,1,0,0,0,0,4
61.1,0,24.8,115.3,81.2,101.3,180.9,1,0.8,7.1,0.8,7.4,69.3,0,1,0,1,0,0,0,0,0,0,0,0,0,0,0,1,1,0,0,0,0,4
65.3,0,23.7,124.4,83.7,79.1,175.1,1,1.8,6.7,1.3,6.6,79.1,0,1,0,1,0,0,0,0,0,0,0,0,0,0,0,1,1,0,0,0,0,4
65.4,1,23.2,124.4,77.1,93.0,185.4,1,1.7,7.6,0.4,5.7,68.0,0,0,0,1,0,0,0,0,0,0,0,0,0,0,0,1,1,0,0,0,0,4
57.9,0,20.0,109.1,79.5,76.5,181.3,1,0.4,6.1,1.3,6.3,68.9,1,0,0,1,0,0,0,0,0,0,0,0,0,0,0,1,1,0,0,0,0,4
75.0,1,21.3,111.8,77.2,78.7,188.7,1,0.0,7.0,2.7,6.9,62.6,0,1,0,1,0,0,0,0,0,0,0,0,0,0,0,1,1,0,0,0,0,4
54.4,1,23.2,128.7,85.1,88.0,148.7,1,0.7,8.5,6.7,4.2,67.0,0,1,0,1,0,0,0,0,0,0,0,0,0,0,0,1,1,0,0,0,0,4
69.2,0,22.4,128.6,73.4,95.3,197.9,1,1.0,6.2,1.2,8.3,68.8,0,1,0,1,0,0,0,0,0,0,0,0,0,0,0,1,1,0,0,0,0,4
70.0,0,24.3,115.1,67.7,77.8,165.6,1,0.7,5.9,3.4,3.8,71.6,0,0,0,1,0,0,0,0,0,0,0,0,0,0,0,1,1,0,0,0,0,4
50.7,0,23.4,109.9,78.1,93.7,222.2,1,0.5,8.6,0.6,5.8,84.0,0,0,0,1,0,0,0,0,0,0,0,0,0,0,0,1,1,0,0,0,0,4
67.9,1,28.4,116.5,73.9,98.5,180.9,1,0.5,7.4,5.1,6.1,78.8,0,1,0,1,0,0,0,0,0,0,0,0,0,0,0,1,1,0,0,0,0,4
61.4,0,23.8,117.2,72.6,81.2,190.2,1,1.0,6.3,2.3,4.1,80.1,0,1,0,1,0,0,0,0,0,0,0,0,0,0,0,1,0,0,0,0,0,4
52.7,1,20.0,127.5,74.5,91.6,163.8,1,0.5,6.4,2.4,6.4,66.8,0,1,0,1,0,0,0,0,0,0,0,0,0,0,0,1,1,0,0,0,0,4
57.3,1,23.4,116.9,80.5,98.2,177.9,1,0.7,8.2,0.2,6.2,67.8,0,0,0,1,0,0,0,0,0,0,0,0,0,0,0,1,1,0,0,0,0,4
77.3,1,29.2,130.0,77.3,83.3,179.2,1,1.2,9.5,2.6,9.2,73.9,0,0,0,1,0,0,0,0,0,0,0,0,0,0,0,1,1,0,0,0,0,4
57.5,0,23.5,107.1,65.9,88.3,173.5,1,0.8,7.5,3.4,4.2,71.5,0,1,0,1,0,0,0,0,0,0,0,0,0,0,0,1,1,0,0,0,0,4
62.6,1,27.5,111.7,81.4,99.6,197.3,1,0.9,9.4,1.3,9.6,63.8,0,1,0,1,0,0,0,0,0,0,0,0,0,0,0,1,1,0,0,0,0,4
63.0,0,24.9,117.5,81.9,87.3,204.8,1,0.0,5.6,1.3,6.7,73.8,0,0,0,1,0,0,0,0,0,0,0,0,0,0,0,1,1,0,0,0,0,4
64.6,1,19.9,125.8,75.4,69.8,171.7,1,0.6,5.9,0.8,7.8,68.9,0,0,0,1,0,0,0,0,0,0,0,0,0,0,0,1,0,0,0,0,0,4
59.8,1,24.7,115.7,83.6,74.0,181.3,1,1.3,5.5,0.3,4.8,75.2,0,1,0,1,0,0,0,0,0,0,0,0,0,0,0,1,1,0,0,0,0,4
59.6,0,25.6,128.5,72.7,82.3,187.9,1,0.5,7.2,0.0,7.8,68.6,1,1,0,0,0,0,0,0,0,0,0,0,0,0,0,1,1,0,0,0,0,4
48.3,1,24.1,111.6,80.8,94.1,188.9,1,1.4,5.8,4.1,8.8,59.0,0,1,0,1,0,0,0,0,0,0,0,0,0,0,0,1,1,0,0,0,0,4
56.0,1,25.2,111.6,79.2,86.5,177.2,1,0.0,7.9,3.1,6.7,85.2,0,0,0,1,0,0,0,0,0,0,0,0,0,0,0,1,1,0,0,0,0,4
54.8,0,21.4,116.7,75.8,77.5,168.2,1,2.4,6.7,0.8,7.5,81.7,0,0,0,1,0,0,0,0,0,0,0,0,0,0,0,1,0,0,0,0,0,4
60.3,1,23.5,122.8,76.9,81.3,170.6,1,0.0,7.0,8.3,9.3,70.4,0,1,0,1,0,0,0,0,0,0,0,0,0,0,0,1,1,0,0,0,0,4
67.2,0,25.0,110.6,76.8,77.6,170.8,1,2.1,7.4,4.9,6.7,73.0,0,0,0,1,0,0,0,0,0,0,0,0,0,0,0,1,0,0,0,0,0,4
55.3,0,19.1,118.7,73.9,88.8,168.9,1,0.1,6.6,3.1,5.1,93.8,0,0,0,1,0,0,0,0,0,0,0,0,0,0,0,1,1,0,0,0,0,4
53.7,0,27.8,114.3,77.9,81.7,192.9,1,1.5,8.4,1.4,6.6,76.8,0,0,0,1,0,0,0,0,0,0,0,0,0,0,0,1,1,0,0,0,0,4
65.9,1,21.4,106.2,80.2,90.3,182.2,1,2.1,7.0,2.5,4.7,72.7,0,1,0,1,0,0,0,0,0,0,0,0,0,0,0,0,1,0,0,0,0,4
62.9,0,18.7,112.3,79.5,80.0,197.6,1,0.1,7.5,1.4,7.1,79.2,0,1,0,1,0,0,0,0,0,0,0,0,0,0,0,1,1,0,0,0,0,4
49.7,1,21.8,113.3,81.0,81.8,159.5,1,1.2,7.4,4.1,6.6,66.8,0,1,0,0,0,0,0,0,0,0,0,0,0,0,0,1,1,0,0,0,0,4
61.0,0,27.9,125.0,80.7,96.2,212.2,1,1.1,7.8,6.1,8.0,79.2,0,0,0,1,0,0,0,0,0,0,0,0,0,0,0,1,1,0,0,0,0,4
62.5,1,24.9,117.7,78.9,84.8,150.9,1,1.6,6.7,3.7,5.6,63.6,0,1,0,1,0,0,0,0,0,0,0,0,0,0,0,0,1,0,0,0,0,4
50.3,1,21.6,111.8,74.2,96.2,156.9,1,1.2,7.7,1.7,6.7,75.3,0,1,0,1,0,0,0,0,0,0,0,0,0,0,0,1,0,0,0,0,0,4
75.7,0,23.0,117.8,73.0,91.1,183.1,1,0.7,5.9,0.4,5.9,69.2,0,1,0,1,0,0,0,0,0,0,0,0,0,0,0,0,1,0,0,0,0,4
61.3,1,25.7,118.2,77.0,84.7,177.1,1,1.0,7.5,1.1,7.1,67.7,1,0,0,0,0,0,0,0,0,0,0,0,0,0,0,1,1,0,0,0,0,4
50.8,0,25.5,115.4,73.9,80.4,214.0,1,1.1,8.3,2.1,7.8,76.7,0,1,0,1,0,0,0,0,0,0,0,0,0,0,0,1,0,0,0,0,0,4
59.1,0,21.1,119.1,70.4,94.5,173.5,1,1.4,4.7,0.4,8.8,63.4,0,1,0,1,0,0,0,0,0,0,0,0,0,0,0,1,1,0,0,0,0,4
51.3,1,26.1,115.7,78.3,82.7,195.8,1,0.1,5.6,4.2,8.6,63.7,0,0,0,0,0,0,0,0,0,0,0,0,0,0,0,1,1,0,0,0,0,4
50.9,1,23.3,110.6,81.4,87.6,189.6,1,0.7,7.0,0.5,8.2,67.8,0,1,0,1,0,0,0,0,0,0,0,0,0,0,0,1,1,0,0,0,0,4
76.0,1,20.9,118.1,74.0,97.5,192.1,1,0.9,7.0,3.2,7.1,82.2,0,0,0,1,0,0,0,0,0,0,0,0,0,0,0,1,1,0,0,0,0,4
67.2,1,19.9,115.5,88.6,103.6,176.9,1,0.3,7.5,6.2,6.4,82.7,1,1,0,0,0,0,0,0,0,0,0,0,0,0,0,1,1,0,0,0,0,4
52.1,0,24.3,119.0,66.7,83.3,182.6,1,0.8,6.5,0.4,3.8,63.7,0,0,0,1,0,0,0,0,0,0,0,0,0,0,0,1,1,0,0,0,0,4
60.5,1,23.2,114.9,78.7,71.9,172.3,1,1.5,5.3,1.1,6.5,68.7,0,0,0,1,0,0,0,0,0,0,0,0,0,0,0,1,1,0,0,0,0,4
54.5,0,21.8,108.9,76.1,90.6,171.5,1,0.2,7.0,0.2,7.1,66.9,0,1,0,1,0,0,0,0,0,0,0,0,0,0,0,1,1,0,0,0,0,4
72.6,1,21.8,118.3,84.0,85.1,146.9,1,1.5,7.5,0.3,5.8,75.1,0,1,0,1,0,0,0,0,0,0,0,0,0,0,0,0,1,0,0,0,0,4
67.2,0,23.1,109.5,73.3,82.5,166.2,1,0.6,9.0,3.2,6.4,81.6,0,1,0,1,0,0,0,0,0,0,0,0,0,0,0,1,1,0,0,0,0,4
63.6,1,22.6,118.7,70.6,94.8,162.9,1,0.7,5.9,10.8,5.4,72.9,0,0,0,1,0,0,0,0,0,0,0,0,0,0,0,1,1,0,0,0,0,4
64.9,0,21.2,114.3,74.3,87.7,178.0,1,0.5,6.4,0.2,7.4,75.4,0,0,0,1,0,0,0,0,0,0,0,0,0,0,0,1,1,0,0,0,0,4
82.0,1,23.5,118.5,74.9,97.9,176.4,1,0.7,5.7,1.1,8.1,73.1,0,1,0,1,0,0,0,0,0,0,0,0,0,0,0,0,1,0,0,0,0,4
40.0,1,24.0,103.1,79.5,80.8,195.2,1,0.5,7.3,0.1,7.3,70.7,0,0,0,1,0,0,0,0,0,0,0,0,0,0,0,1,1,0,0,0,0,4
44.6,1,22.2,120.0,74.0,77.9,154.3,1,1.7,6.2,3.8,5.6,67.6,0,1,0,1,0,0,0,0,0,0,0,0,0,0,0,1,1,0,0,0,0,4
68.6,1,22.2,125.9,65.5,98.3,171.6,1,1.7,7.7,2.1,6.4,64.4,0,1,0,1,0,0,0,0,0,0,0,0,0,0,0,1,1,0,0,0,0,4
43.2,1,21.7,127.7,76.6,108.1,175.5,1,1.1,7.8,5.2,6.1,76.8,0,1,0,1,0,0,0,0,0,0,0,0,0,0,0,1,1,0,0,0,0,4
67.5,0,21.0,110.5,77.5,91.8,159.8,1,0.8,6.7,5.1,5.6,73.5,0,0,0,1,0,0,0,0,0,0,0,0,0,0,0,0,1,0,0,0,0,4
49.7,0,28.0,117.6,73.4,82.7,156.5,1,1.0,7.1,7.4,8.6,71.8,0,1,0,1,0,0,0,0,0,0,0,0,0,0,0,1,1,0,0,0,0,4
63.8,0,24.4,114.8,77.8,87.1,178.6,1,1.4,5.9,1.6,5.8,54.8,0,1,0,1,0,0,0,0,0,0,0,0,0,0,0,1,1,0,0,0,0,4
72.0,1,25.3,113.4,76.0,84.4,164.1,1,0.1,6.9,0.0,3.9,68.1,0,0,0,1,0,0,0,0,0,0,0,0,0,0,0,1,1,0,0,0,0,4
71.4,0,23.7,111.0,83.2,86.9,154.3,1,1.5,6.8,10.0,10.7,63.6,0,1,0,1,0,0,0,0,0,0,0,0,0,0,0,1,1,0,0,0,0,4
63.4,1,28.6,113.7,76.9,98.7,179.6,1,0.2,8.2,3.3,7.2,75.0,0,1,0,1,0,0,0,0,0,0,0,0,0,0,0,1,1,0,0,0,0,4
60.0,1,21.6,131.5,67.7,91.8,186.0,1,0.3,7.2,1.7,5.2,69.0,0,1,0,1,0,0,0,0,0,0,0,0,0,0,0,1,1,0,0,0,0,4
65.9,0,25.9,110.3,73.9,85.9,196.8,1,0.7,7.1,3.5,5.4,72.1,0,1,0,1,0,0,0,0,0,0,0,0,0,0,0,1,1,0,0,0,0,4
67.0,1,25.1,109.6,81.8,93.1,165.8,1,1.8,8.0,0.4,4.6,78.8,0,0,0,1,0,0,0,0,0,0,0,0,0,0,0,1,1,0,0,0,0,4
76.2,0,22.2,105.0,71.1,86.9,186.3,1,1.7,8.4,0.1,8.2,78.7,0,1,0,1,0,0,0,0,0,0,0,0,0,0,0,0,1,0,0,0,0,4
60.3,0,19.4,120.0,71.5,83.2,182.4,1,1.5,8.1,1.0,7.2,68.6,1,0,0,1,0,0,0,0,0,0,0,0,0,0,0,1,1,0,0,0,0,4
73.8,0,22.8,103.8,74.4,93.4,192.0,1,1.4,6.9,5.3,8.0,76.9,0,1,0,0,0,0,0,0,0,0,0,0,0,0,0,1,1,0,0,0,0,4
53.6,1,25.8,124.8,80.3,99.0,198.9,1,1.3,7.6,1.6,8.3,67.2,0,1,0,1,0,0,0,0,0,0,0,0,0,0,0,1,1,0,0,0,0,4
62.3,1,23.1,109.6,81.5,91.7,210.5,1,0.8,7.6,2.3,9.1,68.0,0,1,0,1,0,0,0,0,0,0,0,0,0,0,0,1,1,0,0,0,0,4
68.8,1,23.3,132.0,76.1,78.2,165.5,1,0.0,5.4,3.4,8.4,71.3,0,0,0,1,0,0,0,0,0,0,0,0,0,0,0,1,1,0,0,0,0,4
60.1,1,25.9,121.8,63.5,95.8,197.2,1,1.0,8.1,2.4,4.3,66.9,0,1,0,0,0,0,0,0,0,0,0,0,0,0,0,1,1,0,0,0,0,4
74.0,0,25.9,105.3,73.2,105.9,194.3,1,1.0,6.4,0.8,7.5,71.1,0,1,0,1,0,0,0,0,0,0,0,0,0,0,0,1,1,0,0,0,0,4
69.9,1,26.3,120.7,71.1,77.0,194.9,1,1.4,6.6,1.9,6.9,74.0,0,1,0,1,0,0,0,0,0,0,0,0,0,0,0,1,1,0,0,0,0,4
73.4,1,24.7,108.1,73.0,89.8,170.4,1,0.9,6.0,4.9,8.4,76.0,0,1,0,1,0,0,0,0,0,0,0,0,0,0,0,0,1,0,0,0,0,4
62.3,0,16.6,114.6,70.6,85.9,162.1,1,1.8,7.1,4.3,6.3,68.9,1,1,0,1,0,0,0,0,0,0,0,0,0,0,0,1,1,0,0,0,0,4
62.5,1,19.7,114.2,75.0,90.5,150.1,1,0.6,8.1,2.8,6.4,71.9,0,1,0,0,0,0,0,0,0,0,0,0,0,0,0,1,1,0,0,0,0,4
56.6,0,27.6,123.8,82.5,107.7,183.1,1,1.7,6.5,5.8,7.1,78.8,0,1,0,1,0,0,0,0,0,0,0,0,0,0,0,1,1,0,0,0,0,4
72.2,0,20.3,112.2,79.6,93.3,174.4,1,0.9,6.9,1.4,8.1,64.3,0,1,0,1,0,0,0,0,0,0,0,0,0,0,0,1,1,0,0,0,0,4
63.2,0,18.6,129.1,84.7,91.1,163.4,1,2.3,7.2,3.5,7.6,64.3,0,1,0,1,0,0,0,0,0,0,0,0,0,0,0,1,1,0,0,0,0,4
41.8,0,19.7,105.1,76.3,87.5,203.5,1,0.6,5.8,2.0,7.0,61.3,0,0,0,1,0,0,0,0,0,0,0,0,0,0,0,1,1,0,0,0,0,4
42.4,0,28.1,103.7,81.2,91.3,185.2,1,0.3,8.1,0.5,5.0,71.3,0,1,0,1,0,0,0,0,0,0,0,0,0,0,0,1,1,0,0,0,0,4
65.0,0,21.7,107.0,78.5,84.6,199.0,1,0.9,6.8,2.3,6.8,73.7,0,0,0,1,0,0,0,0,0,0,0,0,0,0,0,1,1,0,0,0,0,4
48.6,1,22.9,114.0,82.5,104.0,150.6,1,0.2,6.8,0.6,8.6,71.2,1,1,0,1,0,0,0,0,0,0,0,0,0,0,0,0,1,0,0,0,0,4
64.3,0,27.0,116.1,72.5,95.9,190.7,1,0.5,6.7,0.9,5.6,68.9,1,1,0,1,0,0,0,0,0,0,0,0,0,0,0,1,1,0,0,0,0,4
75.1,0,20.5,118.3,82.3,101.1,151.1,1,0.7,6.8,0.0,6.1,71.8,0,1,0,0,0,0,0,0,0,0,0,0,0,0,0,1,1,0,0,0,0,4
68.2,1,27.6,127.0,79.5,91.1,165.2,1,1.5,7.1,1.8,4.4,70.5,0,0,0,1,0,0,0,0,0,0,0,0,0,0,0,1,1,0,0,0,0,4
60.5,0,19.4,120.1,76.8,88.5,188.6,1,1.3,8.2,0.8,6.2,71.6,0,0,0,1,0,0,0,0,0,0,0,0,0,0,0,1,1,0,0,0,0,4
50.4,1,25.3,134.2,66.8,94.3,196.8,1,0.0,7.3,1.7,9.3,66.6,0,1,0,0,0,0,0,0,0,0,0,0,0,0,0,1,1,0,0,0,0,4
60.5,0,21.8,118.4,75.4,89.0,204.9,1,1.2,7.0,5.1,8.3,77.1,0,1,0,0,0,0,0,0,0,0,0,0,0,0,0,1,1,0,0,0,0,4
68.6,0,23.5,126.0,63.8,79.1,197.9,1,1.8,6.7,1.4,5.7,78.8,0,1,0,1,0,0,0,0,0,0,0,0,0,0,0,0,1,0,0,0,0,4
64.3,0,22.9,110.2,73.2,85.5,197.7,1,1.2,7.9,0.2,5.3,82.9,0,1,0,1,0,0,0,0,0,0,0,0,0,0,0,1,0,0,0,0,0,4
74.5,1,23.8,121.8,76.6,88.6,206.8,1,0.8,6.5,1.7,6.5,65.9,0,1,0,1,0,0,0,0,0,0,0,0,0,0,0,1,1,0,0,0,0,4
63.3,0,23.4,102.8,69.6,93.1,225.3,1,1.0,7.6,1.0,5.6,68.9,0,1,0,1,0,0,0,0,0,0,0,0,0,0,0,1,0,0,0,0,0,4
66.0,1,20.3,113.1,81.9,100.7,154.7,1,0.9,7.8,2.3,3.9,65.3,0,1,0,1,0,0,0,0,0,0,0,0,0,0,0,1,1,0,0,0,0,4
63.9,1,29.6,122.1,78.8,84.1,215.6,1,1.2,5.3,6.8,7.9,71.3,0,1,0,1,0,0,0,0,0,0,0,0,0,0,0,1,1,0,0,0,0,4
41.9,0,20.9,121.4,76.8,96.0,150.7,1,1.3,6.4,1.6,7.4,63.2,1,1,0,1,0,0,0,0,0,0,0,0,0,0,0,1,1,0,0,0,0,4
64.6,0,22.7,119.8,76.1,94.9,177.8,1,0.3,7.4,1.2,6.0,68.6,0,1,0,1,0,0,0,0,0,0,0,0,0,0,0,1,1,0,0,0,0,4
58.1,1,24.3,124.0,73.8,83.7,199.2,1,0.3,7.4,0.4,7.4,68.6,0,0,0,1,0,0,0,0,0,0,0,0,0,0,0,1,1,0,0,0,0,4
65.9,0,26.8,103.7,75.4,72.2,186.5,1,1.4,6.3,0.8,6.9,71.8,0,1,0,1,0,0,0,0,0,0,0,0,0,0,0,1,1,0,0,0,0,4
58.0,0,22.8,121.1,68.9,95.3,173.3,1,0.4,7.4,4.1,5.8,70.2,0,1,0,1,0,0,0,0,0,0,0,0,0,0,0,1,1,0,0,0,0,4
63.3,1,25.1,128.5,73.6,84.3,167.1,1,0.7,7.0,2.8,5.1,75.6,1,0,0,1,0,0,0,0,0,0,0,0,0,0,0,1,1,0,0,0,0,4
57.6,1,23.8,115.9,79.6,95.5,169.2,1,1.1,7.6,5.7,7.1,71.3,0,1,0,1,0,0,0,0,0,0,0,0,0,0,0,1,1,0,0,0,0,4
65.0,0,22.0,124.9,82.4,81.6,180.4,1,0.5,7.4,5.9,8.6,76.0,0,1,0,1,0,0,0,0,0,0,0,0,0,0,0,1,1,0,0,0,0,4
65.5,1,22.3,113.7,78.6,88.9,189.6,1,0.0,7.2,0.7,5.4,66.7,0,1,0,1,0,0,0,0,0,0,0,0,0,0,0,1,1,0,0,0,0,4
62.5,1,21.7,138.5,74.3,88.8,159.7,1,0.1,7.3,3.0,3.8,74.8,0,1,0,0,0,0,0,0,0,0,0,0,0,0,0,1,1,0,0,0,0,4
77.6,1,18.8,116.7,79.1,78.4,206.6,1,1.5,8.8,0.9,7.5,84.7,0,0,0,0,0,0,0,0,0,0,0,0,0,0,0,1,1,0,0,0,0,4
57.3,1,22.8,120.4,81.8,97.9,185.1,1,0.6,7.4,2.4,7.3,66.3,0,1,0,1,0,0,0,0,0,0,0,0,0,0,0,1,1,0,0,0,0,4
71.2,0,25.4,122.2,75.6,94.3,170.3,1,0.4,8.0,2.0,8.3,63.5,0,1,0,1,0,0,0,0,0,0,0,0,0,0,0,1,0,0,0,0,0,4
51.4,0,21.8,115.5,76.1,88.1,195.6,1,0.4,7.2,3.6,10.2,71.0,0,1,0,1,0,0,0,0,0,0,0,0,0,0,0,1,1,0,0,0,0,4
48.6,0,24.7,107.0,77.7,69.0,173.3,1,0.1,7.1,1.1,6.5,87.8,0,0,0,1,0,0,0,0,0,0,0,0,0,0,0,1,0,0,0,0,0,4
71.4,0,23.9,114.0,80.8,90.1,200.2,1,2.5,6.7,5.0,6.8,71.3,0,1,0,1,0,0,0,0,0,0,0,0,0,0,0,1,0,0,0,0,0,4
52.9,0,17.7,113.5,80.4,76.2,187.6,1,1.6,7.7,3.0,6.7,81.6,0,0,0,1,0,0,0,0,0,0,0,0,0,0,0,1,1,0,0,0,0,4
62.4,1,24.7,123.0,65.1,82.1,167.7,1,0.2,8.2,9.3,4.2,77.9,0,1,0,1,0,0,0,0,0,0,0,0,0,0,0,1,1,0,0,0,0,4
65.4,0,26.7,118.5,84.5,78.8,194.9,1,0.3,6.8,1.0,8.1,71.1,0,1,0,1,0,0,0,0,0,0,0,0,0,0,0,0,1,0,0,0,0,4
71.6,1,21.4,105.7,71.8,77.3,219.9,1,1.2,6.7,1.6,4.2,83.3,0,1,0,1,0,0,0,0,0,0,0,0,0,0,0,0,1,0,0,0,0,4
61.0,1,25.5,124.9,75.3,97.4,172.9,1,0.7,5.7,0.8,3.8,61.3,0,0,0,1,0,0,0,0,0,0,0,0,0,0,0,1,1,0,0,0,0,4
59.3,1,21.3,112.8,83.1,90.4,159.8,1,1.2,6.8,4.0,8.3,69.9,0,1,0,1,0,0,0,0,0,0,0,0,0,0,0,1,1,0,0,0,0,4
61.2,0,22.7,120.7,78.3,92.2,171.0,1,1.1,5.7,0.1,7.6,73.6,0,1,0,1,0,0,0,0,0,0,0,0,0,0,0,1,0,0,0,0,0,4
62.2,1,21.1,127.2,75.4,77.6,160.1,1,1.3,7.5,1.0,5.1,80.7,0,0,0,1,0,0,0,0,0,0,0,0,0,0,0,1,1,0,0,0,0,4
47.3,0,28.6,120.7,75.4,92.8,189.8,1,0.1,8.2,2.9,5.0,63.2,0,0,0,1,0,0,0,0,0,0,0,0,0,0,0,1,1,0,0,0,0,4
70.1,0,24.1,110.6,75.0,81.9,172.9,1,0.8,6.9,4.1,5.0,83.1,1,0,0,1,0,0,0,0,0,0,0,0,0,0,0,1,1,0,0,0,0,4
58.8,0,20.2,116.4,75.9,93.9,169.7,1,1.5,5.7,0.9,5.5,79.1,0,1,0,1,0,0,0,0,0,0,0,0,0,0,0,1,1,0,0,0,0,4
58.6,0,19.0,119.1,84.0,88.5,200.6,1,0.8,7.0,2.2,7.0,63.7,0,0,0,1,0,0,0,0,0,0,0,0,0,0,0,1,1,0,0,0,0,4
71.3,1,20.7,111.8,76.2,75.9,164.6,1,0.6,6.8,3.9,6.9,71.7,1,0,0,1,0,0,0,0,0,0,0,0,0,0,0,1,1,0,0,0,0,4
55.3,1,21.8,125.7,76.5,93.0,182.0,1,1.5,7.9,3.9,6.1,77.4,0,1,0,1,0,0,0,0,0,0,0,0,0,0,0,1,1,0,0,0,0,4
75.4,1,20.4,130.0,81.0,86.7,179.0,1,1.0,8.0,5.2,6.4,85.6,0,1,0,1,0,0,0,0,0,0,0,0,0,0,0,1,1,0,0,0,0,4
68.4,1,19.9,111.1,87.7,82.3,182.8,1,1.6,5.1,2.2,5.5,62.0,0,1,0,1,0,0,0,0,0,0,0,0,0,0,0,1,1,0,0,0,0,4
66.6,0,26.4,120.9,72.9,78.4,190.1,1,1.0,7.8,0.2,7.0,75.5,1,1,0,1,0,0,0,0,0,0,0,0,0,0,0,1,1,0,0,0,0,4
60.9,0,23.6,120.7,77.0,86.2,194.0,1,0.5,6.3,0.1,4.2,68.3,0,1,0,1,0,0,0,0,0,0,0,0,0,0,0,1,0,0,0,0,0,4
61.9,1,22.1,118.0,74.5,88.5,180.7,1,0.0,6.6,2.3,6.4,63.8,0,1,0,0,0,0,0,0,0,0,0,0,0,0,0,0,1,0,0,0,0,4
55.4,1,29.4,133.7,84.7,105.8,162.1,1,1.4,7.1,0.4,7.4,64.2,0,0,0,1,0,0,0,0,0,0,0,0,0,0,0,1,1,0,0,0,0,4
51.6,0,25.7,117.8,79.1,81.4,175.0,1,0.0,6.8,3.5,4.4,68.9,0,0,0,1,0,0,0,0,0,0,0,0,0,0,0,1,1,0,0,0,0,4
66.5,1,24.5,116.3,81.6,94.3,156.0,1,2.0,8.4,0.1,9.8,68.8,0,0,0,1,0,0,0,0,0,0,0,0,0,0,0,1,1,0,0,0,0,4
44.7,0,25.2,113.6,80.7,94.3,165.5,1,1.3,8.2,2.5,5.1,82.3,0,1,0,1,0,0,0,0,0,0,0,0,0,0,0,1,1,0,0,0,0,4
58.9,0,20.1,130.5,83.4,86.6,176.7,1,0.3,7.2,5.1,4.4,74.7,0,0,0,1,0,0,0,0,0,0,0,0,0,0,0,0,1,0,0,0,0,4
60.8,0,20.2,105.8,76.5,80.0,188.0,1,1.1,6.5,0.1,4.7,79.7,0,1,0,1,0,0,0,0,0,0,0,0,0,0,0,1,1,0,0,0,0,4
62.5,1,26.0,119.2,77.0,91.9,192.7,1,0.8,7.3,5.3,5.9,78.9,0,1,0,1,0,0,0,0,0,0,0,0,0,0,0,1,1,0,0,0,0,4
63.9,0,24.6,120.1,76.0,106.1,186.7,1,1.2,6.7,5.2,7.6,79.8,0,1,0,1,0,0,0,0,0,0,0,0,0,0,0,1,0,0,0,0,0,4
48.8,0,23.9,122.4,78.1,90.7,166.1,1,0.6,7.3,2.1,6.8,74.2,0,1,0,1,0,0,0,0,0,0,0,0,0,0,0,1,1,0,0,0,0,4
62.9,1,20.2,119.9,79.6,89.2,140.4,1,0.8,7.3,1.4,5.6,57.4,0,1,0,1,0,0,0,0,0,0,0,0,0,0,0,1,1,0,0,0,0,4
44.5,0,25.5,120.9,89.7,83.0,200.8,1,1.4,7.7,4.1,6.9,80.7,0,1,0,1,0,0,0,0,0,0,0,0,0,0,0,1,1,0,0,0,0,4
56.9,1,21.7,102.2,72.3,83.7,154.8,1,0.7,6.8,7.7,7.7,62.3,0,1,0,1,0,0,0,0,0,0,0,0,0,0,0,0,1,0,0,0,0,4
62.1,0,24.5,116.2,81.6,89.8,138.4,1,0.9,7.2,1.5,8.2,82.2,0,0,0,1,0,0,0,0,0,0,0,0,0,0,0,0,1,0,0,0,0,4
71.5,1,25.5,120.4,76.2,95.1,173.8,1,0.2,7.4,1.3,6.2,78.5,0,1,0,1,0,0,0,0,0,0,0,0,0,0,0,1,1,0,0,0,0,4
65.0,1,24.6,128.1,82.8,95.7,184.8,1,0.2,7.0,1.9,7.6,89.1,0,1,0,1,0,0,0,0,0,0,0,0,0,0,0,1,1,0,0,0,0,4
58.3,1,23.8,121.4,83.0,89.7,167.1,1,1.2,6.4,2.1,7.0,57.6,0,0,0,1,0,0,0,0,0,0,0,0,0,0,0,1,1,0,0,0,0,4
67.2,0,21.8,103.0,70.9,93.7,149.9,1,0.2,7.8,6.6,5.8,81.3,0,1,0,1,0,0,0,0,0,0,0,0,0,0,0,0,1,0,0,0,0,4
47.5,1,25.6,115.1,70.4,83.3,170.1,1,1.9,8.0,0.0,5.8,72.5,0,1,0,1,0,0,0,0,0,0,0,0,0,0,0,1,1,0,0,0,0,4
59.3,0,23.8,102.7,72.7,100.1,179.5,1,1.1,6.5,5.3,8.1,65.2,0,1,0,0,0,0,0,0,0,0,0,0,0,0,0,1,1,0,0,0,0,4
58.8,1,22.9,110.5,74.7,99.7,207.9,1,1.6,7.2,1.3,4.8,70.0,0,1,0,1,0,0,0,0,0,0,0,0,0,0,0,1,1,0,0,0,0,4
60.3,1,16.8,107.5,73.5,92.2,152.5,1,1.4,7.6,0.0,7.7,74.3,0,0,0,1,0,0,0,0,0,0,0,0,0,0,0,1,1,0,0,0,0,4
51.7,0,24.9,116.3,85.5,94.4,178.8,1,0.8,5.8,2.5,4.4,69.4,0,0,0,1,0,0,0,0,0,0,0,0,0,0,0,1,1,0,0,0,0,4
49.0,0,23.9,117.4,78.4,89.9,163.3,1,1.2,7.6,0.6,6.4,80.4,0,0,0,1,0,0,0,0,0,0,0,0,0,0,0,1,1,0,0,0,0,4
55.1,0,24.3,117.2,73.5,79.6,180.9,1,0.3,8.9,2.8,5.8,73.4,0,1,0,1,0,0,0,0,0,0,0,0,0,0,0,1,1,0,0,0,0,4
66.1,0,23.0,120.3,74.4,97.1,189.3,1,0.6,7.1,1.1,4.7,74.3,0,0,0,1,0,0,0,0,0,0,0,0,0,0,0,1,1,0,0,0,0,4
70.1,0,27.4,102.9,85.0,80.3,203.5,1,1.0,5.1,1.5,8.2,73.9,0,1,0,1,0,0,0,0,0,0,0,0,0,0,0,1,1,0,0,0,0,4
46.9,1,25.4,119.6,73.7,98.0,169.0,1,0.4,8.4,4.1,8.0,68.8,0,1,0,0,0,0,0,0,0,0,0,0,0,0,0,0,1,0,0,0,0,4
59.5,0,24.3,112.1,73.7,92.2,136.0,1,0.8,7.2,2.3,6.1,70.3,0,0,0,1,0,0,0,0,0,0,0,0,0,0,0,1,1,0,0,0,0,4
69.5,0,21.0,117.4,86.4,87.2,184.9,1,0.7,6.6,1.2,2.9,71.6,0,1,0,1,0,0,0,0,0,0,0,0,0,0,0,1,1,0,0,0,0,4
68.4,0,20.2,113.1,77.1,76.9,140.8,1,1.1,6.9,0.8,7.7,60.0,0,1,0,1,0,0,0,0,0,0,0,0,0,0,0,1,1,0,0,0,0,4
65.4,0,22.2,119.4,82.6,90.2,157.4,1,1.0,6.6,3.4,7.5,67.6,0,1,0,0,0,0,0,0,0,0,0,0,0,0,0,1,1,0,0,0,0,4
48.1,1,24.2,128.6,77.2,92.8,160.9,1,1.8,6.8,2.4,7.5,79.2,0,0,0,1,0,0,0,0,0,0,0,0,0,0,0,1,1,0,0,0,0,4
56.9,1,25.7,117.1,89.2,93.8,180.3,1,0.7,7.5,0.2,5.1,66.8,0,0,0,1,0,0,0,0,0,0,0,0,0,0,0,1,1,0,0,0,0,4
72.4,1,20.0,120.1,70.9,92.2,206.1,1,0.2,7.4,0.6,5.0,78.9,0,1,0,1,0,0,0,0,0,0,0,0,0,0,0,1,1,0,0,0,0,4
68.2,0,18.4,111.2,81.9,109.7,138.1,1,1.3,6.8,0.8,8.2,76.0,0,1,0,1,0,0,0,0,0,0,0,0,0,0,0,1,1,0,0,0,0,4
67.5,0,26.8,117.5,84.3,86.4,147.6,1,1.6,7.6,4.9,8.4,78.4,0,1,0,1,0,0,0,0,0,0,0,0,0,0,0,1,1,0,0,0,0,4
62.3,1,22.6,115.7,80.4,87.8,200.9,1,1.4,8.8,2.7,7.0,67.9,0,1,0,1,0,0,0,0,0,0,0,0,0,0,0,1,1,0,0,0,0,4
58.0,1,23.1,114.5,75.9,91.7,171.2,1,0.0,5.8,1.8,7.2,73.3,0,1,0,1,0,0,0,0,0,0,0,0,0,0,0,1,1,0,0,0,0,4
61.7,0,17.8,124.0,77.0,82.0,161.5,1,1.2,7.8,1.8,7.6,64.6,0,0,0,1,0,0,0,0,0,0,0,0,0,0,0,1,1,0,0,0,0,4
49.1,1,24.1,114.5,73.7,89.7,170.4,1,1.2,7.1,1.7,7.2,51.8,0,1,0,1,0,0,0,0,0,0,0,0,0,0,0,1,1,0,0,0,0,4
79.8,0,26.0,119.5,76.7,79.7,162.3,1,1.7,8.1,1.4,5.5,74.5,1,0,0,1,0,0,0,0,0,0,0,0,0,0,0,1,1,0,0,0,0,4
70.4,0,18.1,120.9,81.8,87.3,187.9,1,0.3,7.6,0.8,6.8,75.9,0,0,0,1,0,0,0,0,0,0,0,0,0,0,0,1,1,0,0,0,0,4
71.0,1,24.4,104.1,79.3,80.2,165.7,1,0.9,7.3,0.3,8.5,64.2,1,1,0,1,0,0,0,0,0,0,0,0,0,0,0,1,1,0,0,0,0,4
56.2,0,25.9,111.5,69.5,80.8,178.5,1,1.0,8.2,1.3,5.5,78.5,0,0,0,1,0,0,0,0,0,0,0,0,0,0,0,1,1,0,0,0,0,4
62.6,0,23.1,121.6,80.4,85.6,171.9,1,0.9,8.9,2.5,7.2,60.0,0,1,0,1,0,0,0,0,0,0,0,0,0,0,0,1,0,0,0,0,0,4
68.0,0,21.1,124.5,71.0,92.1,187.1,1,0.9,6.9,5.8,7.4,79.3,0,1,0,1,0,0,0,0,0,0,0,0,0,0,0,1,1,0,0,0,0,4
54.0,1,21.6,117.7,84.9,93.2,186.5,1,0.5,7.4,0.9,5.2,88.9,0,1,0,1,0,0,0,0,0,0,0,0,0,0,0,1,1,0,0,0,0,4
70.3,1,20.0,103.9,77.8,94.4,116.6,1,0.8,8.1,7.1,4.4,67.9,0,0,0,1,0,0,0,0,0,0,0,0,0,0,0,1,1,0,0,0,0,4
49.4,0,25.6,117.2,80.4,83.1,186.0,1,0.9,7.1,2.1,6.7,61.9,0,1,0,1,0,0,0,0,0,0,0,0,0,0,0,1,1,0,0,0,0,4
58.7,0,22.1,121.3,82.1,77.0,184.7,1,0.0,5.9,0.3,4.3,56.2,0,0,0,1,0,0,0,0,0,0,0,0,0,0,0,1,1,0,0,0,0,4
53.5,0,27.6,130.0,71.3,80.9,166.3,1,1.4,6.2,7.4,6.6,82.3,0,1,0,1,0,0,0,0,0,0,0,0,0,0,0,1,1,0,0,0,0,4
68.4,0,21.0,116.6,72.6,89.4,182.5,1,1.4,8.4,0.7,5.0,79.1,0,1,0,1,0,0,0,0,0,0,0,0,0,0,0,1,1,0,0,0,0,4
54.1,1,25.7,116.6,73.1,95.6,203.1,1,1.2,7.3,3.6,5.3,82.9,0,0,0,1,0,0,0,0,0,0,0,0,0,0,0,1,1,0,0,0,0,4
68.3,0,24.2,116.0,78.5,90.9,192.0,1,1.5,6.4,0.8,8.6,61.4,0,1,0,1,0,0,0,0,0,0,0,0,0,0,0,1,1,0,0,0,0,4
65.7,0,19.5,105.6,76.0,96.4,183.5,1,1.8,8.6,4.2,7.1,72.9,0,0,0,1,0,0,0,0,0,0,0,0,0,0,0,1,1,0,0,0,0,4
51.3,1,22.8,112.9,80.0,78.9,165.4,1,0.0,7.3,0.8,7.2,64.1,0,1,0,1,0,0,0,0,0,0,0,0,0,0,0,1,1,0,0,0,0,4
65.9,0,18.0,122.0,73.5,94.9,170.4,1,1.6,7.3,2.9,6.9,67.6,1,1,0,1,0,0,0,0,0,0,0,0,0,0,0,1,1,0,0,0,0,4
63.0,1,20.1,112.4,76.4,80.8,187.7,1,0.6,7.6,3.0,4.3,75.3,0,0,0,1,0,0,0,0,0,0,0,0,0,0,0,0,1,0,0,0,0,4
74.1,1,24.5,111.0,75.6,91.2,174.8,1,1.2,7.1,0.3,8.1,62.5,0,0,0,1,0,0,0,0,0,0,0,0,0,0,0,1,1,0,0,0,0,4
63.5,1,23.8,127.7,76.2,77.1,178.6,1,1.1,7.6,5.1,5.2,71.9,0,0,0,1,0,0,0,0,0,0,0,0,0,0,0,1,1,0,0,0,0,4
68.1,0,26.8,106.0,76.9,83.8,177.1,1,0.0,8.3,12.1,5.9,66.5,0,0,0,1,0,0,0,0,0,0,0,0,0,0,0,1,1,0,0,0,0,4
58.8,0,22.0,126.8,73.2,94.5,168.7,1,0.3,6.9,1.7,7.7,65.3,0,1,0,1,0,0,0,0,0,0,0,0,0,0,0,1,1,0,0,0,0,4
54.4,0,26.3,119.0,81.5,87.8,178.5,1,1.9,8.6,1.5,6.4,66.3,0,0,0,1,0,0,0,0,0,0,0,0,0,0,0,1,0,0,0,0,0,4
48.4,1,24.0,120.6,78.6,102.8,176.4,1,0.0,5.9,0.5,5.4,79.2,1,1,0,1,0,0,0,0,0,0,0,0,0,0,0,1,0,0,0,0,0,4
69.9,1,20.9,109.6,73.6,96.1,172.5,1,0.9,7.4,1.3,7.7,65.9,0,0,0,1,0,0,0,0,0,0,0,0,0,0,0,1,1,0,0,0,0,4
75.3,0,26.7,128.2,75.6,81.8,173.8,1,0.0,7.5,1.5,7.9,58.5,0,0,0,1,0,0,0,0,0,0,0,0,0,0,0,0,1,0,0,0,0,4
72.9,1,25.2,116.1,76.6,77.7,197.2,1,0.9,8.2,1.1,6.4,59.5,0,1,0,1,0,0,0,0,0,0,0,0,0,0,0,1,1,0,0,0,0,4
81.0,0,25.7,119.6,73.1,84.9,181.1,1,0.5,6.6,3.5,9.0,81.9,0,1,0,1,0,0,0,0,0,0,0,0,0,0,0,1,1,0,0,0,0,4
62.5,0,24.1,115.7,70.6,78.8,168.7,1,0.4,7.9,1.6,6.7,70.3,0,1,0,1,0,0,0,0,0,0,0,0,0,0,0,1,1,0,0,0,0,4
59.1,1,25.1,112.4,81.6,82.1,156.0,1,1.0,7.4,3.7,6.6,69.8,0,1,0,1,0,0,0,0,0,0,0,0,0,0,0,1,1,0,0,0,0,4
70.1,0,22.2,120.4,75.1,89.9,171.2,1,1.3,7.4,4.4,4.3,79.7,0,1,0,1,0,0,0,0,0,0,0,0,0,0,0,1,1,0,0,0,0,4
77.2,1,21.5,120.6,72.3,92.4,168.8,1,1.3,7.0,3.8,7.1,72.3,0,0,0,1,0,0,0,0,0,0,0,0,0,0,0,1,1,0,0,0,0,4
67.0,1,27.1,124.6,74.9,99.8,155.0,1,0.8,7.0,2.4,6.1,70.5,0,1,0,1,0,0,0,0,0,0,0,0,0,0,0,1,1,0,0,0,0,4
52.8,0,30.4,119.7,79.9,95.8,148.7,1,0.0,8.2,5.8,7.2,76.9,0,1,0,1,0,0,0,0,0,0,0,0,0,0,0,1,1,0,0,0,0,4
60.5,1,21.0,120.9,67.3,90.6,147.4,1,0.9,7.8,1.9,7.8,80.3,0,1,0,1,0,0,0,0,0,0,0,0,0,0,0,1,1,0,0,0,0,4
53.3,0,20.3,127.0,75.2,81.0,184.0,1,1.6,6.3,2.9,7.3,68.5,0,1,0,1,0,0,0,0,0,0,0,0,0,0,0,1,1,0,0,0,0,4
49.7,1,22.9,115.8,75.8,85.0,183.4,1,1.5,8.1,6.8,3.9,70.9,0,1,0,1,0,0,0,0,0,0,0,0,0,0,0,1,1,0,0,0,0,4
47.4,1,20.4,114.3,80.0,99.1,178.3,1,1.2,6.8,3.7,5.0,77.0,0,1,0,1,0,0,0,0,0,0,0,0,0,0,0,1,1,0,0,0,0,4
67.6,0,25.4,115.3,72.7,94.8,160.5,1,0.2,8.3,0.8,8.3,77.4,0,0,0,1,0,0,0,0,0,0,0,0,0,0,0,1,1,0,0,0,0,4
68.2,1,24.9,116.8,76.0,93.8,178.0,1,0.2,7.7,3.5,6.5,73.1,0,1,0,1,0,0,0,0,0,0,0,0,0,0,0,1,1,0,0,0,0,4
52.2,1,20.0,116.7,75.8,91.9,195.5,1,1.0,7.5,2.8,5.9,58.1,0,1,0,1,0,0,0,0,0,0,0,0,0,0,0,1,1,0,0,0,0,4
60.4,1,21.6,114.9,76.3,95.2,164.8,1,0.2,6.9,5.8,5.4,77.4,0,1,0,1,0,0,0,0,0,0,0,0,0,0,0,1,1,0,0,0,0,4
56.1,1,24.8,134.6,72.7,67.5,167.4,1,1.4,7.0,9.4,7.3,72.6,0,1,0,1,0,0,0,0,0,0,0,0,0,0,0,1,1,0,0,0,0,4
73.3,1,22.1,110.0,75.9,72.5,184.2,1,0.0,8.1,2.0,7.2,81.8,0,1,0,1,0,0,0,0,0,0,0,0,0,0,0,1,1,0,0,0,0,4
69.4,0,20.0,117.1,73.6,85.8,173.0,1,1.2,8.0,1.0,6.3,77.6,0,1,0,1,0,0,0,0,0,0,0,0,0,0,0,1,1,0,0,0,0,4
57.6,1,26.1,116.2,70.4,94.3,143.2,1,0.6,7.0,5.3,8.1,77.4,1,1,0,1,0,0,0,0,0,0,0,0,0,0,0,1,1,0,0,0,0,4
60.9,0,24.7,110.0,76.3,102.7,155.8,1,0.0,8.0,0.3,8.1,78.6,0,1,0,1,0,0,0,0,0,0,0,0,0,0,0,1,1,0,0,0,0,4
74.7,1,27.2,122.5,74.5,78.0,173.0,1,1.2,7.3,14.1,6.3,78.9,0,1,0,1,0,0,0,0,0,0,0,0,0,0,0,1,1,0,0,0,0,4
47.9,0,24.9,108.3,78.3,80.7,190.8,1,1.7,7.4,4.8,8.6,75.4,0,0,0,1,0,0,0,0,0,0,0,0,0,0,0,1,1,0,0,0,0,4
59.8,0,23.7,109.3,78.0,92.9,197.9,1,1.3,5.9,0.4,6.6,78.0,0,0,0,1,0,0,0,0,0,0,0,0,0,0,0,1,1,0,0,0,0,4
63.3,0,24.2,120.8,73.1,99.7,159.0,1,0.7,7.8,1.2,6.7,79.3,0,0,0,0,0,0,0,0,0,0,0,0,0,0,0,1,1,0,0,0,0,4
72.6,0,23.8,123.6,79.3,100.2,178.4,1,1.0,5.7,5.4,5.9,73.6,0,0,0,1,0,0,0,0,0,0,0,0,0,0,0,1,1,0,0,0,0,4
58.3,1,22.3,110.6,71.3,90.1,170.0,1,1.5,7.7,0.8,6.0,61.7,0,1,0,1,0,0,0,0,0,0,0,0,0,0,0,1,1,0,0,0,0,4
55.2,0,23.1,108.6,76.6,90.6,196.7,1,1.0,4.4,3.1,7.2,80.4,0,0,0,1,0,0,0,0,0,0,0,0,0,0,0,1,1,0,0,0,0,4
55.9,1,27.0,121.9,77.9,61.2,183.4,1,0.7,7.9,1.0,6.9,75.4,0,1,0,1,0,0,0,0,0,0,0,0,0,0,0,1,1,0,0,0,0,4
59.4,0,26.5,116.2,69.4,79.1,166.3,1,0.7,7.4,2.4,6.5,81.8,0,0,0,1,0,0,0,0,0,0,0,0,0,0,0,1,1,0,0,0,0,4
64.0,0,25.0,117.8,84.8,95.6,136.6,1,0.3,7.3,1.9,9.2,66.8,0,1,0,1,0,0,0,0,0,0,0,0,0,0,0,1,1,0,0,0,0,4
57.0,1,24.9,118.1,87.8,94.8,178.1,1,1.0,7.9,1.9,6.3,69.3,0,1,0,1,0,0,0,0,0,0,0,0,0,0,0,1,1,0,0,0,0,4
66.5,0,25.5,109.3,69.7,89.4,158.0,1,1.7,6.0,1.4,9.3,65.9,0,1,0,1,0,0,0,0,0,0,0,0,0,0,0,1,1,0,0,0,0,4
68.5,1,25.8,121.0,76.6,91.1,188.9,1,1.8,5.7,1.3,9.3,68.0,0,0,0,1,0,0,0,0,0,0,0,0,0,0,0,1,1,0,0,0,0,4
57.8,0,26.9,125.1,79.7,88.8,173.7,1,1.5,7.7,2.8,7.3,64.4,0,1,0,1,0,0,0,0,0,0,0,0,0,0,0,1,1,0,0,0,0,4
53.6,0,22.0,127.4,70.1,100.9,165.4,1,0.6,6.7,1.5,4.4,75.6,0,1,0,1,0,0,0,0,0,0,0,0,0,0,0,1,1,0,0,0,0,4
73.3,1,23.2,132.1,76.7,82.1,182.3,1,1.7,8.4,1.7,6.2,72.1,0,1,0,1,0,0,0,0,0,0,0,0,0,0,0,0,1,0,0,0,0,4
57.9,0,24.1,126.9,76.4,86.0,198.8,1,1.1,7.6,1.6,7.9,76.7,0,1,0,1,0,0,0,0,0,0,0,0,0,0,0,1,1,0,0,0,0,4
42.3,1,21.0,107.5,70.7,86.7,195.5,1,0.3,6.7,2.3,9.5,69.6,1,1,0,1,0,0,0,0,0,0,0,0,0,0,0,1,1,0,0,0,0,4
60.4,0,26.6,112.6,67.9,102.1,174.6,1,0.9,8.5,0.5,6.3,68.6,0,1,0,1,0,0,0,0,0,0,0,0,0,0,0,1,1,0,0,0,0,4
61.6,0,28.1,128.2,74.6,92.9,177.1,1,0.6,5.9,4.3,5.6,66.3,0,1,0,1,0,0,0,0,0,0,0,0,0,0,0,1,0,0,0,0,0,4
46.6,1,25.7,126.3,85.0,89.4,198.5,1,0.9,7.3,2.4,5.9,66.3,0,0,0,1,0,0,0,0,0,0,0,0,0,0,0,1,1,0,0,0,0,4
66.5,1,18.0,117.5,79.7,98.4,205.6,1,0.4,6.6,1.7,7.1,71.9,0,1,0,1,0,0,0,0,0,0,0,0,0,0,0,1,1,0,0,0,0,4
60.6,1,26.2,109.9,82.1,86.9,192.1,1,0.0,7.2,1.3,4.3,72.7,1,1,0,0,0,0,0,0,0,0,0,0,0,0,0,1,1,0,0,0,0,4
42.2,0,19.8,132.4,84.4,81.3,178.9,1,1.0,7.6,5.4,8.2,68.4,0,1,0,1,0,0,0,0,0,0,0,0,0,0,0,1,1,0,0,0,0,4
53.5,1,27.8,123.1,78.4,79.7,210.8,1,1.1,5.1,0.6,7.0,70.5,1,0,0,1,0,0,0,0,0,0,0,0,0,0,0,1,1,0,0,0,0,4
57.9,0,18.0,121.2,72.6,86.0,203.2,1,0.4,9.0,3.9,5.7,80.9,0,1,0,1,0,0,0,0,0,0,0,0,0,0,0,1,1,0,0,0,0,4
59.3,1,27.1,108.4,71.1,83.7,153.5,1,1.5,7.8,0.9,4.7,73.8,0,0,0,1,0,0,0,0,0,0,0,0,0,0,0,1,1,0,0,0,0,4
83.0,0,21.9,131.3,75.2,99.8,178.2,1,1.0,6.6,4.1,5.0,65.1,0,1,0,1,0,0,0,0,0,0,0,0,0,0,0,1,1,0,0,0,0,4
68.4,1,24.3,114.7,70.1,85.8,193.4,1,1.3,7.8,3.3,8.5,64.7,0,0,0,1,0,0,0,0,0,0,0,0,0,0,0,1,1,0,0,0,0,4
62.3,0,20.5,113.3,70.6,100.3,176.9,1,1.1,7.6,0.5,7.2,72.7,0,0,0,1,0,0,0,0,0,0,0,0,0,0,0,1,0,0,0,0,0,4
65.6,1,22.9,122.3,66.2,100.6,148.3,1,1.2,7.7,1.3,6.9,65.3,1,1,0,1,0,0,0,0,0,0,0,0,0,0,0,1,1,0,0,0,0,4
63.4,1,25.3,116.3,80.4,93.0,151.3,1,0.7,7.3,4.6,6.9,71.5,0,1,0,0,0,0,0,0,0,0,0,0,0,0,0,1,1,0,0,0,0,4
57.7,1,24.6,122.8,73.9,102.3,162.9,1,0.7,7.9,3.1,4.7,71.3,0,1,0,1,0,0,0,0,0,0,0,0,0,0,0,1,1,0,0,0,0,4
56.4,1,26.6,119.6,65.3,84.9,165.5,1,1.2,7.8,3.1,6.1,69.8,0,0,0,1,0,0,0,0,0,0,0,0,0,0,0,1,1,0,0,0,0,4
47.0,1,20.9,112.9,80.9,86.5,163.9,1,1.8,6.8,0.6,7.7,83.0,1,1,0,1,0,0,0,0,0,0,0,0,0,0,0,1,1,0,0,0,0,4
64.8,0,21.2,127.1,74.1,97.6,191.4,1,0.0,7.4,1.8,7.7,70.4,0,1,0,1,0,0,0,0,0,0,0,0,0,0,0,1,1,0,0,0,0,4
60.4,0,24.1,123.2,82.3,95.4,149.2,1,1.3,6.4,2.9,7.2,79.0,0,1,0,1,0,0,0,0,0,0,0,0,0,0,0,1,1,0,0,0,0,4
60.0,1,23.4,118.8,70.4,104.0,154.8,1,1.0,7.0,1.9,5.8,61.5,1,0,0,1,0,0,0,0,0,0,0,0,0,0,0,1,1,0,0,0,0,4
63.6,1,24.3,109.8,67.9,85.3,233.9,1,1.1,8.3,1.6,8.9,75.5,0,1,0,1,0,0,0,0,0,0,0,0,0,0,0,1,1,0,0,0,0,4
53.1,0,25.3,120.4,75.7,102.6,185.3,1,1.2,7.2,4.8,6.2,71.3,0,1,0,1,0,0,0,0,0,0,0,0,0,0,0,0,1,0,0,0,0,4
55.3,1,26.3,130.9,76.5,87.0,176.1,1,1.8,7.2,5.3,8.0,74.6,1,0,0,1,0,0,0,0,0,0,0,0,0,0,0,1,1,0,0,0,0,4
72.4,0,25.5,113.7,88.1,80.2,199.4,1,0.8,8.0,5.1,8.4,71.0,0,0,0,1,0,0,0,0,0,0,0,0,0,0,0,0,1,0,0,0,0,4
48.9,0,25.1,119.3,85.6,94.2,188.2,1,1.5,7.7,5.5,8.1,83.4,0,1,0,1,0,0,0,0,0,0,0,0,0,0,0,1,1,0,0,0,0,4
65.7,0,20.9,112.1,74.0,95.4,181.9,1,0.6,8.5,3.5,5.3,70.0,0,1,0,1,0,0,0,0,0,0,0,0,0,0,0,1,1,0,0,0,0,4
59.7,1,27.3,126.5,73.4,95.5,154.0,1,1.7,5.7,3.0,8.5,71.8,0,1,0,1,0,0,0,0,0,0,0,0,0,0,0,1,1,0,0,0,0,4
80.8,1,24.5,122.6,69.6,86.2,205.4,1,1.2,7.3,0.4,2.9,66.7,0,0,0,1,0,0,0,0,0,0,0,0,0,0,0,1,1,0,0,0,0,4
57.5,1,20.7,114.9,75.5,83.8,135.4,1,0.6,7.2,3.4,8.1,59.0,0,1,0,1,0,0,0,0,0,0,0,0,0,0,0,1,1,0,0,0,0,4
71.4,0,24.4,116.1,74.7,75.1,209.7,1,0.4,6.1,2.3,5.6,74.9,1,0,0,1,0,0,0,0,0,0,0,0,0,0,0,1,1,0,0,0,0,4
59.1,0,27.0,109.6,75.1,82.4,195.1,1,0.6,9.0,1.5,4.0,69.1,0,1,0,1,0,0,0,0,0,0,0,0,0,0,0,1,1,0,0,0,0,4
71.4,0,23.6,116.8,69.0,94.0,175.7,1,0.0,6.2,6.2,7.1,79.4,0,1,0,1,0,0,0,0,0,0,0,0,0,0,0,1,1,0,0,0,0,4
61.8,0,25.5,117.1,69.8,102.2,151.7,1,1.3,5.4,0.4,8.5,72.5,0,1,0,1,0,0,0,0,0,0,0,0,0,0,0,1,1,0,0,0,0,4
55.2,0,19.4,116.3,81.7,89.8,158.7,1,1.8,6.4,0.1,5.3,66.6,0,1,0,1,0,0,0,0,0,0,0,0,0,0,0,1,1,0,0,0,0,4
46.0,0,26.4,110.5,79.0,87.7,184.3,1,0.2,7.6,2.0,4.4,65.3,0,1,0,1,0,0,0,0,0,0,0,0,0,0,0,1,1,0,0,0,0,4
76.0,0,22.0,115.0,86.4,77.8,164.2,1,0.4,6.3,2.7,8.9,71.2,0,1,0,1,0,0,0,0,0,0,0,0,0,0,0,1,1,0,0,0,0,4
58.2,0,24.0,120.9,79.7,91.8,194.8,1,0.6,10.0,3.3,6.2,81.2,0,1,0,1,0,0,0,0,0,0,0,0,0,0,0,1,1,0,0,0,0,4
59.8,1,23.5,123.8,76.5,76.5,186.0,1,1.3,5.7,1.3,6.1,72.2,1,1,0,1,0,0,0,0,0,0,0,0,0,0,0,0,1,0,0,0,0,4
69.3,0,23.4,114.5,73.9,95.3,179.7,1,0.4,7.5,2.0,6.7,73.9,0,1,0,1,0,0,0,0,0,0,0,0,0,0,0,1,1,0,0,0,0,4
48.9,0,25.3,107.8,72.0,83.5,200.4,1,1.1,6.4,8.3,3.2,72.3,0,0,0,1,0,0,0,0,0,0,0,0,0,0,0,1,1,0,0,0,0,4
62.7,0,23.9,117.5,72.1,90.5,191.5,1,1.3,6.5,0.0,4.5,59.8,0,0,0,1,0,0,0,0,0,0,0,0,0,0,0,1,1,0,0,0,0,4
60.7,0,18.1,119.1,80.6,77.6,172.6,1,1.8,7.1,1.2,6.8,73.5,0,1,0,0,0,0,0,0,0,0,0,0,0,0,0,1,1,0,0,0,0,4
73.4,1,22.9,97.8,73.9,98.6,169.3,1,1.0,7.7,5.0,5.5,75.9,0,0,0,1,0,0,0,0,0,0,0,0,0,0,0,1,1,0,0,0,0,4
57.9,0,21.1,119.5,75.8,92.4,157.9,1,1.0,7.3,5.2,8.6,69.8,0,1,0,1,0,0,0,0,0,0,0,0,0,0,0,1,1,0,0,0,0,4
53.5,1,22.3,122.4,67.5,91.4,210.9,1,0.8,7.1,5.2,7.9,77.2,0,1,0,1,0,0,0,0,0,0,0,0,0,0,0,1,1,0,0,0,0,4
55.5,0,21.3,118.8,79.3,87.3,154.9,1,1.3,6.7,5.5,7.5,72.1,0,1,0,1,0,0,0,0,0,0,0,0,0,0,0,1,1,0,0,0,0,4
64.2,0,26.2,110.8,71.9,90.1,177.7,1,0.7,6.5,1.5,9.3,73.1,0,1,0,1,0,0,0,0,0,0,0,0,0,0,0,1,1,0,0,0,0,4
62.8,0,20.5,119.9,76.8,78.4,142.2,1,0.0,7.7,0.3,6.9,70.9,0,1,0,1,0,0,0,0,0,0,0,0,0,0,0,1,1,0,0,0,0,4
68.8,0,26.2,111.1,80.1,100.0,163.6,1,0.6,6.3,0.0,6.3,70.2,0,1,0,1,0,0,0,0,0,0,0,0,0,0,0,1,1,0,0,0,0,4
66.3,0,20.2,106.8,76.7,85.0,189.3,1,0.6,8.1,1.0,8.3,68.8,0,1,0,1,0,0,0,0,0,0,0,0,0,0,0,1,1,0,0,0,0,4
63.9,0,18.7,119.0,80.6,83.2,149.4,1,1.2,7.1,4.2,5.8,70.8,0,1,0,0,0,0,0,0,0,0,0,0,0,0,0,1,1,0,0,0,0,4
56.3,0,26.9,112.5,71.7,80.2,189.1,1,0.6,5.9,1.7,6.2,73.5,0,1,0,1,0,0,0,0,0,0,0,0,0,0,0,0,1,0,0,0,0,4
81.4,0,22.4,123.3,83.4,83.3,181.8,1,0.8,6.0,0.7,7.3,72.2,0,0,0,1,0,0,0,0,0,0,0,0,0,0,0,1,1,0,0,0,0,4
67.2,0,19.1,125.2,77.2,86.3,163.7,1,1.4,7.7,1.4,7.4,68.9,0,1,0,1,0,0,0,0,0,0,0,0,0,0,0,0,1,0,0,0,0,4
71.5,0,22.9,117.9,80.6,82.2,213.3,1,0.6,7.5,3.2,7.3,61.9,0,0,0,1,0,0,0,0,0,0,0,0,0,0,0,1,1,0,0,0,0,4
62.8,0,27.5,118.8,82.1,87.4,165.0,1,0.9,6.6,0.1,5.9,56.9,0,0,0,0,0,0,0,0,0,0,0,0,0,0,0,1,1,0,0,0,0,4
63.0,0,25.5,108.1,76.3,92.7,199.9,1,1.4,7.6,1.8,4.7,73.4,0,1,0,1,0,0,0,0,0,0,0,0,0,0,0,1,1,0,0,0,0,4
59.7,1,20.7,111.0,76.7,94.5,195.2,1,1.7,8.3,2.4,5.5,67.8,0,0,0,1,0,0,0,0,0,0,0,0,0,0,0,0,1,0,0,0,0,4
61.3,1,13.9,117.3,75.6,88.2,164.5,1,1.1,6.8,0.2,7.7,79.8,0,1,0,1,0,0,0,0,0,0,0,0,0,0,0,1,1,0,0,0,0,4
59.0,0,21.6,130.6,71.9,73.8,167.9,1,1.1,7.9,2.0,6.7,74.0,0,0,0,1,0,0,0,0,0,0,0,0,0,0,0,1,1,0,0,0,0,4
68.3,0,21.3,120.8,78.9,88.3,166.5,1,1.4,6.1,1.0,9.0,61.5,0,1,0,1,0,0,0,0,0,0,0,0,0,0,0,1,1,0,0,0,0,4
77.3,1,27.8,121.1,70.9,84.6,203.2,1,1.0,7.8,0.9,5.4,63.8,0,1,0,0,0,0,0,0,0,0,0,0,0,0,0,1,1,0,0,0,0,4
67.3,1,25.4,114.4,71.0,96.6,138.1,1,0.6,8.0,0.3,6.0,77.7,0,1,0,1,0,0,0,0,0,0,0,0,0,0,0,1,1,0,0,0,0,4
68.2,1,18.5,108.4,71.1,87.6,186.3,1,0.9,7.9,0.3,8.7,66.7,0,1,0,1,0,0,0,0,0,0,0,0,0,0,0,1,1,0,0,0,0,4
61.6,0,23.9,126.2,73.0,72.0,132.1,1,0.7,7.0,1.2,6.3,85.4,0,0,0,1,0,0,0,0,0,0,0,0,0,0,0,1,1,0,0,0,0,4
66.2,0,23.8,106.1,73.0,103.7,149.6,1,0.0,7.4,2.4,6.0,77.8,0,1,0,1,0,0,0,0,0,0,0,0,0,0,0,1,1,0,0,0,0,4
58.3,1,24.0,109.3,81.9,95.7,160.0,1,0.9,7.4,5.6,5.2,68.6,0,1,0,1,0,0,0,0,0,0,0,0,0,0,0,1,1,0,0,0,0,4
68.1,1,20.0,123.2,85.6,80.5,160.7,1,1.2,6.6,1.0,6.2,72.2,0,1,0,1,0,0,0,0,0,0,0,0,0,0,0,1,1,0,0,0,0,4
62.7,0,27.7,115.2,74.1,96.4,186.4,1,1.6,5.6,0.9,5.6,83.2,0,0,0,1,0,0,0,0,0,0,0,0,0,0,0,1,1,0,0,0,0,4
78.0,1,24.3,112.3,65.7,76.0,156.7,1,0.9,6.9,9.1,6.5,83.7,0,1,0,1,0,0,0,0,0,0,0,0,0,0,0,1,1,0,0,0,0,4
49.7,1,24.6,112.0,69.3,85.4,205.6,1,0.1,8.4,1.1,8.5,68.8,0,1,0,1,0,0,0,0,0,0,0,0,0,0,0,1,1,0,0,0,0,4
56.8,1,26.4,113.4,75.7,93.0,190.3,1,1.3,7.0,3.5,8.2,71.4,0,0,0,1,0,0,0,0,0,0,0,0,0,0,0,1,1,0,0,0,0,4
58.8,0,25.8,113.6,76.7,88.4,152.5,1,0.8,7.6,4.1,7.0,81.5,0,1,0,1,0,0,0,0,0,0,0,0,0,0,0,1,1,0,0,0,0,4
45.8,1,20.0,119.2,70.3,93.8,190.4,1,2.3,7.5,0.9,8.1,74.4,0,1,0,1,0,0,0,0,0,0,0,0,0,0,0,1,1,0,0,0,0,4
51.1,1,20.1,116.4,79.9,98.9,173.3,1,1.0,7.0,0.5,8.2,81.4,1,0,0,1,0,0,0,0,0,0,0,0,0,0,0,1,1,0,0,0,0,4
56.1,0,24.3,117.0,76.1,100.9,163.0,1,0.1,6.6,1.4,9.0,76.6,0,1,0,1,0,0,0,0,0,0,0,0,0,0,0,1,1,0,0,0,0,4
59.3,1,18.7,122.4,69.1,93.0,166.3,1,0.8,7.3,1.5,5.8,82.4,0,0,0,1,0,0,0,0,0,0,0,0,0,0,0,1,0,0,0,0,0,4
50.4,1,23.0,109.5,80.1,90.0,170.5,1,0.9,8.0,4.9,4.7,64.8,0,1,0,1,0,0,0,0,0,0,0,0,0,0,0,1,1,0,0,0,0,4
55.6,1,22.4,119.5,69.9,91.3,120.1,1,1.4,6.3,1.3,8.4,73.5,0,1,0,1,0,0,0,0,0,0,0,0,0,0,0,1,1,0,0,0,0,4
69.5,0,27.7,114.2,75.8,84.9,222.9,1,1.3,7.7,0.8,10.3,85.9,0,0,0,1,0,0,0,0,0,0,0,0,0,0,0,1,1,0,0,0,0,4
59.2,1,22.2,127.4,79.6,79.5,157.3,1,1.2,8.2,3.8,6.8,74.2,0,0,0,0,0,0,0,0,0,0,0,0,0,0,0,1,0,0,0,0,0,4
67.3,0,21.6,113.0,68.8,80.0,161.1,1,0.8,7.7,3.5,4.6,65.6,0,1,0,1,0,0,0,0,0,0,0,0,0,0,0,0,1,0,0,0,0,4
58.9,1,21.2,103.9,78.2,87.3,161.1,1,1.6,6.8,0.1,6.6,78.5,0,1,0,1,0,0,0,0,0,0,0,0,0,0,0,1,1,0,0,0,0,4
52.5,1,22.9,118.4,74.7,93.0,169.6,1,0.8,7.1,0.1,7.7,79.6,1,0,0,1,0,0,0,0,0,0,0,0,0,0,0,1,1,0,0,0,0,4
59.2,0,21.7,106.7,71.9,90.5,186.1,1,0.8,7.7,8.2,5.7,81.1,1,1,0,1,0,0,0,0,0,0,0,0,0,0,0,1,1,0,0,0,0,4
59.0,1,22.0,104.6,77.6,108.1,167.7,1,0.0,9.3,3.5,2.9,50.0,0,1,0,1,0,0,0,0,0,0,0,0,0,0,0,1,1,0,0,0,0,4
66.7,0,23.3,131.6,77.0,90.3,159.1,1,1.2,7.8,2.3,4.0,75.1,1,0,0,1,0,0,0,0,0,0,0,0,0,0,0,1,1,0,0,0,0,4
61.1,0,26.7,119.9,75.6,84.0,144.3,1,0.8,6.9,0.6,8.6,76.7,1,0,0,1,0,0,0,0,0,0,0,0,0,0,0,1,1,0,0,0,0,4
76.5,0,21.5,126.6,73.9,88.3,202.4,1,0.1,6.9,1.9,6.3,69.5,0,0,0,1,0,0,0,0,0,0,0,0,0,0,0,1,1,0,0,0,0,4
62.2,1,22.0,118.7,77.6,86.7,214.1,1,1.5,7.3,1.8,7.1,66.1,0,1,0,1,0,0,0,0,0,0,0,0,0,0,0,1,1,0,0,0,0,4
63.4,0,26.3,119.7,72.2,80.7,192.0,1,0.0,8.5,2.7,8.5,65.0,0,1,0,1,0,0,0,0,0,0,0,0,0,0,0,1,1,0,0,0,0,4
68.3,1,21.3,128.1,75.7,81.7,175.9,1,1.4,8.1,3.2,5.6,76.3,0,0,0,1,0,0,0,0,0,0,0,0,0,0,0,1,1,0,0,0,0,4
58.0,0,23.0,111.3,81.3,79.3,205.0,1,2.3,5.1,1.3,7.1,74.2,1,0,0,1,0,0,0,0,0,0,0,0,0,0,0,1,1,0,0,0,0,4
74.0,0,27.5,108.3,83.0,88.1,133.3,1,1.6,6.7,3.9,4.7,71.8,0,1,0,1,0,0,0,0,0,0,0,0,0,0,0,0,0,0,0,0,0,4
58.4,0,25.4,106.6,71.5,83.8,158.6,1,0.6,7.0,2.5,8.3,70.7,0,0,0,1,0,0,0,0,0,0,0,0,0,0,0,1,1,0,0,0,0,4
82.3,0,22.9,116.7,78.7,84.2,158.3,1,2.3,5.7,0.1,4.3,55.3,0,1,0,1,0,0,0,0,0,0,0,0,0,0,0,1,1,0,0,0,0,4
45.4,1,25.0,130.1,74.7,84.6,161.4,1,0.0,5.9,2.0,5.7,68.3,0,1,0,1,0,0,0,0,0,0,0,0,0,0,0,1,1,0,0,0,0,4
50.9,1,19.5,112.2,84.0,91.9,194.7,1,0.5,6.5,0.2,5.9,81.2,0,0,0,1,0,0,0,0,0,0,0,0,0,0,0,1,1,0,0,0,0,4
71.4,0,24.8,124.6,70.9,85.6,173.0,1,0.0,7.0,5.2,4.3,66.5,0,1,0,1,0,0,0,0,0,0,0,0,0,0,0,1,1,0,0,0,0,4
59.8,1,23.3,126.5,79.5,90.9,187.2,1,1.8,7.8,3.4,7.2,76.5,0,0,0,1,0,0,0,0,0,0,0,0,0,0,0,1,1,0,0,0,0,4
65.0,0,23.2,126.6,72.5,78.3,194.5,1,0.9,7.2,3.0,6.8,75.0,0,1,0,1,0,0,0,0,0,0,0,0,0,0,0,1,1,0,0,0,0,4
67.6,0,24.7,104.9,74.6,87.6,190.4,1,1.8,7.2,1.1,6.1,87.7,0,1,0,1,0,0,0,0,0,0,0,0,0,0,0,0,1,0,0,0,0,4
68.1,0,26.9,112.6,68.7,83.5,180.4,1,0.1,6.8,3.3,5.6,68.5,0,0,0,1,0,0,0,0,0,0,0,0,0,0,0,1,1,0,0,0,0,4
64.9,0,24.6,122.6,75.4,92.5,188.7,1,0.8,7.6,0.7,7.2,79.1,0,1,0,1,0,0,0,0,0,0,0,0,0,0,0,1,1,0,0,0,0,4
67.0,0,20.3,134.2,80.8,91.9,155.7,1,0.6,7.4,8.2,7.4,72.0,0,0,0,1,0,0,0,0,0,0,0,0,0,0,0,1,1,0,0,0,0,4
66.9,0,23.1,111.7,75.8,79.8,168.4,1,1.3,7.9,3.5,7.4,73.2,0,1,0,1,0,0,0,0,0,0,0,0,0,0,0,1,1,0,0,0,0,4
55.4,1,18.7,106.9,73.5,82.4,195.9,1,1.9,7.1,0.8,4.6,88.7,1,1,0,1,0,0,0,0,0,0,0,0,0,0,0,1,1,0,0,0,0,4
68.1,0,26.3,108.1,76.6,81.1,182.9,1,1.3,7.1,3.5,5.8,60.3,0,0,0,1,0,0,0,0,0,0,0,0,0,0,0,1,1,0,0,0,0,4
84.1,0,26.6,112.6,77.5,86.9,171.1,1,0.9,5.7,0.5,8.4,72.1,1,0,0,1,0,0,0,0,0,0,0,0,0,0,0,1,1,0,0,0,0,4
46.6,1,21.1,123.1,80.3,105.5,197.1,1,1.1,6.2,2.7,7.4,59.6,0,0,0,1,0,0,0,0,0,0,0,0,0,0,0,1,1,0,0,0,0,4
53.2,0,22.3,121.7,78.2,78.0,180.8,1,0.7,7.4,3.6,7.0,68.7,0,1,0,1,0,0,0,0,0,0,0,0,0,0,0,1,1,0,0,0,0,4
55.7,0,26.4,107.3,76.1,84.6,189.5,1,0.8,8.6,0.9,7.0,61.9,0,1,0,1,0,0,0,0,0,0,0,0,0,0,0,1,1,0,0,0,0,4
61.9,1,20.8,129.4,70.6,87.1,162.6,1,1.6,8.5,0.7,11.5,79.5,0,0,0,1,0,0,0,0,0,0,0,0,0,0,0,0,1,0,0,0,0,4
85.0,0,26.0,119.1,75.6,102.9,180.9,1,0.0,6.5,0.0,6.9,74.1,0,1,0,1,0,0,0,0,0,0,0,0,0,0,0,1,1,0,0,0,0,4
53.8,1,22.5,121.7,75.8,95.5,200.0,1,0.5,6.5,1.8,5.9,60.4,0,1,0,1,0,0,0,0,0,0,0,0,0,0,0,1,1,0,0,0,0,4
56.5,1,28.2,133.3,78.4,90.1,176.9,1,0.1,7.9,5.8,7.7,72.2,0,0,0,1,0,0,0,0,0,0,0,0,0,0,0,1,1,0,0,0,0,4
71.1,1,23.7,122.9,75.9,94.6,178.8,1,1.1,6.1,0.5,6.9,71.4,0,1,0,1,0,0,0,0,0,0,0,0,0,0,0,1,1,0,0,0,0,4
56.5,1,26.0,109.6,69.4,79.6,166.5,1,0.0,7.3,1.3,6.0,65.2,0,1,0,1,0,0,0,0,0,0,0,0,0,0,0,1,1,0,0,0,0,4
46.8,1,20.0,124.2,81.8,92.4,155.2,1,0.9,8.9,0.5,7.2,65.3,0,0,0,1,0,0,0,0,0,0,0,0,0,0,0,1,1,0,0,0,0,4
61.9,0,20.9,119.2,77.4,91.3,192.5,1,0.7,7.6,2.1,6.7,71.2,0,1,0,0,0,0,0,0,0,0,0,0,0,0,0,1,1,0,0,0,0,4
70.4,1,24.4,116.4,85.0,95.6,211.9,1,0.6,7.1,4.8,3.8,75.9,0,1,0,1,0,0,0,0,0,0,0,0,0,0,0,1,1,0,0,0,0,4
63.2,1,26.3,123.4,82.1,86.4,202.4,1,1.2,8.4,0.6,6.4,71.1,1,1,0,1,0,0,0,0,0,0,0,0,0,0,0,1,1,0,0,0,0,4
58.7,0,24.2,115.2,78.4,95.9,195.6,1,2.0,7.6,2.8,6.8,68.6,0,1,0,1,0,0,0,0,0,0,0,0,0,0,0,1,1,0,0,0,0,4
54.9,1,24.4,114.5,79.6,93.7,147.0,1,0.2,5.8,2.6,8.8,60.0,0,1,0,1,0,0,0,0,0,0,0,0,0,0,0,1,1,0,0,0,0,4
55.9,1,24.5,112.2,76.3,93.4,194.5,1,1.3,7.0,1.5,7.1,72.7,0,1,0,1,0,0,0,0,0,0,0,0,0,0,0,1,1,0,0,0,0,4
58.0,0,24.9,118.9,77.0,87.5,170.7,1,1.0,6.5,12.4,7.0,77.8,0,0,0,1,0,0,0,0,0,0,0,0,0,0,0,1,0,0,0,0,0,4
68.5,1,24.1,117.5,86.0,98.7,186.8,1,0.0,7.0,0.5,8.1,71.9,0,1,0,1,0,0,0,0,0,0,0,0,0,0,0,1,1,0,0,0,0,4
52.0,1,19.8,103.8,75.2,76.5,202.2,1,1.9,7.2,1.0,6.9,74.8,0,1,0,1,0,0,0,0,0,0,0,0,0,0,0,1,1,0,0,0,0,4
63.3,0,24.4,122.3,75.0,83.6,181.4,1,0.4,6.9,2.0,6.0,68.7,0,1,0,1,0,0,0,0,0,0,0,0,0,0,0,1,1,0,0,0,0,4
71.6,1,25.0,118.9,85.7,81.9,177.7,1,0.5,8.1,0.4,7.7,76.6,0,1,0,1,0,0,0,0,0,0,0,0,0,0,0,1,1,0,0,0,0,4
58.0,0,23.1,120.0,74.9,85.2,200.6,1,0.5,7.2,2.8,7.0,67.5,0,1,0,1,0,0,0,0,0,0,0,0,0,0,0,1,0,0,0,0,0,4
58.6,1,24.0,116.9,75.0,92.1,186.0,1,0.0,7.2,0.3,6.2,87.5,0,0,0,1,0,0,0,0,0,0,0,0,0,0,0,1,0,0,0,0,0,4
64.8,1,22.3,114.5,71.9,84.1,210.6,1,0.2,5.7,0.8,9.4,84.1,0,1,0,1,0,0,0,0,0,0,0,0,0,0,0,1,1,0,0,0,0,4
75.4,0,19.4,115.3,81.0,75.9,179.2,1,1.1,8.0,5.0,9.8,70.5,0,0,0,1,0,0,0,0,0,0,0,0,0,0,0,1,1,0,0,0,0,4
62.2,1,19.9,120.4,71.0,96.4,200.7,1,1.6,7.8,1.0,6.4,68.9,0,0,0,1,0,0,0,0,0,0,0,0,0,0,0,1,1,0,0,0,0,4
63.8,1,22.9,118.3,84.3,86.1,166.6,1,0.9,7.7,2.7,6.0,75.7,0,0,0,1,0,0,0,0,0,0,0,0,0,0,0,1,1,0,0,0,0,4
62.0,0,24.3,125.6,78.4,83.9,158.3,1,0.6,7.9,8.4,10.6,71.3,0,0,0,1,0,0,0,0,0,0,0,0,0,0,0,1,1,0,0,0,0,4
67.5,1,22.6,117.0,70.5,82.5,168.3,1,0.1,6.7,0.6,7.1,68.7,0,1,0,1,0,0,0,0,0,0,0,0,0,0,0,1,1,0,0,0,0,4
55.0,1,21.1,110.6,69.5,100.2,199.6,1,0.1,6.1,0.9,6.6,67.8,0,1,0,1,0,0,0,0,0,0,0,0,0,0,0,1,1,0,0,0,0,4
64.9,0,23.5,101.2,76.0,91.9,177.7,1,0.5,8.1,4.9,7.0,74.4,1,1,0,1,0,0,0,0,0,0,0,0,0,0,0,1,0,0,0,0,0,4
54.1,0,22.3,118.5,71.9,102.2,167.4,1,0.4,7.5,0.6,7.5,75.6,1,1,0,0,0,0,0,0,0,0,0,0,0,0,0,1,1,0,0,0,0,4
60.2,1,24.6,131.3,76.5,93.6,180.1,1,1.4,6.2,2.6,8.1,71.4,1,1,0,1,0,0,0,0,0,0,0,0,0,0,0,1,1,0,0,0,0,4
79.6,0,25.6,118.3,82.8,86.1,161.3,1,0.8,6.5,0.0,6.4,72.9,0,1,0,1,0,0,0,0,0,0,0,0,0,0,0,1,1,0,0,0,0,4
56.8,1,20.7,116.6,80.2,99.5,222.7,1,0.2,5.9,5.0,7.9,85.3,0,1,0,1,0,0,0,0,0,0,0,0,0,0,0,1,1,0,0,0,0,4
63.2,0,22.8,115.8,76.2,68.5,159.5,1,1.4,6.7,1.0,5.9,77.6,0,0,0,1,0,0,0,0,0,0,0,0,0,0,0,1,1,0,0,0,0,4
61.7,1,26.4,125.9,70.8,87.6,172.5,1,0.5,7.5,0.6,5.5,66.8,0,1,0,1,0,0,0,0,0,0,0,0,0,0,0,1,1,0,0,0,0,4
69.2,1,24.7,125.3,76.0,84.0,185.2,1,1.2,7.9,2.2,8.2,68.0,0,1,0,1,0,0,0,0,0,0,0,0,0,0,0,1,1,0,0,0,0,4
64.5,0,21.6,116.9,68.2,71.7,149.0,1,0.7,7.4,1.4,8.4,64.3,0,0,0,1,0,0,0,0,0,0,0,0,0,0,0,1,1,0,0,0,0,4
56.9,0,25.0,120.6,78.7,85.3,172.5,1,0.4,7.2,1.4,5.1,69.7,0,1,0,1,0,0,0,0,0,0,0,0,0,0,0,1,1,0,0,0,0,4
60.4,1,23.9,120.9,82.7,108.0,204.1,1,1.1,6.9,0.1,6.2,69.7,0,1,0,1,0,0,0,0,0,0,0,0,0,0,0,1,1,0,0,0,0,4
60.1,1,23.8,119.9,77.1,88.6,201.0,1,1.3,6.7,0.8,9.8,77.7,0,1,0,1,0,0,0,0,0,0,0,0,0,0,0,1,1,0,0,0,0,4
80.2,0,22.8,105.5,80.1,88.2,192.9,1,1.4,8.4,1.2,8.9,67.6,1,1,0,1,0,0,0,0,0,0,0,0,0,0,0,1,0,0,0,0,0,4
47.7,0,20.9,102.8,74.5,72.5,175.3,1,2.4,6.4,1.8,5.7,83.9,0,1,0,1,0,0,0,0,0,0,0,0,0,0,0,1,1,0,0,0,0,4
53.4,1,23.1,103.0,75.1,96.1,168.3,1,1.1,8.3,10.8,5.5,72.2,1,1,0,1,0,0,0,0,0,0,0,0,0,0,0,1,1,0,0,0,0,4
52.8,1,21.0,110.4,68.9,88.7,174.0,1,1.9,8.0,2.3,6.2,73.4,0,0,0,0,0,0,0,0,0,0,0,0,0,0,0,1,0,0,0,0,0,4
73.0,1,24.5,116.8,77.8,84.5,174.5,1,0.9,8.7,4.9,6.5,68.9,0,0,0,1,0,0,0,0,0,0,0,0,0,0,0,1,1,0,0,0,0,4
69.5,1,20.2,108.2,70.9,86.6,196.5,1,0.8,7.4,1.1,6.1,71.7,0,1,0,1,0,0,0,0,0,0,0,0,0,0,0,1,1,0,0,0,0,4
66.4,0,28.1,125.5,70.9,90.7,171.4,1,1.0,8.4,0.5,10.5,77.8,0,1,0,1,0,0,0,0,0,0,0,0,0,0,0,1,1,0,0,0,0,4
52.2,0,25.8,126.8,72.1,84.1,170.1,1,0.4,7.5,2.1,5.3,65.9,0,0,0,1,0,0,0,0,0,0,0,0,0,0,0,1,1,0,0,0,0,4
67.1,0,22.1,127.8,78.2,82.2,180.2,1,1.6,7.0,1.8,7.1,72.4,0,0,0,1,0,0,0,0,0,0,0,0,0,0,0,0,1,0,0,0,0,4
72.8,1,23.4,115.7,64.8,82.4,179.8,1,0.7,7.7,7.5,5.5,88.1,0,1,0,1,0,0,0,0,0,0,0,0,0,0,0,1,1,0,0,0,0,4
64.8,1,21.6,120.1,63.0,92.3,188.1,1,1.8,6.2,1.6,6.7,72.1,0,1,0,1,0,0,0,0,0,0,0,0,0,0,0,1,1,0,0,0,0,4
57.6,1,24.1,122.1,73.7,93.4,158.8,1,0.6,8.0,2.8,10.0,78.7,0,1,0,1,0,0,0,0,0,0,0,0,0,0,0,1,0,0,0,0,0,4
80.8,0,24.4,107.7,83.4,96.0,181.8,1,0.4,7.8,1.5,7.5,74.2,1,1,0,1,0,0,0,0,0,0,0,0,0,0,0,1,1,0,0,0,0,4
77.8,0,21.9,114.1,72.2,91.6,165.5,1,1.2,8.0,0.6,8.0,71.3,0,0,0,1,0,0,0,0,0,0,0,0,0,0,0,1,1,0,0,0,0,4
56.7,0,22.6,102.5,79.9,82.9,190.4,1,0.6,6.6,2.3,7.3,66.0,0,0,0,1,0,0,0,0,0,0,0,0,0,0,0,1,1,0,0,0,0,4
55.2,1,23.0,136.5,82.6,106.7,160.8,1,0.8,7.3,1.0,7.6,69.1,0,0,0,0,0,0,0,0,0,0,0,0,0,0,0,1,1,0,0,0,0,4
59.0,1,20.0,125.4,81.9,103.5,216.7,1,1.2,6.9,0.7,6.4,69.0,0,0,0,1,0,0,0,0,0,0,0,0,0,0,0,1,1,0,0,0,0,4
61.7,1,26.2,122.6,79.0,111.4,168.5,1,1.0,5.8,2.2,4.3,72.7,0,1,0,1,0,0,0,0,0,0,0,0,0,0,0,0,1,0,0,0,0,4
56.6,1,18.0,120.2,82.8,95.8,174.6,1,1.5,7.8,6.2,7.8,68.5,0,1,0,1,0,0,0,0,0,0,0,0,0,0,0,1,1,0,0,0,0,4
59.0,0,21.3,119.4,76.9,104.9,161.4,1,0.9,6.6,0.6,6.1,76.3,0,1,0,1,0,0,0,0,0,0,0,0,0,0,0,1,0,0,0,0,0,4
84.8,0,22.4,105.4,70.6,93.8,175.0,1,0.7,8.4,1.7,6.5,57.4,0,1,0,1,0,0,0,0,0,0,0,0,0,0,0,1,1,0,0,0,0,4
71.9,1,20.0,117.6,79.2,79.5,153.5,1,0.6,7.8,7.0,5.6,58.8,0,0,0,1,0,0,0,0,0,0,0,0,0,0,0,0,0,0,0,0,0,4
65.6,1,20.0,119.0,73.1,90.4,172.7,1,0.6,5.8,1.8,6.4,74.7,0,0,0,1,0,0,0,0,0,0,0,0,0,0,0,1,1,0,0,0,0,4
68.8,0,28.6,118.7,76.8,87.9,203.3,1,1.1,6.6,2.9,5.8,66.7,0,0,0,1,0,0,0,0,0,0,0,0,0,0,0,1,1,0,0,0,0,4
58.0,0,26.0,121.0,82.5,96.5,148.5,1,0.7,5.4,7.4,8.7,71.8,0,1,0,1,0,0,0,0,0,0,0,0,0,0,0,1,1,0,0,0,0,4
67.0,0,24.8,110.5,76.9,90.8,146.0,1,1.5,6.8,3.7,6.2,65.5,0,0,0,1,0,0,0,0,0,0,0,0,0,0,0,1,1,0,0,0,0,4
73.8,0,20.4,113.4,77.0,95.6,176.0,1,0.3,8.4,4.7,7.5,73.5,0,0,0,0,0,0,0,0,0,0,0,0,0,0,0,1,1,0,0,0,0,4
55.9,1,24.9,121.8,69.5,84.6,186.5,1,2.2,8.3,1.6,7.4,67.4,0,1,0,1,0,0,0,0,0,0,0,0,0,0,0,1,1,0,0,0,0,4
58.5,0,27.6,121.2,80.6,85.3,190.6,1,0.5,10.1,4.2,6.9,75.9,0,0,0,1,0,0,0,0,0,0,0,0,0,0,0,1,1,0,0,0,0,4
53.0,1,23.8,121.7,82.6,92.3,181.8,1,0.2,6.7,4.1,5.6,77.1,0,0,0,1,0,0,0,0,0,0,0,0,0,0,0,1,1,0,0,0,0,4
73.8,0,22.0,127.2,77.6,99.7,203.8,1,0.9,7.9,2.1,6.1,58.5,0,0,0,1,0,0,0,0,0,0,0,0,0,0,0,1,1,0,0,0,0,4
56.6,0,25.7,121.3,75.3,88.9,165.5,1,0.3,8.6,0.3,4.9,73.3,0,1,0,1,0,0,0,0,0,0,0,0,0,0,0,1,1,0,0,0,0,4
46.3,0,20.9,98.5,77.0,82.9,213.7,1,0.7,6.6,0.8,8.7,57.2,1,1,0,1,0,0,0,0,0,0,0,0,0,0,0,1,1,0,0,0,0,4
52.2,0,24.8,122.6,74.6,94.2,179.3,1,0.8,8.5,0.8,4.4,72.4,1,0,0,1,0,0,0,0,0,0,0,0,0,0,0,0,1,0,0,0,0,4
63.7,0,23.1,133.6,77.0,84.0,148.3,1,0.0,7.0,1.2,7.7,60.5,0,0,0,1,0,0,0,0,0,0,0,0,0,0,0,1,1,0,0,0,0,4
57.9,1,22.2,122.9,81.7,88.6,182.3,1,0.8,6.0,1.8,6.0,74.9,1,1,0,1,0,0,0,0,0,0,0,0,0,0,0,1,1,0,0,0,0,4
63.5,0,22.7,122.1,66.1,83.9,198.7,1,1.5,6.5,0.4,6.2,74.4,0,1,0,1,0,0,0,0,0,0,0,0,0,0,0,1,1,0,0,0,0,4
57.6,1,27.0,120.4,84.0,95.1,185.1,1,1.0,5.6,2.4,5.6,70.1,0,0,0,1,0,0,0,0,0,0,0,0,0,0,0,1,0,0,0,0,0,4
47.5,1,27.0,117.3,72.4,95.1,157.2,1,2.2,8.5,1.7,6.7,80.2,0,0,0,1,0,0,0,0,0,0,0,0,0,0,0,1,0,0,0,0,0,4
57.0,0,22.3,123.7,83.5,101.0,180.0,1,0.1,7.3,4.5,8.8,75.1,0,0,0,1,0,0,0,0,0,0,0,0,0,0,0,1,1,0,0,0,0,4
68.2,1,23.4,116.3,76.1,84.9,189.0,1,1.2,6.8,3.6,6.1,80.7,0,1,0,1,0,0,0,0,0,0,0,0,0,0,0,1,1,0,0,0,0,4
64.7,0,20.4,116.4,81.3,84.3,168.8,1,0.5,6.8,1.7,7.2,68.0,0,1,0,1,0,0,0,0,0,0,0,0,0,0,0,1,1,0,0,0,0,4
62.6,0,22.7,120.8,82.5,68.1,166.5,1,0.6,7.2,0.2,6.5,70.4,0,1,0,1,0,0,0,0,0,0,0,0,0,0,0,1,1,0,0,0,0,4
52.2,0,22.0,118.1,77.9,76.2,179.8,1,0.9,7.4,1.2,4.6,55.2,0,0,0,1,0,0,0,0,0,0,0,0,0,0,0,1,1,0,0,0,0,4
54.7,1,21.1,126.5,73.3,102.8,154.8,1,1.7,5.4,0.6,7.8,67.3,0,1,0,1,0,0,0,0,0,0,0,0,0,0,0,0,1,0,0,0,0,4
56.4,1,24.4,109.8,77.2,82.9,157.7,1,1.1,7.3,4.6,5.7,66.1,0,0,0,1,0,0,0,0,0,0,0,0,0,0,0,1,1,0,0,0,0,4
65.5,1,25.6,115.0,66.9,80.2,211.9,1,0.3,6.7,8.9,4.4,70.2,0,0,0,1,0,0,0,0,0,0,0,0,0,0,0,1,0,0,0,0,0,4
59.0,0,24.6,113.6,70.7,71.2,159.1,1,0.5,5.7,1.1,6.8,69.3,0,0,0,1,0,0,0,0,0,0,0,0,0,0,0,0,1,0,0,0,0,4
63.2,1,24.2,115.1,75.6,94.1,164.1,1,0.9,8.3,2.2,7.4,78.7,0,0,0,1,0,0,0,0,0,0,0,0,0,0,0,1,1,0,0,0,0,4
59.1,1,23.9,114.4,67.0,87.8,178.5,1,0.7,6.2,0.1,3.8,61.0,0,0,0,1,0,0,0,0,0,0,0,0,0,0,0,1,1,0,0,0,0,4
53.7,1,21.3,110.8,75.1,101.2,137.3,1,0.9,8.6,2.7,8.1,77.2,0,0,0,1,0,0,0,0,0,0,0,0,0,0,0,1,1,0,0,0,0,4
65.9,0,25.0,122.8,81.0,102.5,162.5,1,0.6,8.1,4.3,6.1,68.7,0,1,0,1,0,0,0,0,0,0,0,0,0,0,0,1,1,0,0,0,0,4
53.8,0,24.1,122.4,81.4,84.7,166.0,1,0.7,6.4,1.2,7.1,75.7,0,1,0,1,0,0,0,0,0,0,0,0,0,0,0,0,1,0,0,0,0,4
72.5,1,26.7,108.8,76.1,75.8,177.9,1,0.9,8.2,4.4,6.4,73.7,0,1,0,1,0,0,0,0,0,0,0,0,0,0,0,1,1,0,0,0,0,4
64.2,0,27.4,119.0,68.6,79.0,188.9,1,1.7,7.3,1.1,5.3,67.2,0,1,0,1,0,0,0,0,0,0,0,0,0,0,0,1,1,0,0,0,0,4
58.3,0,23.4,117.8,86.5,81.1,186.7,1,1.9,6.3,2.2,6.2,71.9,0,1,0,1,0,0,0,0,0,0,0,0,0,0,0,1,1,0,0,0,0,4
59.6,0,20.7,113.4,72.4,73.5,143.4,1,0.7,7.4,1.8,5.2,69.0,0,0,0,1,0,0,0,0,0,0,0,0,0,0,0,1,1,0,0,0,0,4
52.8,1,23.1,118.2,69.1,91.1,165.3,1,1.1,7.2,4.5,9.0,74.9,0,1,0,1,0,0,0,0,0,0,0,0,0,0,0,0,1,0,0,0,0,4
75.8,0,24.2,112.0,77.7,82.8,177.2,1,0.9,8.1,1.8,7.8,67.9,0,1,0,1,0,0,0,0,0,0,0,0,0,0,0,1,1,0,0,0,0,4
57.1,0,21.7,125.8,70.7,85.2,166.4,1,0.1,7.7,0.4,8.8,80.1,0,0,0,1,0,0,0,0,0,0,0,0,0,0,0,1,1,0,0,0,0,4
60.3,0,23.5,117.8,83.2,86.0,189.7,1,1.4,6.6,2.0,4.2,73.1,0,1,0,1,0,0,0,0,0,0,0,0,0,0,0,1,1,0,0,0,0,4
61.6,0,21.9,115.0,75.2,92.8,173.0,1,1.0,5.9,3.7,7.6,76.4,0,0,0,1,0,0,0,0,0,0,0,0,0,0,0,1,0,0,0,0,0,4
51.4,0,20.4,109.0,77.3,88.1,189.1,1,1.4,7.7,0.5,7.5,71.2,0,1,0,1,0,0,0,0,0,0,0,0,0,0,0,1,1,0,0,0,0,4
64.2,0,22.0,115.3,73.7,86.5,174.2,1,1.3,7.2,0.2,7.8,79.1,0,1,0,1,0,0,0,0,0,0,0,0,0,0,0,1,1,0,0,0,0,4
54.9,1,23.7,112.7,80.3,102.4,183.3,1,0.4,6.3,2.2,6.0,72.9,0,1,0,1,0,0,0,0,0,0,0,0,0,0,0,0,1,0,0,0,0,4
62.2,1,24.8,113.8,77.2,79.9,186.6,1,1.5,6.8,2.3,7.6,64.6,0,0,0,1,0,0,0,0,0,0,0,0,0,0,0,1,1,0,0,0,0,4
64.4,1,24.1,102.3,84.2,83.7,167.3,1,0.3,7.6,0.7,4.7,82.3,0,1,0,1,0,0,0,0,0,0,0,0,0,0,0,1,1,0,0,0,0,4
72.8,0,25.5,124.2,74.1,103.4,209.6,1,1.6,7.2,0.4,6.4,72.1,0,1,0,1,0,0,0,0,0,0,0,0,0,0,0,1,1,0,0,0,0,4
67.3,0,28.5,120.7,84.8,96.8,188.8,1,0.0,5.7,8.6,4.9,78.9,0,1,0,1,0,0,0,0,0,0,0,0,0,0,0,1,1,0,0,0,0,4
79.0,1,24.2,124.0,67.2,87.7,196.7,1,0.8,7.2,2.9,8.8,77.1,0,0,0,1,0,0,0,0,0,0,0,0,0,0,0,1,1,0,0,0,0,4
52.0,0,21.3,109.0,76.5,92.3,142.8,1,0.3,5.4,0.1,4.6,64.9,0,1,0,1,0,0,0,0,0,0,0,0,0,0,0,1,1,0,0,0,0,4
53.0,1,23.1,130.0,80.3,78.0,205.2,1,0.8,6.3,1.8,7.1,72.6,0,1,0,1,0,0,0,0,0,0,0,0,0,0,0,1,1,0,0,0,0,4
80.4,1,22.6,115.8,71.2,87.5,199.3,1,0.9,6.9,1.5,6.0,73.6,0,1,0,1,0,0,0,0,0,0,0,0,0,0,0,1,1,0,0,0,0,4
64.3,1,24.7,122.8,75.3,86.3,156.4,1,0.5,8.4,0.0,6.0,76.0,0,1,0,1,0,0,0,0,0,0,0,0,0,0,0,1,1,0,0,0,0,4
49.8,1,22.0,124.6,78.5,78.8,188.7,1,1.2,7.0,4.3,7.4,63.4,0,0,0,1,0,0,0,0,0,0,0,0,0,0,0,1,1,0,0,0,0,4
58.2,0,21.9,112.7,76.4,86.6,173.7,1,0.6,7.1,0.9,6.7,69.9,0,0,0,1,0,0,0,0,0,0,0,0,0,0,0,1,1,0,0,0,0,4
52.8,1,25.5,123.8,79.1,89.1,223.6,1,1.6,7.9,2.1,4.8,80.6,0,0,0,1,0,0,0,0,0,0,0,0,0,0,0,1,1,0,0,0,0,4
68.2,0,21.6,104.0,71.5,100.0,164.8,1,0.0,7.0,6.9,5.3,80.6,0,1,0,1,0,0,0,0,0,0,0,0,0,0,0,1,1,0,0,0,0,4
56.0,1,24.1,118.8,83.9,72.7,188.7,1,0.9,8.5,0.9,7.4,72.4,0,0,0,1,0,0,0,0,0,0,0,0,0,0,0,1,1,0,0,0,0,4
65.8,1,22.2,114.0,77.0,93.1,162.6,1,0.0,5.2,1.3,6.5,67.7,0,1,0,1,0,0,0,0,0,0,0,0,0,0,0,1,1,0,0,0,0,4
47.9,0,22.7,124.8,78.7,74.7,174.6,1,1.3,6.2,8.7,8.0,74.4,1,1,0,1,0,0,0,0,0,0,0,0,0,0,0,1,1,0,0,0,0,4
63.9,0,22.4,120.0,71.5,76.9,175.1,1,0.0,7.0,0.4,6.3,73.1,0,1,0,1,0,0,0,0,0,0,0,0,0,0,0,1,1,0,0,0,0,4
57.8,1,27.0,121.7,69.7,105.0,183.1,1,1.0,7.3,0.8,4.7,71.4,0,1,0,1,0,0,0,0,0,0,0,0,0,0,0,1,1,0,0,0,0,4
61.2,1,19.7,121.6,73.5,98.0,154.4,1,0.4,7.2,2.8,7.8,74.0,0,1,0,1,0,0,0,0,0,0,0,0,0,0,0,1,1,0,0,0,0,4
50.0,0,28.0,125.4,77.8,91.0,178.8,1,1.0,6.8,3.9,8.8,73.5,0,0,0,1,0,0,0,0,0,0,0,0,0,0,0,1,1,0,0,0,0,4
44.9,0,22.6,115.5,65.0,96.1,202.8,1,1.5,6.4,0.8,5.6,69.3,0,0,0,1,0,0,0,0,0,0,0,0,0,0,0,1,1,0,0,0,0,4
72.2,1,24.1,122.3,66.9,88.3,168.5,1,0.9,7.0,7.9,7.0,72.7,0,0,0,1,0,0,0,0,0,0,0,0,0,0,0,1,0,0,0,0,0,4
76.3,0,23.2,115.1,75.6,98.1,173.1,1,0.5,7.0,0.7,8.9,67.0,0,1,0,1,0,0,0,0,0,0,0,0,0,0,0,0,1,0,0,0,0,4
63.4,1,24.8,123.0,77.6,85.4,192.7,1,2.3,6.0,7.5,5.3,72.8,0,0,0,1,0,0,0,0,0,0,0,0,0,0,0,0,1,0,0,0,0,4
74.3,1,20.7,106.7,74.2,84.3,166.1,1,0.8,8.0,5.1,5.7,73.6,1,1,0,1,0,0,0,0,0,0,0,0,0,0,0,1,1,0,0,0,0,4
44.9,1,24.7,122.0,88.8,88.4,160.7,1,1.7,5.0,0.4,9.1,72.6,0,1,0,0,0,0,0,0,0,0,0,0,0,0,0,1,1,0,0,0,0,4
65.1,1,21.5,129.3,77.5,93.0,159.4,1,0.5,7.5,0.0,6.3,70.9,0,1,0,1,0,0,0,0,0,0,0,0,0,0,0,1,1,0,0,0,0,4
58.7,1,22.9,106.0,79.0,94.8,177.8,1,1.6,7.3,1.2,6.6,68.5,0,1,0,1,0,0,0,0,0,0,0,0,0,0,0,1,1,0,0,0,0,4
63.6,0,23.2,126.4,70.9,90.2,162.8,1,0.5,6.3,1.0,5.0,66.0,0,1,0,1,0,0,0,0,0,0,0,0,0,0,0,1,1,0,0,0,0,4
52.6,0,22.7,124.8,69.7,83.4,171.5,1,0.4,7.8,1.1,4.3,69.4,1,0,0,1,0,0,0,0,0,0,0,0,0,0,0,1,1,0,0,0,0,4
55.5,0,21.5,121.2,73.5,74.2,169.4,1,1.6,7.6,3.1,7.3,74.0,0,1,0,1,0,0,0,0,0,0,0,0,0,0,0,1,1,0,0,0,0,4
61.1,0,23.9,113.3,65.4,84.2,184.7,1,0.9,6.0,1.5,6.5,65.5,0,1,0,1,0,0,0,0,0,0,0,0,0,0,0,1,1,0,0,0,0,4
85.0,1,25.9,124.9,73.7,96.3,183.1,1,0.4,7.2,1.1,6.6,82.0,0,0,0,1,0,0,0,0,0,0,0,0,0,0,0,1,1,0,0,0,0,4
73.9,0,25.7,118.2,81.0,79.4,181.6,1,0.5,6.4,0.3,6.1,73.4,0,1,0,1,0,0,0,0,0,0,0,0,0,0,0,1,1,0,0,0,0,4
57.0,0,25.6,120.5,81.9,91.8,161.4,1,1.2,8.0,2.6,8.3,71.3,0,1,0,1,0,0,0,0,0,0,0,0,0,0,0,1,1,0,0,0,0,4
60.2,1,22.2,124.9,70.4,78.2,180.5,1,0.6,5.9,0.3,5.4,69.0,0,0,0,1,0,0,0,0,0,0,0,0,0,0,0,1,1,0,0,0,0,4
63.2,0,26.4,112.9,69.2,86.1,176.7,1,2.4,7.2,2.9,8.4,62.9,0,0,0,1,0,0,0,0,0,0,0,0,0,0,0,1,1,0,0,0,0,4
57.8,0,20.1,122.4,86.8,88.2,158.9,1,0.2,6.8,1.5,8.6,74.3,0,1,0,1,0,0,0,0,0,0,0,0,0,0,0,1,1,0,0,0,0,4
65.5,1,26.3,116.8,75.6,100.8,199.1,1,1.1,8.3,1.4,7.3,72.9,0,1,0,1,0,0,0,0,0,0,0,0,0,0,0,1,1,0,0,0,0,4
61.6,1,24.0,124.9,76.0,82.1,185.2,1,1.1,8.5,0.2,5.6,74.5,1,1,0,0,0,0,0,0,0,0,0,0,0,0,0,1,1,0,0,0,0,4
53.9,0,21.8,118.2,75.7,89.2,197.2,1,1.8,7.6,1.0,5.3,79.5,0,0,0,1,0,0,0,0,0,0,0,0,0,0,0,1,0,0,0,0,0,4
61.2,0,23.6,115.5,77.3,80.0,167.7,1,0.9,7.4,4.4,7.3,56.6,0,0,0,1,0,0,0,0,0,0,0,0,0,0,0,1,1,0,0,0,0,4
71.0,0,22.9,107.9,80.3,78.8,197.4,1,0.9,6.5,1.9,8.2,65.6,0,1,0,1,0,0,0,0,0,0,0,0,0,0,0,1,1,0,0,0,0,4
50.1,1,24.7,118.2,63.9,86.3,178.7,1,1.8,9.0,3.9,7.4,68.7,0,0,0,1,0,0,0,0,0,0,0,0,0,0,0,1,1,0,0,0,0,4
51.6,1,23.4,114.0,79.6,106.7,173.7,1,0.0,7.1,3.8,5.8,67.1,0,1,0,1,0,0,0,0,0,0,0,0,0,0,0,1,1,0,0,0,0,4
53.6,0,26.3,112.8,68.3,85.6,183.9,1,0.8,8.8,2.8,5.0,77.8,0,1,0,1,0,0,0,0,0,0,0,0,0,0,0,1,1,0,0,0,0,4
54.3,1,24.0,117.4,79.5,89.0,203.1,1,0.3,8.3,7.9,9.8,79.9,1,1,0,0,0,0,0,0,0,0,0,0,0,0,0,1,1,0,0,0,0,4
74.6,1,24.9,126.9,73.1,92.7,192.7,1,0.2,5.5,1.8,8.3,62.3,0,1,0,1,0,0,0,0,0,0,0,0,0,0,0,1,1,0,0,0,0,4
81.2,1,21.8,117.3,75.7,78.3,196.9,1,1.4,7.1,0.5,5.7,64.0,1,0,0,1,0,0,0,0,0,0,0,0,0,0,0,1,1,0,0,0,0,4
67.2,0,20.0,112.9,73.4,95.6,181.1,1,0.0,7.0,2.1,5.0,83.8,0,0,0,1,0,0,0,0,0,0,0,0,0,0,0,1,1,0,0,0,0,4
59.8,1,20.9,121.3,77.8,91.2,174.8,1,1.3,7.0,1.5,9.7,71.8,0,1,0,0,0,0,0,0,0,0,0,0,0,0,0,1,1,0,0,0,0,4
64.1,0,24.2,124.3,73.9,95.5,180.0,1,0.3,7.4,0.9,5.8,67.9,0,0,0,0,0,0,0,0,0,0,0,0,0,0,0,1,1,0,0,0,0,4
53.3,1,29.5,112.0,84.9,89.4,169.5,1,0.5,6.6,2.6,6.2,66.9,0,0,0,1,0,0,0,0,0,0,0,0,0,0,0,1,1,0,0,0,0,4
62.2,1,22.5,115.2,86.6,98.9,186.6,1,0.0,7.0,1.2,6.6,70.8,0,0,0,1,0,0,0,0,0,0,0,0,0,0,0,1,0,0,0,0,0,4
57.4,0,26.3,115.4,73.6,84.0,186.6,1,1.2,7.5,7.9,6.1,69.1,1,1,0,1,0,0,0,0,0,0,0,0,0,0,0,1,1,0,0,0,0,4
63.2,1,23.9,118.0,73.6,84.0,172.9,1,1.2,8.7,0.7,6.1,77.0,0,1,0,1,0,0,0,0,0,0,0,0,0,0,0,1,1,0,0,0,0,4
69.6,1,21.8,113.0,74.8,93.5,158.2,1,0.8,8.4,1.9,7.0,67.3,0,0,0,1,0,0,0,0,0,0,0,0,0,0,0,1,1,0,0,0,0,4
62.7,1,26.6,106.8,69.1,88.2,141.4,1,0.2,7.3,0.2,6.6,69.5,0,1,0,1,0,0,0,0,0,0,0,0,0,0,0,1,1,0,0,0,0,4
74.4,0,23.4,114.6,79.3,81.7,120.4,1,1.4,8.7,2.6,4.2,65.4,0,1,0,1,0,0,0,0,0,0,0,0,0,0,0,0,1,0,0,0,0,4
60.3,0,24.6,120.7,69.0,94.0,166.9,1,1.4,6.7,3.3,7.0,63.2,0,1,0,1,0,0,0,0,0,0,0,0,0,0,0,1,1,0,0,0,0,4
78.0,0,26.0,114.2,68.4,89.2,179.0,1,1.0,7.8,0.4,6.5,78.0,0,1,0,1,0,0,0,0,0,0,0,0,0,0,0,1,1,0,0,0,0,4
52.8,1,24.6,117.7,71.6,98.5,199.4,1,0.8,7.8,3.2,7.6,65.1,1,1,0,1,0,0,0,0,0,0,0,0,0,0,0,1,1,0,0,0,0,4
60.8,0,21.6,122.2,73.9,90.2,185.3,1,0.4,7.3,1.8,5.6,78.3,0,1,0,0,0,0,0,0,0,0,0,0,0,0,0,1,1,0,0,0,0,4
52.4,1,24.8,112.9,74.9,91.7,182.8,1,0.6,6.8,2.8,8.2,55.6,0,1,0,1,0,0,0,0,0,0,0,0,0,0,0,1,1,0,0,0,0,4
73.3,1,22.3,128.9,72.3,82.6,179.5,1,0.1,6.9,2.0,5.5,84.5,1,0,0,1,0,0,0,0,0,0,0,0,0,0,0,1,1,0,0,0,0,4
73.0,1,21.0,109.9,78.9,85.2,177.2,1,1.2,6.9,2.5,8.2,75.0,0,1,0,1,0,0,0,0,0,0,0,0,0,0,0,1,0,0,0,0,0,4
68.8,1,23.7,124.5,72.9,87.1,206.8,1,0.9,5.9,8.4,5.9,80.5,0,1,0,1,0,0,0,0,0,0,0,0,0,0,0,1,1,0,0,0,0,4
49.2,1,21.9,122.9,76.4,85.4,160.8,1,1.4,6.4,1.1,4.2,78.0,0,1,0,1,0,0,0,0,0,0,0,0,0,0,0,1,1,0,0,0,0,4
66.4,1,18.8,118.0,76.0,85.4,204.3,1,1.8,6.9,3.1,6.6,70.0,0,0,0,1,0,0,0,0,0,0,0,0,0,0,0,0,0,0,0,0,0,4
70.3,0,20.0,117.5,81.8,96.1,199.2,1,0.0,7.4,0.5,7.3,72.8,0,1,0,0,0,0,0,0,0,0,0,0,0,0,0,1,1,0,0,0,0,4
75.2,1,26.2,123.9,72.1,89.4,188.8,1,0.7,7.3,0.7,7.9,74.5,0,0,0,1,0,0,0,0,0,0,0,0,0,0,0,1,1,0,0,0,0,4
44.9,0,23.2,125.9,69.2,90.2,157.7,1,0.0,7.2,1.8,7.0,71.0,0,0,0,1,0,0,0,0,0,0,0,0,0,0,0,1,1,0,0,0,0,4
71.2,0,26.3,113.5,68.5,91.6,178.2,1,0.9,7.2,9.5,7.1,67.1,0,1,0,1,0,0,0,0,0,0,0,0,0,0,0,1,1,0,0,0,0,4
71.6,0,23.0,117.1,75.3,91.5,221.5,1,1.5,6.4,0.3,7.6,58.9,0,0,0,1,0,0,0,0,0,0,0,0,0,0,0,0,1,0,0,0,0,4
61.7,1,24.7,116.7,83.2,82.8,179.0,1,0.7,6.9,3.1,6.7,58.8,0,1,0,1,0,0,0,0,0,0,0,0,0,0,0,1,1,0,0,0,0,4
63.8,0,24.2,113.9,68.0,100.4,152.4,1,0.8,8.2,1.1,6.6,75.3,0,0,0,1,0,0,0,0,0,0,0,0,0,0,0,1,1,0,0,0,0,4
70.9,1,24.4,125.7,72.6,105.0,189.2,1,1.1,6.3,0.0,7.9,80.9,0,1,0,1,0,0,0,0,0,0,0,0,0,0,0,1,1,0,0,0,0,4
73.0,0,26.0,127.0,72.7,92.6,185.9,1,0.9,5.5,0.1,5.9,76.2,0,1,0,1,0,0,0,0,0,0,0,0,0,0,0,1,1,0,0,0,0,4
45.9,1,28.6,119.0,82.8,93.8,192.6,1,0.3,7.4,1.6,6.0,72.0,0,0,0,1,0,0,0,0,0,0,0,0,0,0,0,1,0,0,0,0,0,4
54.6,0,26.4,109.8,76.8,90.7,174.4,1,1.4,6.7,0.7,5.8,71.2,0,1,0,1,0,0,0,0,0,0,0,0,0,0,0,1,1,0,0,0,0,4
70.4,0,20.3,105.2,71.9,81.6,177.1,1,0.7,7.5,3.1,7.4,76.1,0,0,0,1,0,0,0,0,0,0,0,0,0,0,0,1,1,0,0,0,0,4
57.0,1,21.9,121.3,71.9,84.1,193.9,1,1.5,7.7,0.3,6.1,62.9,0,1,0,1,0,0,0,0,0,0,0,0,0,0,0,1,1,0,0,0,0,4
46.1,0,22.1,130.2,73.9,97.6,174.3,1,0.7,7.2,2.4,7.8,83.2,0,1,0,1,0,0,0,0,0,0,0,0,0,0,0,1,1,0,0,0,0,4
56.1,1,19.8,119.3,79.8,81.0,200.8,1,0.2,7.3,0.1,9.5,62.9,0,1,0,1,0,0,0,0,0,0,0,0,0,0,0,1,1,0,0,0,0,4
75.1,1,26.9,109.1,78.2,88.5,165.7,1,1.6,5.8,2.3,6.8,77.7,0,1,0,1,0,0,0,0,0,0,0,0,0,0,0,1,1,0,0,0,0,4
58.3,0,24.5,105.6,77.0,93.8,188.9,1,1.9,6.5,1.0,3.8,66.9,0,1,0,1,0,0,0,0,0,0,0,0,0,0,0,1,1,0,0,0,0,4
68.6,1,22.0,117.2,73.3,94.4,156.3,1,0.5,6.9,1.9,6.7,60.1,0,1,0,1,0,0,0,0,0,0,0,0,0,0,0,1,1,0,0,0,0,4
59.4,0,25.0,114.0,66.9,96.8,193.8,1,1.9,7.0,5.4,5.3,72.9,0,1,0,1,0,0,0,0,0,0,0,0,0,0,0,1,1,0,0,0,0,4
63.3,1,26.7,115.7,76.6,70.7,198.1,1,1.7,7.3,0.4,6.1,66.7,0,1,0,1,0,0,0,0,0,0,0,0,0,0,0,0,1,0,0,0,0,4
65.5,1,27.4,117.2,80.5,88.6,208.9,1,0.5,7.8,0.3,6.1,73.7,1,1,0,1,0,0,0,0,0,0,0,0,0,0,0,1,1,0,0,0,0,4
65.7,1,19.7,119.3,68.4,90.6,206.7,1,1.1,7.7,6.3,3.7,75.1,0,1,0,1,0,0,0,0,0,0,0,0,0,0,0,1,1,0,0,0,0,4
50.8,1,20.1,108.8,73.8,90.4,203.1,1,0.5,7.4,1.8,8.5,77.0,0,1,0,1,0,0,0,0,0,0,0,0,0,0,0,1,1,0,0,0,0,4
63.1,1,24.3,120.9,75.3,98.5,175.0,1,0.2,5.7,0.5,7.3,76.3,1,1,0,1,0,0,0,0,0,0,0,0,0,0,0,1,1,0,0,0,0,4
52.7,1,22.3,120.8,77.4,76.3,152.7,1,1.2,6.0,3.2,5.1,70.1,0,0,0,1,0,0,0,0,0,0,0,0,0,0,0,1,1,0,0,0,0,4
54.3,0,20.8,112.2,83.2,102.6,194.7,1,0.8,5.5,0.1,4.3,69.3,0,0,0,0,0,0,0,0,0,0,0,0,0,0,0,1,1,0,0,0,0,4
44.6,0,28.3,113.3,71.4,98.3,175.0,1,1.3,7.4,0.8,6.7,64.8,0,1,0,1,0,0,0,0,0,0,0,0,0,0,0,0,1,0,0,0,0,4
72.4,0,18.2,115.4,73.0,95.2,181.2,1,0.6,7.8,6.6,4.8,76.1,0,0,0,1,0,0,0,0,0,0,0,0,0,0,0,1,1,0,0,0,0,4
64.8,0,22.3,120.8,78.9,85.1,193.7,1,1.6,7.4,0.4,5.4,73.2,0,0,0,1,0,0,0,0,0,0,0,0,0,0,0,1,1,0,0,0,0,4
60.6,1,20.6,122.2,92.7,90.7,177.5,1,0.7,8.5,1.0,5.4,80.3,0,1,0,1,0,0,0,0,0,0,0,0,0,0,0,0,1,0,0,0,0,4
62.4,1,24.9,111.0,71.5,94.3,153.4,1,1.4,6.8,2.5,8.6,75.8,0,1,0,1,0,0,0,0,0,0,0,0,0,0,0,1,1,0,0,0,0,4
62.5,0,22.5,110.6,79.9,80.8,164.6,1,0.0,6.9,0.0,4.1,76.7,0,0,0,1,0,0,0,0,0,0,0,0,0,0,0,1,1,0,0,0,0,4
69.1,1,28.1,126.4,75.3,102.0,204.6,1,1.0,6.4,2.5,6.1,72.5,0,1,0,1,0,0,0,0,0,0,0,0,0,0,0,1,1,0,0,0,0,4
65.9,1,21.1,114.9,76.6,85.7,149.6,1,1.1,6.7,4.2,6.2,69.6,0,1,0,1,0,0,0,0,0,0,0,0,0,0,0,1,1,0,0,0,0,4
63.5,1,26.2,118.8,73.2,91.6,199.7,1,0.1,7.4,5.4,6.5,80.4,0,1,0,1,0,0,0,0,0,0,0,0,0,0,0,1,1,0,0,0,0,4
52.6,0,25.0,113.4,77.6,90.9,138.1,1,1.7,8.4,1.1,6.2,77.6,0,1,0,1,0,0,0,0,0,0,0,0,0,0,0,1,1,0,0,0,0,4
75.8,0,22.5,130.2,70.5,77.8,172.6,1,1.1,7.1,4.2,5.2,70.5,0,0,0,1,0,0,0,0,0,0,0,0,0,0,0,1,1,0,0,0,0,4
78.6,1,21.7,124.5,78.1,97.9,173.4,1,0.7,8.6,1.1,6.8,59.5,0,1,0,0,0,0,0,0,0,0,0,0,0,0,0,1,1,0,0,0,0,4
67.4,1,20.8,116.1,77.5,83.9,185.9,1,0.1,7.9,0.3,6.9,66.6,0,0,0,1,0,0,0,0,0,0,0,0,0,0,0,1,1,0,0,0,0,4
48.9,0,26.0,108.4,76.9,91.6,179.5,1,0.7,7.0,0.3,5.5,68.1,0,1,0,1,0,0,0,0,0,0,0,0,0,0,0,1,1,0,0,0,0,4
63.8,1,19.3,114.1,83.6,97.9,196.8,1,0.3,8.3,16.1,6.0,76.4,0,0,0,1,0,0,0,0,0,0,0,0,0,0,0,1,1,0,0,0,0,4
65.3,1,23.8,119.7,77.8,82.2,175.1,1,1.4,5.1,4.2,9.2,75.2,0,0,0,1,0,0,0,0,0,0,0,0,0,0,0,1,0,0,0,0,0,4
76.5,0,22.7,114.9,70.9,100.1,179.7,1,0.9,8.0,2.6,6.4,73.3,0,1,0,1,0,0,0,0,0,0,0,0,0,0,0,1,1,0,0,0,0,4
56.3,1,22.1,121.4,77.8,80.4,176.1,1,2.3,8.4,0.9,6.1,84.9,0,1,0,1,0,0,0,0,0,0,0,0,0,0,0,1,1,0,0,0,0,4
60.7,0,23.3,129.8,72.7,85.3,228.4,1,1.2,8.6,1.5,8.7,62.2,0,1,0,1,0,0,0,0,0,0,0,0,0,0,0,1,1,0,0,0,0,4
51.5,0,22.1,120.5,75.5,97.3,198.6,1,0.6,6.7,4.2,8.1,65.5,0,1,0,1,0,0,0,0,0,0,0,0,0,0,0,1,1,0,0,0,0,4
63.1,1,22.3,126.1,76.8,106.9,197.5,1,0.0,7.0,1.6,6.1,72.1,0,0,0,1,0,0,0,0,0,0,0,0,0,0,0,1,1,0,0,0,0,4
63.2,1,28.7,112.8,72.7,85.2,176.2,1,1.5,8.0,1.7,8.0,74.3,0,1,0,1,0,0,0,0,0,0,0,0,0,0,0,1,0,0,0,0,0,4
61.4,1,21.0,115.5,74.5,91.0,206.9,1,0.6,6.7,2.2,4.7,69.7,0,0,0,1,0,0,0,0,0,0,0,0,0,0,0,1,1,0,0,0,0,4
69.6,1,23.7,106.8,73.8,100.1,189.0,1,0.3,8.1,1.7,7.9,82.4,0,1,0,1,0,0,0,0,0,0,0,0,0,0,0,1,1,0,0,0,0,4
69.3,1,27.2,122.8,77.5,79.5,167.4,1,1.0,8.3,2.4,5.8,71.9,0,1,0,1,0,0,0,0,0,0,0,0,0,0,0,1,1,0,0,0,0,4
61.0,0,26.7,123.7,77.1,100.9,168.2,1,1.1,7.6,0.6,7.0,68.2,0,1,0,0,0,0,0,0,0,0,0,0,0,0,0,1,1,0,0,0,0,4
55.6,0,21.0,133.9,68.5,87.6,136.7,1,0.0,8.3,7.3,7.1,68.7,0,1,0,0,0,0,0,0,0,0,0,0,0,0,0,1,1,0,0,0,0,4
47.0,0,22.2,117.0,81.5,94.4,166.0,1,1.3,6.7,0.8,8.2,72.2,0,0,0,1,0,0,0,0,0,0,0,0,0,0,0,1,1,0,0,0,0,4
61.4,1,19.9,115.0,83.2,94.4,184.9,1,0.6,6.8,1.8,6.7,64.6,1,1,0,1,0,0,0,0,0,0,0,0,0,0,0,1,1,0,0,0,0,4
45.3,1,20.9,127.7,84.8,85.9,155.4,1,0.9,6.9,1.7,7.2,67.2,0,0,0,1,0,0,0,0,0,0,0,0,0,0,0,1,1,0,0,0,0,4
58.9,1,24.8,123.2,71.8,94.8,156.4,1,0.8,6.8,0.2,7.1,50.7,0,1,0,1,0,0,0,0,0,0,0,0,0,0,0,1,1,0,0,0,0,4
70.1,1,21.9,126.7,74.7,83.9,192.6,1,0.7,6.6,5.0,8.0,56.5,0,1,0,1,0,0,0,0,0,0,0,0,0,0,0,1,1,0,0,0,0,4
66.5,1,22.7,114.8,72.8,82.0,203.2,1,1.6,7.1,4.3,9.2,82.8,0,1,0,1,0,0,0,0,0,0,0,0,0,0,0,0,1,0,0,0,0,4
70.6,0,19.2,108.4,73.6,96.3,188.6,1,0.7,7.4,2.7,6.4,72.8,0,1,0,1,0,0,0,0,0,0,0,0,0,0,0,1,1,0,0,0,0,4
52.5,1,23.5,120.7,78.5,86.4,176.1,1,0.1,7.1,2.7,6.9,76.7,0,1,0,1,0,0,0,0,0,0,0,0,0,0,0,1,0,0,0,0,0,4
77.2,0,27.1,104.9,84.8,93.5,203.7,1,0.2,7.0,1.3,7.1,73.8,0,1,0,1,0,0,0,0,0,0,0,0,0,0,0,1,1,0,0,0,0,4
75.1,1,23.1,120.6,69.3,91.6,192.8,1,0.5,8.3,2.7,5.8,73.4,0,1,0,1,0,0,0,0,0,0,0,0,0,0,0,1,1,0,0,0,0,4
65.5,1,25.0,113.9,70.4,96.8,177.4,1,1.3,8.8,4.2,5.3,60.6,0,1,0,1,0,0,0,0,0,0,0,0,0,0,0,1,1,0,0,0,0,4
44.8,1,23.6,106.1,68.4,91.7,198.7,1,1.3,7.6,1.4,10.2,70.6,0,1,0,0,0,0,0,0,0,0,0,0,0,0,0,1,1,0,0,0,0,4
62.4,0,22.6,123.3,77.8,73.5,175.5,1,0.9,6.6,0.3,9.0,76.3,0,1,0,1,0,0,0,0,0,0,0,0,0,0,0,1,1,0,0,0,0,4
57.2,0,25.8,110.4,75.2,87.0,191.9,1,0.6,6.8,0.2,7.6,67.1,0,1,0,1,0,0,0,0,0,0,0,0,0,0,0,1,1,0,0,0,0,4
74.0,1,24.2,106.9,82.7,88.3,181.5,1,0.0,7.5,3.3,9.2,86.3,0,1,0,1,0,0,0,0,0,0,0,0,0,0,0,1,1,0,0,0,0,4
80.8,1,22.6,133.1,79.9,90.9,186.0,1,0.0,6.5,2.8,6.9,73.5,0,1,0,1,0,0,0,0,0,0,0,0,0,0,0,1,1,0,0,0,0,4
61.4,0,28.3,121.8,74.3,81.6,173.1,1,0.7,6.0,0.3,8.0,67.8,0,1,0,1,0,0,0,0,0,0,0,0,0,0,0,1,1,0,0,0,0,4
77.2,0,24.3,108.0,75.1,86.3,160.8,1,0.8,6.8,3.2,5.5,56.4,0,1,0,1,0,0,0,0,0,0,0,0,0,0,0,0,1,0,0,0,0,4
76.6,0,24.7,122.1,87.3,90.6,162.8,1,0.9,7.9,1.7,6.0,70.0,0,1,0,1,0,0,0,0,0,0,0,0,0,0,0,1,1,0,0,0,0,4
63.1,0,30.2,107.5,76.2,85.9,174.6,1,1.5,6.1,1.4,8.4,68.4,0,0,0,1,0,0,0,0,0,0,0,0,0,0,0,1,1,0,0,0,0,4
54.5,0,22.9,125.4,78.6,90.6,182.5,1,1.7,8.1,6.5,6.0,72.0,0,0,0,1,0,0,0,0,0,0,0,0,0,0,0,1,1,0,0,0,0,4
62.9,0,22.3,112.6,69.0,92.4,185.9,1,0.3,8.2,0.1,5.3,64.4,0,0,0,0,0,0,0,0,0,0,0,0,0,0,0,1,1,0,0,0,0,4
68.3,1,25.9,119.5,76.1,86.4,163.7,1,1.2,5.4,2.0,6.7,74.6,0,1,0,1,0,0,0,0,0,0,0,0,0,0,0,0,1,0,0,0,0,4
74.7,1,25.9,122.3,89.9,89.9,173.4,1,1.3,7.8,2.2,8.6,65.2,0,1,0,1,0,0,0,0,0,0,0,0,0,0,0,0,1,0,0,0,0,4
48.3,0,23.7,124.3,77.9,97.5,163.0,1,1.7,6.2,0.8,5.8,65.6,0,0,0,1,0,0,0,0,0,0,0,0,0,0,0,0,1,0,0,0,0,4
62.3,0,22.5,127.7,71.1,95.8,176.8,1,0.6,6.8,6.1,5.0,61.9,0,0,0,1,0,0,0,0,0,0,0,0,0,0,0,1,1,0,0,0,0,4
54.3,0,24.5,117.0,72.9,96.3,173.7,1,1.5,6.5,7.4,6.9,59.1,0,1,0,1,0,0,0,0,0,0,0,0,0,0,0,1,0,0,0,0,0,4
57.0,1,21.5,127.6,75.5,82.1,183.5,1,1.8,6.8,0.1,6.7,76.8,0,1,0,1,0,0,0,0,0,0,0,0,0,0,0,1,1,0,0,0,0,4
69.2,1,21.3,122.4,84.5,90.5,185.3,1,1.1,8.5,0.4,6.9,73.1,0,0,0,1,0,0,0,0,0,0,0,0,0,0,0,1,1,0,0,0,0,4
72.3,1,23.2,116.1,79.4,82.0,169.6,1,0.5,6.9,1.2,8.2,76.8,0,0,0,1,0,0,0,0,0,0,0,0,0,0,0,1,1,0,0,0,0,4
65.6,1,23.5,118.5,72.6,89.2,209.9,1,0.3,5.8,8.4,5.1,66.3,0,1,0,1,0,0,0,0,0,0,0,0,0,0,0,1,0,0,0,0,0,4
56.4,1,23.8,122.6,80.1,79.8,173.5,1,1.6,7.3,0.5,10.1,78.9,0,1,0,1,0,0,0,0,0,0,0,0,0,0,0,1,1,0,0,0,0,4
84.9,0,20.7,104.4,72.1,89.0,161.6,1,1.2,6.8,0.5,6.8,67.8,0,0,0,1,0,0,0,0,0,0,0,0,0,0,0,1,1,0,0,0,0,4
49.6,1,27.7,111.9,73.1,94.7,164.8,1,1.1,5.9,1.0,6.6,68.9,0,1,0,1,0,0,0,0,0,0,0,0,0,0,0,1,1,0,0,0,0,4
61.1,1,23.0,115.6,71.9,89.6,195.5,1,1.2,6.9,1.5,4.0,68.0,0,0,0,1,0,0,0,0,0,0,0,0,0,0,0,1,0,0,0,0,0,4
53.2,1,25.2,107.4,70.3,89.6,175.0,1,1.1,6.9,0.2,7.1,77.9,0,0,0,0,0,0,0,0,0,0,0,0,0,0,0,1,1,0,0,0,0,4
58.7,1,20.2,133.9,71.4,68.1,154.9,1,1.3,6.1,2.9,8.6,61.8,0,0,0,1,0,0,0,0,0,0,0,0,0,0,0,0,1,0,0,0,0,4
56.0,1,25.6,121.3,75.7,94.4,148.6,1,1.5,8.2,1.3,7.6,76.1,0,1,0,1,0,0,0,0,0,0,0,0,0,0,0,1,1,0,0,0,0,4
57.2,0,22.6,121.7,82.7,84.1,160.6,1,1.4,7.4,2.4,7.5,90.3,0,1,0,1,0,0,0,0,0,0,0,0,0,0,0,0,1,0,0,0,0,4
52.9,1,23.9,123.3,70.5,100.1,194.2,1,1.3,8.0,0.9,4.9,67.4,0,1,0,1,0,0,0,0,0,0,0,0,0,0,0,1,1,0,0,0,0,4
56.0,1,22.0,121.4,76.0,89.0,175.3,1,0.4,7.7,2.1,5.9,72.3,0,1,0,1,0,0,0,0,0,0,0,0,0,0,0,1,1,0,0,0,0,4
54.5,0,23.3,105.4,73.1,89.4,175.6,1,1.3,8.0,1.8,7.2,65.5,0,1,0,1,0,0,0,0,0,0,0,0,0,0,0,0,0,0,0,0,0,4
56.6,1,24.5,109.1,86.5,104.2,131.5,1,0.4,7.6,1.1,8.1,67.7,0,1,0,1,0,0,0,0,0,0,0,0,0,0,0,1,1,0,0,0,0,4
80.6,0,20.8,123.3,75.7,84.5,159.9,1,1.6,7.6,6.4,6.4,63.0,0,1,0,1,0,0,0,0,0,0,0,0,0,0,0,0,1,0,0,0,0,4
69.3,1,29.4,127.0,77.8,94.3,177.2,1,1.8,7.8,1.2,5.7,75.1,0,1,0,1,0,0,0,0,0,0,0,0,0,0,0,1,0,0,0,0,0,4
70.4,0,26.8,126.4,78.0,73.0,174.6,1,1.0,7.0,15.7,8.1,66.0,0,1,0,1,0,0,0,0,0,0,0,0,0,0,0,1,1,0,0,0,0,4
53.6,1,25.6,111.3,74.8,93.9,160.2,1,0.3,7.9,1.3,8.7,74.8,0,1,0,1,0,0,0,0,0,0,0,0,0,0,0,1,1,0,0,0,0,4
66.3,1,20.5,119.8,75.5,101.9,195.1,1,2.3,7.4,0.3,7.4,84.0,0,0,0,1,0,0,0,0,0,0,0,0,0,0,0,1,1,0,0,0,0,4
61.6,1,23.0,117.9,74.2,85.3,153.5,1,1.2,6.3,0.1,3.5,63.0,0,0,0,1,0,0,0,0,0,0,0,0,0,0,0,1,1,0,0,0,0,4
57.9,1,27.4,110.6,74.7,81.2,166.9,1,0.0,6.9,3.1,7.2,86.7,0,0,0,1,0,0,0,0,0,0,0,0,0,0,0,1,1,0,0,0,0,4
74.4,1,20.6,120.4,74.8,97.9,175.2,1,1.1,6.8,0.4,6.8,78.8,0,1,0,1,0,0,0,0,0,0,0,0,0,0,0,0,1,0,0,0,0,4
59.4,0,25.3,116.3,78.9,84.7,163.8,1,0.7,6.1,0.7,4.5,69.2,0,1,0,1,0,0,0,0,0,0,0,0,0,0,0,1,1,0,0,0,0,4
52.3,0,22.3,128.2,77.2,96.8,172.0,1,0.4,7.5,5.6,5.0,82.8,0,1,0,1,0,0,0,0,0,0,0,0,0,0,0,0,1,0,0,0,0,4
74.7,1,17.6,122.9,70.8,94.5,187.9,1,1.0,8.0,1.4,7.2,75.4,0,0,0,1,0,0,0,0,0,0,0,0,0,0,0,1,1,0,0,0,0,4
68.2,0,22.9,132.8,70.6,103.6,175.6,1,1.4,7.1,1.2,9.6,64.0,0,1,0,1,0,0,0,0,0,0,0,0,0,0,0,1,1,0,0,0,0,4
60.0,0,22.8,137.6,65.7,98.6,183.9,1,0.4,9.5,1.6,6.7,66.9,0,1,0,1,0,0,0,0,0,0,0,0,0,0,0,1,1,0,0,0,0,4
66.3,0,22.9,123.9,74.7,87.9,178.8,1,0.0,6.8,2.2,8.3,65.4,0,0,0,0,0,0,0,0,0,0,0,0,0,0,0,1,1,0,0,0,0,4
62.8,1,24.9,113.2,72.8,90.0,163.4,1,1.9,5.8,0.9,9.7,68.0,0,1,0,1,0,0,0,0,0,0,0,0,0,0,0,1,0,0,0,0,0,4
60.6,1,20.5,127.3,74.3,99.8,171.0,1,0.0,7.7,3.7,7.4,63.6,0,1,0,1,0,0,0,0,0,0,0,0,0,0,0,1,1,0,0,0,0,4
66.1,1,21.3,124.6,70.3,93.8,169.3,1,0.8,7.5,1.9,9.3,68.8,0,1,0,1,0,0,0,0,0,0,0,0,0,0,0,1,1,0,0,0,0,4
64.3,1,27.4,123.1,81.0,98.5,170.3,1,1.2,7.2,3.5,10.1,76.2,0,1,0,1,0,0,0,0,0,0,0,0,0,0,0,1,1,0,0,0,0,4
58.5,1,22.5,118.8,72.3,92.2,184.0,1,0.7,7.6,3.0,5.6,76.9,0,0,0,1,0,0,0,0,0,0,0,0,0,0,0,1,0,0,0,0,0,4
58.8,1,23.1,114.5,75.9,87.6,170.4,1,0.1,7.5,2.2,8.5,68.8,1,0,0,1,0,0,0,0,0,0,0,0,0,0,0,1,1,0,0,0,0,4
63.9,0,26.6,114.0,78.7,84.0,180.0,1,1.7,8.7,2.3,6.8,69.5,0,0,0,1,0,0,0,0,0,0,0,0,0,0,0,1,1,0,0,0,0,4
50.8,1,19.9,118.9,72.6,92.2,195.5,1,0.8,7.3,2.4,5.5,75.7,0,1,0,1,0,0,0,0,0,0,0,0,0,0,0,1,1,0,0,0,0,4
67.4,0,20.1,119.3,79.8,102.3,150.7,1,1.5,7.5,5.1,6.5,79.1,0,1,0,0,0,0,0,0,0,0,0,0,0,0,0,1,1,0,0,0,0,4
68.5,1,25.7,112.6,83.4,100.3,194.1,1,0.8,5.9,0.3,7.1,69.3,0,1,0,1,0,0,0,0,0,0,0,0,0,0,0,1,1,0,0,0,0,4
67.5,1,26.4,123.3,83.3,95.6,188.9,1,1.2,8.2,1.5,6.4,64.5,0,1,0,1,0,0,0,0,0,0,0,0,0,0,0,1,1,0,0,0,0,4
70.2,1,23.7,116.4,88.6,91.6,178.7,1,0.0,7.3,1.6,5.7,69.2,0,0,0,1,0,0,0,0,0,0,0,0,0,0,0,1,1,0,0,0,0,4
41.4,1,25.4,123.2,74.9,92.6,198.4,1,1.2,6.6,0.9,7.6,59.2,0,1,0,0,0,0,0,0,0,0,0,0,0,0,0,1,1,0,0,0,0,4
75.1,0,27.1,123.7,80.7,101.4,198.0,1,0.9,5.6,3.7,8.2,67.7,0,0,0,1,0,0,0,0,0,0,0,0,0,0,0,1,1,0,0,0,0,4
56.1,0,24.4,116.2,74.6,89.6,157.6,1,0.9,6.1,0.2,7.8,84.7,0,1,0,1,0,0,0,0,0,0,0,0,0,0,0,1,1,0,0,0,0,4
72.3,1,26.8,122.7,72.1,93.2,174.8,1,1.8,6.9,4.6,7.5,62.6,0,0,0,1,0,0,0,0,0,0,0,0,0,0,0,1,1,0,0,0,0,4
67.7,1,25.3,110.3,69.2,89.2,184.7,1,0.1,7.4,0.3,6.6,85.3,0,1,0,1,0,0,0,0,0,0,0,0,0,0,0,1,1,0,0,0,0,4
59.1,0,24.8,114.1,74.7,89.4,183.6,1,0.6,6.8,0.6,9.9,66.1,0,0,0,1,0,0,0,0,0,0,0,0,0,0,0,1,1,0,0,0,0,4
54.0,1,20.4,120.6,76.5,80.0,177.4,1,1.8,9.1,2.8,7.3,63.9,0,1,0,1,0,0,0,0,0,0,0,0,0,0,0,1,1,0,0,0,0,4
70.9,0,28.2,125.1,88.3,86.5,177.9,1,0.0,7.2,2.6,5.6,88.2,0,1,0,1,0,0,0,0,0,0,0,0,0,0,0,1,1,0,0,0,0,4
64.2,0,28.3,120.3,77.0,86.2,162.3,1,0.4,6.5,3.5,6.3,83.8,0,0,0,1,0,0,0,0,0,0,0,0,0,0,0,1,1,0,0,0,0,4
85.0,0,19.3,123.3,78.3,79.2,173.7,1,1.1,6.1,0.5,8.2,80.5,0,1,0,0,0,0,0,0,0,0,0,0,0,0,0,1,1,0,0,0,0,4
58.5,1,22.7,112.5,67.8,91.0,194.9,1,0.3,6.6,1.0,6.1,56.5,0,0,0,1,0,0,0,0,0,0,0,0,0,0,0,1,1,0,0,0,0,4
72.7,1,21.1,120.0,79.6,82.7,211.1,1,0.3,7.3,0.1,6.9,71.7,0,1,0,1,0,0,0,0,0,0,0,0,0,0,0,0,1,0,0,0,0,4
69.4,0,27.6,119.8,78.8,89.8,183.2,1,0.3,6.0,4.9,6.9,85.1,0,1,0,1,0,0,0,0,0,0,0,0,0,0,0,1,1,0,0,0,0,4
48.9,1,23.6,109.4,71.4,88.7,179.0,1,0.9,8.1,1.4,7.2,72.2,0,0,0,1,0,0,0,0,0,0,0,0,0,0,0,1,1,0,0,0,0,4
68.3,0,21.9,115.7,75.3,74.5,163.9,1,1.3,7.3,3.4,5.8,73.5,0,1,0,1,0,0,0,0,0,0,0,0,0,0,0,1,0,0,0,0,0,4
75.8,1,27.5,100.4,78.8,75.8,181.3,1,0.7,9.1,4.4,7.3,64.6,0,1,0,1,0,0,0,0,0,0,0,0,0,0,0,1,1,0,0,0,0,4
52.4,1,25.8,112.6,79.4,86.4,206.3,1,0.5,6.1,0.6,6.7,72.1,0,1,0,1,0,0,0,0,0,0,0,0,0,0,0,1,1,0,0,0,0,4
66.7,1,19.6,114.4,78.0,79.7,151.5,1,1.9,5.5,0.9,8.1,66.5,0,1,0,1,0,0,0,0,0,0,0,0,0,0,0,1,1,0,0,0,0,4
57.3,1,28.0,109.6,74.7,89.7,171.0,1,0.6,6.6,7.7,8.0,72.8,1,1,0,0,0,0,0,0,0,0,0,0,0,0,0,1,1,0,0,0,0,4
65.5,0,21.3,120.1,80.9,84.2,181.3,1,1.1,5.7,6.9,2.7,74.1,0,1,0,1,0,0,0,0,0,0,0,0,0,0,0,1,1,0,0,0,0,4
58.1,1,26.6,121.7,79.6,86.6,179.8,1,0.0,6.1,6.6,6.6,78.1,0,1,0,1,0,0,0,0,0,0,0,0,0,0,0,1,1,0,0,0,0,4
50.9,0,21.3,126.5,86.3,94.5,164.7,1,0.8,6.8,0.7,6.5,78.0,0,0,0,1,0,0,0,0,0,0,0,0,0,0,0,1,1,0,0,0,0,4
63.6,0,27.8,112.7,71.4,97.4,168.2,1,0.4,8.1,1.5,6.7,77.4,1,1,0,1,0,0,0,0,0,0,0,0,0,0,0,1,1,0,0,0,0,4
72.5,0,21.9,119.2,81.8,102.8,187.7,1,1.0,7.9,1.6,8.3,73.2,0,1,0,1,0,0,0,0,0,0,0,0,0,0,0,1,0,0,0,0,0,4
62.6,0,21.8,134.8,75.1,84.4,147.6,1,1.6,5.8,3.8,8.2,69.5,0,0,0,1,0,0,0,0,0,0,0,0,0,0,0,1,1,0,0,0,0,4
70.0,0,18.1,120.0,76.9,103.6,219.3,1,1.7,7.0,5.1,6.1,71.7,0,0,0,1,0,0,0,0,0,0,0,0,0,0,0,1,1,0,0,0,0,4
65.6,0,19.8,116.1,73.1,88.1,175.2,1,0.4,5.1,3.8,6.4,75.3,0,0,0,1,0,0,0,0,0,0,0,0,0,0,0,1,1,0,0,0,0,4
62.3,1,20.1,120.1,69.1,81.2,158.6,1,0.3,6.8,1.3,5.0,76.2,0,0,0,1,0,0,0,0,0,0,0,0,0,0,0,1,1,0,0,0,0,4
58.8,0,28.4,100.6,73.0,85.4,146.3,1,1.2,7.3,1.3,6.3,78.4,0,0,0,1,0,0,0,0,0,0,0,0,0,0,0,1,1,0,0,0,0,4
46.3,1,19.7,117.0,71.7,87.4,200.1,1,0.8,6.5,0.3,5.3,70.3,0,1,0,1,0,0,0,0,0,0,0,0,0,0,0,1,0,0,0,0,0,4
56.4,0,24.2,118.3,75.1,88.5,190.9,1,0.6,8.5,0.5,6.4,72.3,0,1,0,1,0,0,0,0,0,0,0,0,0,0,0,1,1,0,0,0,0,4
65.8,0,25.0,113.4,72.5,94.8,170.6,1,1.5,7.0,1.4,8.2,74.6,0,0,0,0,0,0,0,0,0,0,0,0,0,0,0,1,1,0,0,0,0,4
56.5,0,20.3,129.6,79.5,91.5,172.8,1,1.0,6.0,0.7,8.1,75.8,0,1,0,1,0,0,0,0,0,0,0,0,0,0,0,1,1,0,0,0,0,4
51.0,1,23.0,119.5,82.2,76.9,203.6,1,1.3,7.4,0.0,8.4,70.7,0,0,0,1,0,0,0,0,0,0,0,0,0,0,0,1,1,0,0,0,0,4
58.2,1,24.3,116.8,74.5,86.6,182.6,1,0.4,6.9,0.4,5.0,75.1,0,1,0,1,0,0,0,0,0,0,0,0,0,0,0,1,1,0,0,0,0,4
57.3,1,22.4,113.9,77.4,80.2,185.9,1,1.3,7.1,4.0,5.5,72.6,1,0,0,1,0,0,0,0,0,0,0,0,0,0,0,1,1,0,0,0,0,4
54.9,0,21.2,115.9,73.0,84.8,173.0,1,2.1,7.3,4.0,7.7,71.4,0,1,0,1,0,0,0,0,0,0,0,0,0,0,0,1,1,0,0,0,0,4
79.5,1,21.1,123.6,74.9,82.5,183.8,1,2.2,8.5,2.0,8.0,78.5,0,1,0,1,0,0,0,0,0,0,0,0,0,0,0,1,1,0,0,0,0,4
68.2,1,29.5,114.7,85.8,98.9,186.7,1,0.5,7.8,2.8,6.2,70.9,0,1,0,1,0,0,0,0,0,0,0,0,0,0,0,1,1,0,0,0,0,4
53.5,1,27.1,117.8,77.8,97.0,134.3,1,1.5,5.7,1.1,7.7,74.8,0,1,0,1,0,0,0,0,0,0,0,0,0,0,0,1,0,0,0,0,0,4
61.0,1,25.4,116.1,76.9,92.4,167.9,1,0.9,7.9,2.7,6.8,79.0,0,0,0,1,0,0,0,0,0,0,0,0,0,0,0,1,1,0,0,0,0,4
55.1,0,25.0,128.4,78.0,79.7,174.5,1,0.9,6.4,0.0,5.7,86.4,0,0,0,0,0,0,0,0,0,0,0,0,0,0,0,1,1,0,0,0,0,4
58.9,1,22.2,126.2,88.8,90.6,180.1,1,1.0,7.7,1.6,7.3,72.1,0,1,0,0,0,0,0,0,0,0,0,0,0,0,0,1,1,0,0,0,0,4
66.6,1,27.1,126.2,71.0,85.9,179.1,1,2.0,7.0,0.4,7.2,67.1,0,1,0,1,0,0,0,0,0,0,0,0,0,0,0,0,1,0,0,0,0,4
51.5,0,24.6,112.7,76.9,88.0,173.1,1,0.4,6.2,1.8,6.6,76.4,0,1,0,1,0,0,0,0,0,0,0,0,0,0,0,1,1,0,0,0,0,4
58.9,0,21.7,102.9,76.7,85.2,205.6,1,0.0,7.0,0.3,7.6,63.3,0,1,0,1,0,0,0,0,0,0,0,0,0,0,0,1,1,0,0,0,0,4
61.1,0,25.3,117.0,78.3,86.7,150.7,1,1.2,5.4,5.1,5.8,78.3,0,0,0,1,0,0,0,0,0,0,0,0,0,0,0,1,1,0,0,0,0,4
59.9,0,27.6,112.0,70.2,94.5,164.4,1,0.0,6.4,0.1,8.8,63.1,0,1,0,1,0,0,0,0,0,0,0,0,0,0,0,1,1,0,0,0,0,4
66.5,0,25.3,123.6,76.7,79.7,161.7,1,0.7,8.0,4.5,5.4,72.7,0,0,0,1,0,0,0,0,0,0,0,0,0,0,0,1,1,0,0,0,0,4
65.6,1,24.3,110.3,70.9,81.9,153.8,1,0.8,7.4,2.8,7.8,73.7,0,1,0,1,0,0,0,0,0,0,0,0,0,0,0,1,0,0,0,0,0,4
63.7,0,22.2,121.6,81.1,92.8,159.5,1,1.9,6.5,0.1,6.9,66.4,0,1,0,1,0,0,0,0,0,0,0,0,0,0,0,1,1,0,0,0,0,4
74.1,0,20.1,112.4,71.0,80.3,186.1,1,1.7,7.1,0.4,8.0,69.8,0,1,0,0,0,0,0,0,0,0,0,0,0,0,0,1,1,0,0,0,0,4
65.9,0,22.4,118.0,64.5,85.7,201.8,1,1.3,7.8,0.9,4.7,73.6,0,1,0,1,0,0,0,0,0,0,0,0,0,0,0,1,1,0,0,0,0,4
76.6,1,25.6,123.6,77.5,84.6,177.2,1,1.3,5.3,0.5,6.5,69.8,0,1,0,1,0,0,0,0,0,0,0,0,0,0,0,1,1,0,0,0,0,4
68.8,1,24.3,120.8,78.2,83.8,180.7,1,1.2,10.1,0.8,8.1,81.1,0,1,0,1,0,0,0,0,0,0,0,0,0,0,0,1,1,0,0,0,0,4
63.7,0,19.9,128.1,70.1,91.3,176.1,1,1.3,6.6,6.1,3.4,79.2,0,1,0,1,0,0,0,0,0,0,0,0,0,0,0,1,0,0,0,0,0,4
62.9,1,28.6,114.3,74.8,92.8,176.4,1,0.9,8.1,0.3,6.9,65.3,0,0,0,1,0,0,0,0,0,0,0,0,0,0,0,1,1,0,0,0,0,4
52.2,1,25.8,113.3,89.8,78.1,163.4,1,1.1,8.5,2.3,5.6,65.7,0,1,0,1,0,0,0,0,0,0,0,0,0,0,0,1,1,0,0,0,0,4
68.6,1,25.1,115.4,79.2,87.8,188.8,1,0.5,8.7,5.8,7.3,71.8,0,1,0,1,0,0,0,0,0,0,0,0,0,0,0,1,1,0,0,0,0,4
62.7,0,20.8,114.3,71.9,91.8,212.7,1,0.7,7.2,8.2,7.6,68.9,0,0,0,1,0,0,0,0,0,0,0,0,0,0,0,1,1,0,0,0,0,4
61.1,0,22.4,108.3,77.3,88.5,218.7,1,0.4,6.4,0.9,7.6,55.1,1,0,0,1,0,0,0,0,0,0,0,0,0,0,0,0,1,0,0,0,0,4
71.5,1,27.8,119.8,78.9,102.5,172.1,1,1.1,7.2,0.7,6.3,65.1,0,0,0,1,0,0,0,0,0,0,0,0,0,0,0,1,1,0,0,0,0,4
72.2,0,22.3,128.3,75.0,94.8,163.1,1,1.0,7.1,2.1,10.7,68.7,0,0,0,1,0,0,0,0,0,0,0,0,0,0,0,1,1,0,0,0,0,4
71.5,1,25.9,118.9,75.8,89.5,192.4,1,1.2,6.5,0.4,5.3,72.6,0,0,0,1,0,0,0,0,0,0,0,0,0,0,0,0,1,0,0,0,0,4
65.5,0,20.7,105.4,76.0,94.9,154.7,1,0.6,8.2,2.4,7.4,70.4,0,0,0,1,0,0,0,0,0,0,0,0,0,0,0,0,1,0,0,0,0,4
77.2,1,24.7,112.6,76.7,80.2,139.8,1,1.2,6.7,0.3,7.7,71.8,0,1,0,0,0,0,0,0,0,0,0,0,0,0,0,1,1,0,0,0,0,4
60.7,0,24.2,115.9,73.1,90.0,168.1,1,0.9,6.8,7.6,8.5,85.6,0,0,0,1,0,0,0,0,0,0,0,0,0,0,0,1,1,0,0,0,0,4
69.2,0,24.5,126.2,78.2,93.6,185.6,1,0.6,7.9,0.2,6.5,88.6,0,1,0,1,0,0,0,0,0,0,0,0,0,0,0,1,1,0,0,0,0,4
48.8,1,22.1,113.9,74.1,90.8,213.0,1,1.5,7.4,1.5,4.1,66.7,0,0,0,1,0,0,0,0,0,0,0,0,0,0,0,1,1,0,0,0,0,4
64.8,0,19.8,114.9,85.4,97.3,179.1,1,1.5,7.0,1.5,5.8,75.4,0,1,0,1,0,0,0,0,0,0,0,0,0,0,0,1,1,0,0,0,0,4
67.4,0,26.8,121.0,74.4,103.7,178.4,1,1.2,7.2,8.3,5.4,88.6,0,0,0,1,0,0,0,0,0,0,0,0,0,0,0,1,0,0,0,0,0,4
77.3,1,22.8,114.2,72.8,87.3,171.8,1,1.0,6.5,0.4,5.8,77.7,0,1,0,1,0,0,0,0,0,0,0,0,0,0,0,0,1,0,0,0,0,4
50.9,1,26.5,124.4,69.6,94.2,191.4,1,1.0,7.1,12.8,7.1,69.2,0,1,0,1,0,0,0,0,0,0,0,0,0,0,0,1,0,0,0,0,0,4
43.6,1,24.0,118.0,73.0,87.4,160.6,1,0.5,7.5,1.8,6.5,73.6,0,1,0,1,0,0,0,0,0,0,0,0,0,0,0,1,1,0,0,0,0,4
57.7,1,24.4,115.4,78.5,96.6,171.9,1,1.5,6.9,3.6,9.5,70.5,1,1,0,1,0,0,0,0,0,0,0,0,0,0,0,1,1,0,0,0,0,4
59.3,0,23.1,117.5,69.1,88.4,170.6,1,1.2,6.9,4.4,5.5,74.3,0,0,0,1,0,0,0,0,0,0,0,0,0,0,0,1,1,0,0,0,0,4
61.2,1,22.0,109.6,79.5,84.8,187.3,1,0.2,7.2,0.2,4.4,62.9,0,0,0,1,0,0,0,0,0,0,0,0,0,0,0,0,1,0,0,0,0,4
61.6,1,18.5,115.6,72.0,70.0,189.8,1,1.5,7.0,0.9,6.5,77.9,0,1,0,1,0,0,0,0,0,0,0,0,0,0,0,1,1,0,0,0,0,4
51.3,1,21.9,120.3,88.4,82.7,164.6,1,1.6,7.2,0.8,5.1,77.6,0,1,0,0,0,0,0,0,0,0,0,0,0,0,0,1,0,0,0,0,0,4
44.8,1,25.5,115.7,72.1,85.2,191.0,1,0.4,7.8,3.3,5.9,90.0,0,1,0,1,0,0,0,0,0,0,0,0,0,0,0,1,1,0,0,0,0,4
48.5,1,24.7,125.6,72.8,95.6,156.8,1,0.5,7.3,4.3,7.1,50.7,0,1,0,1,0,0,0,0,0,0,0,0,0,0,0,1,1,0,0,0,0,4
47.3,0,20.2,126.1,70.4,79.3,178.4,1,0.0,8.2,0.0,6.3,66.5,0,1,0,1,0,0,0,0,0,0,0,0,0,0,0,1,1,0,0,0,0,4
56.6,0,21.1,115.8,71.9,83.9,186.8,1,1.0,7.2,3.4,4.8,59.7,0,1,0,1,0,0,0,0,0,0,0,0,0,0,0,1,1,0,0,0,0,4
75.3,1,25.4,126.1,79.2,94.3,179.1,1,0.5,8.2,4.1,5.6,53.6,0,1,0,1,0,0,0,0,0,0,0,0,0,0,0,1,1,0,0,0,0,4
71.2,0,28.4,116.1,80.6,103.9,175.8,1,1.1,7.5,1.9,7.0,73.2,0,0,0,1,0,0,0,0,0,0,0,0,0,0,0,1,1,0,0,0,0,4
65.8,0,25.3,119.4,79.0,90.2,219.4,1,0.2,7.8,1.5,7.9,63.5,0,1,0,1,0,0,0,0,0,0,0,0,0,0,0,1,1,0,0,0,0,4
71.6,1,21.4,117.6,71.9,94.7,192.8,1,0.4,6.6,2.8,5.2,65.7,0,1,0,1,0,0,0,0,0,0,0,0,0,0,0,0,1,0,0,0,0,4
66.5,0,21.6,115.7,76.9,81.0,187.3,1,0.8,6.9,6.1,8.6,64.6,0,1,0,1,0,0,0,0,0,0,0,0,0,0,0,1,1,0,0,0,0,4
55.8,1,22.9,118.2,75.7,82.5,193.5,1,1.4,7.7,4.8,8.0,81.2,0,1,0,1,0,0,0,0,0,0,0,0,0,0,0,1,1,0,0,0,0,4
61.1,1,23.7,114.9,78.9,87.3,174.9,1,0.9,7.8,3.2,8.3,69.9,0,0,0,0,0,0,0,0,0,0,0,0,0,0,0,0,1,0,0,0,0,4
69.9,1,23.6,128.9,78.6,87.8,154.1,1,0.1,7.6,0.6,8.4,55.7,0,0,0,1,0,0,0,0,0,0,0,0,0,0,0,1,1,0,0,0,0,4
64.4,1,26.4,123.2,73.0,73.8,160.9,1,0.6,6.6,1.9,4.6,70.9,1,1,0,1,0,0,0,0,0,0,0,0,0,0,0,1,1,0,0,0,0,4
82.9,0,23.6,125.1,73.9,90.8,184.1,1,1.0,5.9,2.6,7.5,74.6,0,1,0,1,0,0,0,0,0,0,0,0,0,0,0,1,1,0,0,0,0,4
54.5,1,28.2,116.8,81.6,97.8,174.5,1,0.3,8.2,0.9,5.0,73.0,0,0,0,1,0,0,0,0,0,0,0,0,0,0,0,1,1,0,0,0,0,4
48.0,0,21.8,112.3,84.2,78.9,188.8,1,1.1,8.2,1.3,5.1,67.1,0,0,0,1,0,0,0,0,0,0,0,0,0,0,0,1,1,0,0,0,0,4
67.5,0,30.0,111.6,78.6,84.4,190.8,1,1.7,6.3,0.1,9.2,64.7,1,1,0,0,0,0,0,0,0,0,0,0,0,0,0,1,1,0,0,0,0,4
52.5,0,21.7,124.4,69.2,80.9,151.4,1,0.7,7.0,8.1,7.9,70.8,0,0,0,0,0,0,0,0,0,0,0,0,0,0,0,1,1,0,0,0,0,4
68.2,0,18.3,111.4,66.9,87.9,186.3,1,0.7,8.1,0.3,6.0,65.5,0,1,0,1,0,0,0,0,0,0,0,0,0,0,0,1,1,0,0,0,0,4
70.2,0,26.7,115.8,79.5,81.1,158.2,1,1.3,7.8,0.5,7.7,72.9,0,1,0,1,0,0,0,0,0,0,0,0,0,0,0,1,1,0,0,0,0,4
60.0,0,25.2,112.7,70.6,75.8,178.0,1,1.8,7.2,3.1,6.8,63.5,0,1,0,1,0,0,0,0,0,0,0,0,0,0,0,1,1,0,0,0,0,4
73.1,1,22.0,118.5,83.8,80.0,170.6,1,0.9,5.7,5.1,4.9,68.9,0,0,0,1,0,0,0,0,0,0,0,0,0,0,0,1,1,0,0,0,0,4
56.0,1,20.3,118.2,72.0,84.9,186.3,1,1.4,7.2,0.9,5.9,78.0,0,1,0,1,0,0,0,0,0,0,0,0,0,0,0,1,1,0,0,0,0,4
68.3,1,28.1,99.8,78.1,85.7,179.0,1,0.2,6.3,3.3,5.0,70.9,0,1,0,1,0,0,0,0,0,0,0,0,0,0,0,1,1,0,0,0,0,4
63.9,0,21.7,114.7,73.5,93.5,193.9,1,0.9,8.9,8.7,7.2,70.7,0,0,0,0,0,0,0,0,0,0,0,0,0,0,0,1,1,0,0,0,0,4
72.2,1,28.0,116.7,67.8,96.5,193.6,1,2.2,6.7,4.8,6.3,69.9,0,1,0,1,0,0,0,0,0,0,0,0,0,0,0,1,0,0,0,0,0,4
58.1,1,23.5,124.4,71.8,84.0,194.8,1,1.0,8.7,0.4,6.3,76.6,0,1,0,1,0,0,0,0,0,0,0,0,0,0,0,1,1,0,0,0,0,4
51.7,0,22.7,106.6,82.8,93.4,171.0,1,2.0,8.0,1.6,5.5,68.1,0,1,0,1,0,0,0,0,0,0,0,0,0,0,0,1,1,0,0,0,0,4
74.2,1,19.0,122.2,82.3,108.1,183.4,1,0.4,6.6,6.0,6.7,65.6,0,1,0,1,0,0,0,0,0,0,0,0,0,0,0,1,1,0,0,0,0,4
51.8,0,21.4,124.3,76.6,75.4,194.4,1,0.8,7.4,18.2,7.0,65.0,0,1,0,1,0,0,0,0,0,0,0,0,0,0,0,1,1,0,0,0,0,4
47.3,1,25.0,117.6,76.4,91.4,163.0,1,2.0,8.5,2.3,4.8,92.6,0,1,0,1,0,0,0,0,0,0,0,0,0,0,0,1,1,0,0,0,0,4
66.5,0,25.4,130.7,70.1,91.3,171.1,1,2.3,8.3,0.0,7.6,70.1,0,0,0,1,0,0,0,0,0,0,0,0,0,0,0,1,1,0,0,0,0,4
72.3,0,26.1,116.0,79.2,88.1,182.6,1,2.4,7.0,3.4,5.6,67.7,0,1,0,1,0,0,0,0,0,0,0,0,0,0,0,1,1,0,0,0,0,4
56.7,1,22.1,119.1,85.1,98.3,204.5,1,0.8,6.8,0.7,7.8,59.5,0,1,0,1,0,0,0,0,0,0,0,0,0,0,0,1,1,0,0,0,0,4
62.8,1,23.2,112.0,79.3,86.1,174.2,1,1.3,7.9,0.5,7.2,71.0,0,1,0,1,0,0,0,0,0,0,0,0,0,0,0,1,1,0,0,0,0,4
62.2,0,22.1,114.8,77.0,78.3,170.6,1,1.5,7.4,1.8,9.2,71.8,0,1,0,1,0,0,0,0,0,0,0,0,0,0,0,1,1,0,0,0,0,4
67.4,1,22.6,129.5,72.4,81.0,158.9,1,0.9,6.3,9.3,6.3,59.7,0,0,0,1,0,0,0,0,0,0,0,0,0,0,0,1,0,0,0,0,0,4
58.1,0,22.6,112.7,71.5,104.1,211.4,1,1.5,7.0,5.8,6.8,61.7,0,0,0,1,0,0,0,0,0,0,0,0,0,0,0,1,1,0,0,0,0,4
62.3,1,25.1,119.2,64.9,90.3,165.6,1,1.2,5.6,0.0,7.2,66.2,0,1,0,0,0,0,0,0,0,0,0,0,0,0,0,1,1,0,0,0,0,4
55.2,0,26.8,111.1,81.8,80.0,190.6,1,0.3,5.0,2.6,9.1,72.7,1,1,0,1,0,0,0,0,0,0,0,0,0,0,0,1,1,0,0,0,0,4
49.8,1,26.1,121.4,80.1,99.6,177.4,1,0.0,8.7,3.3,9.2,63.9,0,1,0,1,0,0,0,0,0,0,0,0,0,0,0,1,1,0,0,0,0,4
69.6,0,23.5,112.9,73.9,83.8,170.5,1,0.3,8.1,0.4,7.0,70.7,0,0,0,1,0,0,0,0,0,0,0,0,0,0,0,1,1,0,0,0,0,4
69.1,1,19.9,111.3,72.8,91.2,144.9,1,1.6,6.5,0.2,8.2,71.4,0,1,0,1,0,0,0,0,0,0,0,0,0,0,0,0,1,0,0,0,0,4
52.6,0,22.0,110.9,69.5,101.8,154.5,1,1.2,8.6,3.8,8.9,66.4,0,1,0,1,0,0,0,0,0,0,0,0,0,0,0,1,1,0,0,0,0,4
62.9,1,21.5,114.6,78.0,84.8,204.0,1,1.1,7.6,0.2,3.6,82.6,0,0,0,1,0,0,0,0,0,0,0,0,0,0,0,1,0,0,0,0,0,4
55.7,1,23.8,126.2,75.3,77.3,198.5,1,0.0,6.7,0.8,6.4,67.6,0,0,0,1,0,0,0,0,0,0,0,0,0,0,0,1,1,0,0,0,0,4
68.6,1,25.7,121.4,79.1,96.3,168.3,1,0.9,5.7,5.3,4.5,79.7,0,1,0,1,0,0,0,0,0,0,0,0,0,0,0,1,1,0,0,0,0,4
65.9,1,25.3,125.6,80.1,77.1,191.3,1,0.4,7.1,0.2,8.8,77.7,0,0,0,1,0,0,0,0,0,0,0,0,0,0,0,1,1,0,0,0,0,4
68.0,0,27.0,110.5,76.6,85.9,173.7,1,0.6,5.8,0.6,6.2,75.1,0,1,0,1,0,0,0,0,0,0,0,0,0,0,0,1,1,0,0,0,0,4
56.8,1,28.0,109.6,71.4,90.9,160.2,1,1.2,7.4,2.5,5.1,66.4,0,1,0,1,0,0,0,0,0,0,0,0,0,0,0,1,1,0,0,0,0,4
62.3,1,22.9,111.7,80.1,75.8,153.6,1,0.1,8.7,1.8,8.9,78.4,0,1,0,1,0,0,0,0,0,0,0,0,0,0,0,1,1,0,0,0,0,4
48.2,1,22.9,108.1,73.5,90.4,191.0,1,1.5,6.4,2.0,7.3,80.9,0,0,0,1,0,0,0,0,0,0,0,0,0,0,0,1,1,0,0,0,0,4
54.7,1,28.3,129.3,78.3,74.2,148.4,1,0.9,7.4,3.6,6.7,79.2,0,0,0,1,0,0,0,0,0,0,0,0,0,0,0,1,0,0,0,0,0,4
64.8,0,22.7,125.0,74.0,105.2,144.3,1,1.2,6.2,8.2,3.7,72.4,0,1,0,1,0,0,0,0,0,0,0,0,0,0,0,1,1,0,0,0,0,4
60.4,0,24.2,102.2,85.1,91.4,169.0,1,1.6,8.3,0.9,6.7,79.0,1,1,0,1,0,0,0,0,0,0,0,0,0,0,0,1,1,0,0,0,0,4
65.8,0,18.6,119.9,74.8,85.9,152.9,1,0.0,6.3,2.8,5.3,69.8,0,1,0,1,0,0,0,0,0,0,0,0,0,0,0,1,1,0,0,0,0,4
50.5,1,18.3,114.7,83.8,97.2,221.9,1,1.4,6.8,1.5,6.4,76.9,0,1,0,1,0,0,0,0,0,0,0,0,0,0,0,0,1,0,0,0,0,4
64.9,1,20.2,127.2,79.8,102.6,169.5,1,0.6,6.6,2.0,6.3,66.5,0,1,0,0,0,0,0,0,0,0,0,0,0,0,0,1,1,0,0,0,0,4
67.1,0,24.1,117.1,82.1,92.9,172.8,1,0.0,6.8,2.3,7.7,75.2,0,0,0,1,0,0,0,0,0,0,0,0,0,0,0,1,1,0,0,0,0,4
70.6,0,24.3,117.5,71.3,85.4,200.3,1,0.7,6.6,3.1,8.0,77.3,0,1,0,1,0,0,0,0,0,0,0,0,0,0,0,1,1,0,0,0,0,4
74.3,0,28.6,120.7,79.9,77.7,199.8,1,1.0,7.0,3.6,4.7,66.6,0,1,0,1,0,0,0,0,0,0,0,0,0,0,0,1,1,0,0,0,0,4
63.3,1,23.7,119.6,75.9,87.3,192.6,1,1.5,6.4,4.5,8.7,79.2,1,0,0,1,0,0,0,0,0,0,0,0,0,0,0,1,0,0,0,0,0,4
68.0,0,20.3,122.7,82.1,84.7,169.4,1,1.1,6.2,0.8,8.3,64.6,0,1,0,1,0,0,0,0,0,0,0,0,0,0,0,1,1,0,0,0,0,4
69.8,0,22.0,124.0,72.8,97.2,180.2,1,1.0,8.5,1.6,6.3,77.3,0,1,0,1,0,0,0,0,0,0,0,0,0,0,0,1,1,0,0,0,0,4
62.8,0,22.8,118.1,79.0,86.8,207.0,1,0.9,8.2,5.8,4.9,65.0,0,0,0,0,0,0,0,0,0,0,0,0,0,0,0,1,1,0,0,0,0,4
60.2,1,23.5,119.4,78.6,88.0,178.9,1,0.0,7.7,0.3,6.7,63.6,0,1,0,1,0,0,0,0,0,0,0,0,0,0,0,1,1,0,0,0,0,4
55.1,0,25.4,109.7,89.2,99.1,182.4,1,1.6,5.3,0.4,8.9,62.1,0,1,0,1,0,0,0,0,0,0,0,0,0,0,0,1,1,0,0,0,0,4
72.0,0,20.9,114.8,71.7,88.2,163.9,1,1.6,7.8,1.3,4.2,69.0,0,1,0,1,0,0,0,0,0,0,0,0,0,0,0,1,1,0,0,0,0,4
50.2,0,24.4,122.1,66.6,85.6,131.5,1,1.3,5.8,0.9,5.8,70.9,0,0,0,1,0,0,0,0,0,0,0,0,0,0,0,1,1,0,0,0,0,4
53.6,1,24.0,115.2,68.8,89.6,189.0,1,1.2,6.8,2.0,8.0,78.6,0,1,0,1,0,0,0,0,0,0,0,0,0,0,0,1,1,0,0,0,0,4
65.0,1,24.4,116.7,71.6,94.2,207.6,1,1.2,6.3,1.6,9.8,73.9,0,1,0,1,0,0,0,0,0,0,0,0,0,0,0,1,1,0,0,0,0,4
65.4,1,22.2,118.7,67.8,79.2,198.1,1,0.7,6.9,0.7,8.4,61.0,0,1,0,1,0,0,0,0,0,0,0,0,0,0,0,1,1,0,0,0,0,4
74.3,1,26.1,123.6,79.8,95.0,194.3,1,1.1,7.2,0.0,7.2,74.3,0,1,0,1,0,0,0,0,0,0,0,0,0,0,0,1,1,0,0,0,0,4
61.3,1,25.6,124.9,75.6,95.3,171.8,1,1.1,7.6,1.8,5.9,56.9,0,0,0,1,0,0,0,0,0,0,0,0,0,0,0,1,1,0,0,0,0,4
69.1,0,24.3,106.4,83.9,86.3,166.8,1,0.0,8.9,2.3,5.0,75.2,0,1,0,1,0,0,0,0,0,0,0,0,0,0,0,1,0,0,0,0,0,4
78.6,1,23.2,124.0,77.6,92.5,145.9,1,0.0,7.0,4.3,4.9,60.3,0,1,0,0,0,0,0,0,0,0,0,0,0,0,0,1,1,0,0,0,0,4
60.8,0,23.9,130.8,77.8,90.6,181.9,1,1.5,8.3,1.7,4.9,79.4,0,1,0,1,0,0,0,0,0,0,0,0,0,0,0,1,1,0,0,0,0,4
60.3,0,23.7,115.7,71.3,100.1,180.5,1,1.5,8.6,1.8,8.3,80.5,0,1,0,1,0,0,0,0,0,0,0,0,0,0,0,1,1,0,0,0,0,4
55.3,0,22.5,133.7,75.9,95.4,173.1,1,0.0,7.1,0.9,6.0,77.9,0,1,0,1,0,0,0,0,0,0,0,0,0,0,0,1,1,0,0,0,0,4
51.5,0,22.8,117.9,72.9,91.3,178.2,1,0.6,8.4,5.6,7.0,52.9,0,1,0,1,0,0,0,0,0,0,0,0,0,0,0,0,1,0,0,0,0,4
71.5,1,24.1,125.2,74.0,87.8,204.4,1,1.1,6.5,3.3,5.3,61.1,0,1,0,1,0,0,0,0,0,0,0,0,0,0,0,1,1,0,0,0,0,4
62.5,0,22.3,107.3,67.8,92.2,137.4,1,0.8,7.7,0.8,4.8,70.2,0,1,0,1,0,0,0,0,0,0,0,0,0,0,0,1,1,0,0,0,0,4
75.3,0,23.0,119.4,85.0,81.7,177.8,1,0.8,7.1,5.6,7.0,84.0,0,1,0,1,0,0,0,0,0,0,0,0,0,0,0,1,1,0,0,0,0,4
57.2,0,25.6,130.5,90.0,77.0,157.2,1,1.8,6.7,0.3,7.5,71.7,0,1,0,0,0,0,0,0,0,0,0,0,0,0,0,1,1,0,0,0,0,4
68.4,0,22.7,113.0,84.7,78.5,193.0,1,0.3,8.1,0.7,7.7,67.5,0,1,0,0,0,0,0,0,0,0,0,0,0,0,0,1,1,0,0,0,0,4
51.0,0,21.4,116.6,77.3,80.5,189.2,1,1.4,8.4,6.5,6.4,89.5,0,0,0,1,0,0,0,0,0,0,0,0,0,0,0,1,1,0,0,0,0,4
62.6,0,24.1,116.6,87.2,85.1,166.0,1,1.0,8.1,0.0,5.6,80.0,0,0,0,1,0,0,0,0,0,0,0,0,0,0,0,0,1,0,0,0,0,4
65.5,0,25.4,125.2,73.3,95.8,172.0,1,1.2,5.9,15.2,7.2,75.0,0,1,0,1,0,0,0,0,0,0,0,0,0,0,0,1,1,0,0,0,0,4
64.5,1,23.4,116.7,73.1,93.8,187.6,1,0.9,6.0,3.7,5.4,66.6,0,0,0,1,0,0,0,0,0,0,0,0,0,0,0,1,1,0,0,0,0,4
53.9,1,25.3,127.8,74.3,83.5,168.9,1,1.7,7.7,7.4,8.1,71.1,1,0,0,1,0,0,0,0,0,0,0,0,0,0,0,1,1,0,0,0,0,4
46.4,1,26.0,114.6,71.8,96.8,159.5,1,2.5,7.4,0.0,5.5,76.6,0,1,0,1,0,0,0,0,0,0,0,0,0,0,0,1,1,0,0,0,0,4
63.5,1,22.0,115.3,72.0,98.2,183.7,1,0.9,7.8,1.6,7.9,64.6,0,1,0,0,0,0,0,0,0,0,0,0,0,0,0,1,1,0,0,0,0,4
48.6,1,23.0,107.4,71.4,97.1,182.4,1,1.8,6.4,2.4,7.4,67.7,0,1,0,0,0,0,0,0,0,0,0,0,0,0,0,1,1,0,0,0,0,4
55.4,1,25.1,123.4,80.0,82.6,179.8,1,0.5,7.9,2.8,6.6,65.3,0,0,0,1,0,0,0,0,0,0,0,0,0,0,0,1,1,0,0,0,0,4
63.5,0,24.3,136.0,79.4,86.4,152.2,1,2.2,6.5,0.6,5.2,70.4,0,0,0,0,0,0,0,0,0,0,0,0,0,0,0,1,1,0,0,0,0,4
70.5,0,26.5,111.9,79.9,69.2,165.5,1,1.5,6.4,3.0,7.8,61.8,0,0,0,1,0,0,0,0,0,0,0,0,0,0,0,1,1,0,0,0,0,4
68.7,0,29.3,109.7,77.7,88.3,141.8,1,0.8,7.9,2.2,5.1,71.5,0,0,0,1,0,0,0,0,0,0,0,0,0,0,0,1,0,0,0,0,0,4
47.7,0,24.5,121.3,79.1,86.8,190.2,1,0.3,6.9,6.8,7.1,82.6,1,1,0,1,0,0,0,0,0,0,0,0,0,0,0,1,1,0,0,0,0,4
49.1,0,25.7,103.7,71.8,86.9,168.3,1,0.6,7.3,1.8,6.4,77.0,0,1,0,1,0,0,0,0,0,0,0,0,0,0,0,0,1,0,0,0,0,4
52.2,0,20.9,118.7,74.7,88.5,172.1,1,0.5,6.2,4.6,7.5,69.5,0,1,0,1,0,0,0,0,0,0,0,0,0,0,0,1,0,0,0,0,0,4
40.0,1,24.8,107.2,80.1,82.9,208.6,1,1.0,9.2,1.4,5.3,73.8,0,1,0,1,0,0,0,0,0,0,0,0,0,0,0,1,1,0,0,0,0,4
61.8,1,24.4,114.0,76.9,89.0,181.7,1,1.3,7.4,3.5,7.2,77.0,0,1,0,0,0,0,0,0,0,0,0,0,0,0,0,1,1,0,0,0,0,4
61.1,0,21.0,112.1,72.0,91.6,192.7,1,1.1,7.2,0.1,5.6,71.7,0,1,0,1,0,0,0,0,0,0,0,0,0,0,0,0,1,0,0,0,0,4
60.4,0,23.7,117.9,73.3,86.1,173.0,1,0.0,8.3,3.9,7.6,59.9,0,1,0,1,0,0,0,0,0,0,0,0,0,0,0,1,1,0,0,0,0,4
58.0,0,22.5,105.7,70.7,84.6,215.1,1,2.3,7.3,0.5,6.5,69.1,0,0,0,1,0,0,0,0,0,0,0,0,0,0,0,1,1,0,0,0,0,4
70.9,0,24.2,109.1,64.2,92.4,158.2,1,1.2,7.8,0.8,7.8,79.5,0,0,0,1,0,0,0,0,0,0,0,0,0,0,0,1,1,0,0,0,0,4
60.1,0,26.9,114.5,77.7,94.4,140.1,1,0.9,9.9,2.6,5.5,80.4,0,0,0,0,0,0,0,0,0,0,0,0,0,0,0,1,1,0,0,0,0,4
67.6,1,21.1,114.2,75.3,94.7,162.5,1,1.6,6.5,0.7,6.6,70.4,0,1,0,1,0,0,0,0,0,0,0,0,0,0,0,1,1,0,0,0,0,4
50.4,0,22.3,130.8,77.7,89.4,163.0,1,0.9,7.6,0.4,5.5,75.8,1,0,0,1,0,0,0,0,0,0,0,0,0,0,0,1,0,0,0,0,0,4
59.5,1,25.5,108.1,76.8,92.4,158.0,1,0.0,7.2,7.0,4.4,75.0,0,0,0,1,0,0,0,0,0,0,0,0,0,0,0,1,1,0,0,0,0,4
61.8,0,21.3,126.1,68.3,87.1,167.3,1,0.7,7.3,4.8,7.1,67.9,0,1,0,0,0,0,0,0,0,0,0,0,0,0,0,0,1,0,0,0,0,4
66.8,1,25.3,132.6,72.6,90.9,163.4,1,0.3,6.0,1.2,4.5,67.9,0,1,0,1,0,0,0,0,0,0,0,0,0,0,0,1,1,0,0,0,0,4
65.5,1,21.7,111.8,69.3,93.0,168.1,1,0.7,8.9,0.3,6.7,70.2,0,1,0,1,0,0,0,0,0,0,0,0,0,0,0,1,1,0,0,0,0,4
61.3,0,25.5,120.4,84.1,87.0,218.4,1,0.3,6.6,1.5,6.0,90.6,0,0,0,1,0,0,0,0,0,0,0,0,0,0,0,1,1,0,0,0,0,4
60.3,0,20.8,118.5,83.0,88.3,181.0,1,0.8,6.8,2.9,3.9,77.1,0,1,0,1,0,0,0,0,0,0,0,0,0,0,0,1,0,0,0,0,0,4
81.4,1,20.9,122.9,80.3,89.2,159.5,1,1.1,6.4,9.5,5.3,77.1,0,0,0,1,0,0,0,0,0,0,0,0,0,0,0,1,1,0,0,0,0,4
67.1,1,25.6,112.0,73.6,96.0,202.5,1,1.2,7.7,0.8,9.0,70.8,1,1,0,1,0,0,0,0,0,0,0,0,0,0,0,1,1,0,0,0,0,4
52.6,1,23.2,117.1,73.9,87.8,182.9,1,0.2,7.7,4.2,6.3,68.1,0,0,0,1,0,0,0,0,0,0,0,0,0,0,0,1,1,0,0,0,0,4
58.0,0,24.2,120.6,84.3,92.6,177.0,1,0.3,8.3,0.0,6.7,70.3,0,0,0,1,0,0,0,0,0,0,0,0,0,0,0,1,1,0,0,0,0,4
67.1,1,25.2,122.0,79.1,91.3,139.7,1,0.5,7.9,2.0,8.2,82.0,0,1,0,1,0,0,0,0,0,0,0,0,0,0,0,0,1,0,0,0,0,4
65.1,1,24.0,110.8,81.3,74.2,176.9,1,1.2,6.8,0.9,6.4,76.3,0,1,0,0,0,0,0,0,0,0,0,0,0,0,0,1,0,0,0,0,0,4
44.2,0,24.2,115.9,76.1,91.4,176.5,1,0.4,6.3,3.1,7.0,67.6,0,1,0,1,0,0,0,0,0,0,0,0,0,0,0,1,1,0,0,0,0,4
70.8,1,24.6,118.9,78.7,88.2,199.6,1,1.9,7.6,1.8,9.0,61.5,0,1,0,1,0,0,0,0,0,0,0,0,0,0,0,1,0,0,0,0,0,4
60.8,0,26.2,121.2,89.0,98.0,199.9,1,0.7,8.2,0.7,4.5,66.8,0,1,0,1,0,0,0,0,0,0,0,0,0,0,0,1,1,0,0,0,0,4
59.8,0,28.4,121.9,75.0,87.0,196.3,1,0.8,6.8,5.9,7.7,83.8,0,1,0,1,0,0,0,0,0,0,0,0,0,0,0,1,1,0,0,0,0,4
59.1,1,28.8,125.9,78.1,89.7,167.9,1,1.4,5.9,0.5,6.5,70.3,0,1,0,1,0,0,0,0,0,0,0,0,0,0,0,1,1,0,0,0,0,4
59.1,1,26.7,117.7,69.6,84.6,196.6,1,1.0,9.3,2.6,7.3,81.5,0,1,0,1,0,0,0,0,0,0,0,0,0,0,0,1,1,0,0,0,0,4
49.9,0,20.9,116.1,72.4,89.3,166.0,1,0.3,5.7,4.1,8.5,76.8,0,1,0,1,0,0,0,0,0,0,0,0,0,0,0,0,1,0,0,0,0,4
65.4,0,25.7,121.0,80.4,89.1,168.6,1,1.5,7.4,2.1,7.5,75.3,0,0,0,1,0,0,0,0,0,0,0,0,0,0,0,1,1,0,0,0,0,4
74.0,0,21.9,130.2,88.1,92.9,241.7,1,1.3,6.4,0.4,7.7,67.8,0,1,0,1,0,0,0,0,0,0,0,0,0,0,0,1,1,0,0,0,0,4
55.9,1,24.5,119.4,71.3,81.1,210.5,1,1.7,7.2,2.0,7.3,67.7,0,1,0,1,0,0,0,0,0,0,0,0,0,0,0,1,1,0,0,0,0,4
62.1,0,22.4,122.7,80.8,95.4,155.8,1,1.1,6.3,0.0,8.3,68.5,0,1,0,1,0,0,0,0,0,0,0,0,0,0,0,1,1,0,0,0,0,4
51.7,1,23.9,110.7,78.6,92.5,174.6,1,0.9,7.8,0.3,7.9,62.8,0,1,0,1,0,0,0,0,0,0,0,0,0,0,0,1,1,0,0,0,0,4
56.3,0,25.5,103.8,76.5,84.0,161.8,1,1.2,5.6,0.1,6.0,71.0,0,1,0,1,0,0,0,0,0,0,0,0,0,0,0,1,1,0,0,0,0,4
52.6,0,22.2,123.3,70.5,83.6,167.0,1,1.0,6.9,2.7,7.1,81.1,1,0,0,1,0,0,0,0,0,0,0,0,0,0,0,1,1,0,0,0,0,4
57.5,0,22.1,114.4,73.7,92.0,173.0,1,0.9,8.3,0.8,4.3,76.4,0,1,0,1,0,0,0,0,0,0,0,0,0,0,0,0,1,0,0,0,0,4
71.4,1,24.0,116.9,66.4,98.9,180.6,1,1.1,6.9,4.7,6.9,62.6,0,1,0,1,0,0,0,0,0,0,0,0,0,0,0,1,1,0,0,0,0,4
57.7,1,26.9,128.8,82.6,68.1,186.8,1,0.3,5.8,7.8,9.4,76.6,0,1,0,1,0,0,0,0,0,0,0,0,0,0,0,1,1,0,0,0,0,4
71.7,1,25.8,98.3,62.0,95.2,209.0,1,1.1,8.8,2.9,8.1,69.6,0,1,0,1,0,0,0,0,0,0,0,0,0,0,0,1,1,0,0,0,0,4
63.9,1,18.7,128.4,72.0,87.0,167.3,1,1.1,8.2,1.1,7.8,77.4,0,0,0,1,0,0,0,0,0,0,0,0,0,0,0,1,1,0,0,0,0,4
68.6,0,21.8,119.7,76.4,84.3,143.9,1,1.1,8.3,6.9,6.7,69.9,0,0,0,1,0,0,0,0,0,0,0,0,0,0,0,1,1,0,0,0,0,4
65.1,0,26.4,115.3,72.5,96.0,159.9,1,0.4,6.9,0.7,7.6,72.1,0,1,0,0,0,0,0,0,0,0,0,0,0,0,0,1,1,0,0,0,0,4
68.6,0,23.3,122.7,78.0,83.3,168.8,1,0.6,6.5,2.2,8.1,63.2,1,1,0,1,0,0,0,0,0,0,0,0,0,0,0,1,1,0,0,0,0,4
72.1,0,25.8,106.6,75.2,86.1,168.7,1,0.6,6.4,0.1,7.4,65.8,0,1,0,1,0,0,0,0,0,0,0,0,0,0,0,1,1,0,0,0,0,4
57.7,1,24.0,113.8,71.2,88.8,216.1,1,0.0,9.1,0.8,6.9,69.9,0,0,0,1,0,0,0,0,0,0,0,0,0,0,0,1,1,0,0,0,0,4
52.7,0,24.2,115.0,79.1,89.1,163.0,1,0.3,6.9,1.0,6.4,83.3,0,1,0,1,0,0,0,0,0,0,0,0,0,0,0,1,1,0,0,0,0,4
58.2,1,22.7,132.2,71.9,81.0,169.9,1,0.4,7.0,2.6,10.4,70.0,0,1,0,1,0,0,0,0,0,0,0,0,0,0,0,1,1,0,0,0,0,4
56.6,1,25.9,125.8,85.2,97.7,182.0,1,1.1,7.2,2.9,6.8,57.1,0,1,0,1,0,0,0,0,0,0,0,0,0,0,0,1,1,0,0,0,0,4
63.2,1,22.6,117.8,78.8,83.9,168.7,1,0.4,6.6,4.9,5.8,73.9,0,0,0,1,0,0,0,0,0,0,0,0,0,0,0,1,1,0,0,0,0,4
53.7,1,22.7,138.3,68.3,89.0,224.5,1,1.6,5.8,0.9,6.9,57.3,0,1,0,1,0,0,0,0,0,0,0,0,0,0,0,1,1,0,0,0,0,4
62.8,0,23.0,110.2,70.7,88.0,180.6,1,1.3,7.8,1.0,6.8,63.0,0,1,0,1,0,0,0,0,0,0,0,0,0,0,0,1,1,0,0,0,0,4
56.5,0,25.9,123.0,79.9,90.9,187.3,1,0.7,8.5,0.6,7.1,77.5,0,1,0,1,0,0,0,0,0,0,0,0,0,0,0,1,0,0,0,0,0,4
56.5,1,21.5,126.8,66.4,94.4,159.4,1,1.3,7.3,1.4,2.9,86.2,0,1,0,1,0,0,0,0,0,0,0,0,0,0,0,1,1,0,0,0,0,4
77.0,1,20.6,126.2,78.6,93.9,184.4,1,0.6,4.7,6.3,5.8,71.4,0,0,0,1,0,0,0,0,0,0,0,0,0,0,0,1,1,0,0,0,0,4
56.2,0,24.2,106.5,70.0,91.2,154.9,1,1.5,7.0,1.6,7.0,65.8,0,1,0,1,0,0,0,0,0,0,0,0,0,0,0,1,1,0,0,0,0,4
56.3,1,25.4,127.2,74.7,101.8,199.7,1,1.1,6.6,0.4,7.1,83.0,0,1,0,1,0,0,0,0,0,0,0,0,0,0,0,1,1,0,0,0,0,4
68.0,0,20.7,123.4,82.4,85.1,166.8,1,0.9,6.7,5.5,5.5,69.6,0,0,0,1,0,0,0,0,0,0,0,0,0,0,0,1,1,0,0,0,0,4
59.5,0,24.7,113.2,75.4,95.3,183.7,1,0.5,4.9,4.7,10.0,77.2,1,1,0,1,0,0,0,0,0,0,0,0,0,0,0,1,1,0,0,0,0,4
60.8,0,16.8,128.1,69.1,89.5,187.1,1,0.8,8.4,0.2,7.1,67.5,0,1,0,1,0,0,0,0,0,0,0,0,0,0,0,1,1,0,0,0,0,4
54.6,1,22.8,118.6,81.0,91.8,169.3,1,1.5,5.8,5.1,5.7,76.4,0,0,0,1,0,0,0,0,0,0,0,0,0,0,0,1,1,0,0,0,0,4
61.4,0,25.3,136.3,76.2,89.3,216.4,1,0.8,8.8,0.9,5.1,72.8,1,0,0,1,0,0,0,0,0,0,0,0,0,0,0,1,1,0,0,0,0,4
76.7,1,21.3,110.6,72.1,91.4,180.2,1,0.0,7.2,0.8,6.9,78.2,0,0,0,1,0,0,0,0,0,0,0,0,0,0,0,1,1,0,0,0,0,4
59.8,0,23.1,124.3,76.7,85.3,172.0,1,1.2,7.7,2.4,6.2,69.0,0,1,0,1,0,0,0,0,0,0,0,0,0,0,0,1,0,0,0,0,0,4
67.6,1,25.4,109.2,71.6,77.0,176.1,1,1.3,6.3,0.8,6.5,65.4,0,1,0,1,0,0,0,0,0,0,0,0,0,0,0,1,1,0,0,0,0,4
53.5,1,25.1,112.5,70.9,81.6,170.0,1,1.1,6.7,2.2,8.1,71.7,0,1,0,1,0,0,0,0,0,0,0,0,0,0,0,1,1,0,0,0,0,4
68.5,0,21.0,130.5,79.9,81.7,189.9,1,1.3,7.7,0.3,9.3,71.9,0,1,0,1,0,0,0,0,0,0,0,0,0,0,0,1,1,0,0,0,0,4
54.4,1,26.8,118.1,70.2,85.1,169.2,1,0.0,6.1,0.6,9.7,62.0,0,1,0,1,0,0,0,0,0,0,0,0,0,0,0,1,1,0,0,0,0,4
62.0,0,20.2,122.7,73.3,98.0,190.2,1,0.2,5.3,0.3,7.1,75.3,0,1,0,1,0,0,0,0,0,0,0,0,0,0,0,1,1,0,0,0,0,4
70.0,1,21.0,110.0,74.4,83.9,171.7,1,1.5,7.6,3.1,5.0,64.9,0,0,0,1,0,0,0,0,0,0,0,0,0,0,0,1,1,0,0,0,0,4
67.2,0,23.5,115.4,69.9,99.2,164.6,1,0.4,7.3,4.1,7.1,79.6,0,0,0,1,0,0,0,0,0,0,0,0,0,0,0,1,1,0,0,0,0,4
59.0,1,18.6,110.4,89.0,85.2,166.7,1,1.7,7.8,0.9,6.3,82.1,0,1,0,1,0,0,0,0,0,0,0,0,0,0,0,1,1,0,0,0,0,4
74.2,1,23.5,119.9,72.2,88.9,178.0,1,0.5,5.9,2.2,6.1,82.6,0,0,0,1,0,0,0,0,0,0,0,0,0,0,0,1,1,0,0,0,0,4
49.3,0,25.8,116.0,79.8,85.1,221.1,1,0.6,7.9,6.5,8.3,66.0,0,1,0,1,0,0,0,0,0,0,0,0,0,0,0,1,1,0,0,0,0,4
46.4,1,22.2,107.9,78.4,90.8,145.5,1,0.2,5.3,1.8,5.9,67.6,0,1,0,1,0,0,0,0,0,0,0,0,0,0,0,1,1,0,0,0,0,4
80.3,0,23.7,124.1,70.2,83.3,176.0,1,0.4,5.8,1.4,5.8,74.3,0,1,0,1,0,0,0,0,0,0,0,0,0,0,0,1,1,0,0,0,0,4
72.7,1,22.5,118.6,75.4,92.2,207.5,1,1.5,8.0,0.2,6.6,73.2,0,1,0,1,0,0,0,0,0,0,0,0,0,0,0,1,1,0,0,0,0,4
67.2,1,25.9,108.0,75.2,87.1,144.2,1,1.0,9.5,2.9,4.2,73.3,0,1,0,1,0,0,0,0,0,0,0,0,0,0,0,1,1,0,0,0,0,4
57.6,1,23.5,118.7,82.6,96.1,199.2,1,1.5,6.3,0.5,8.5,64.4,0,0,0,1,0,0,0,0,0,0,0,0,0,0,0,1,1,0,0,0,0,4
55.6,1,24.2,121.5,80.8,87.6,160.3,1,1.5,7.1,0.2,7.7,84.4,0,1,0,1,0,0,0,0,0,0,0,0,0,0,0,1,1,0,0,0,0,4
57.1,0,25.3,117.6,78.1,87.7,174.4,1,1.2,7.0,2.4,7.1,77.5,0,1,0,1,0,0,0,0,0,0,0,0,0,0,0,1,1,0,0,0,0,4
50.2,1,24.0,127.1,82.1,94.2,221.4,1,0.9,8.1,3.0,7.4,65.6,0,1,0,1,0,0,0,0,0,0,0,0,0,0,0,1,1,0,0,0,0,4
63.8,0,21.8,112.4,71.3,88.5,166.3,1,0.5,6.7,1.0,9.1,85.0,0,1,0,1,0,0,0,0,0,0,0,0,0,0,0,1,1,0,0,0,0,4
67.0,0,21.5,127.8,83.3,83.4,166.0,1,0.8,8.6,0.3,8.3,73.8,0,1,0,1,0,0,0,0,0,0,0,0,0,0,0,1,1,0,0,0,0,4
59.4,0,24.8,118.7,74.1,83.4,183.3,1,0.9,5.6,2.4,5.7,85.9,0,1,0,1,0,0,0,0,0,0,0,0,0,0,0,0,1,0,0,0,0,4
53.1,0,23.0,115.9,72.1,84.3,205.9,1,0.4,6.8,7.9,8.5,69.6,0,0,0,1,0,0,0,0,0,0,0,0,0,0,0,1,1,0,0,0,0,4
59.8,0,18.7,114.3,74.5,92.3,133.3,1,1.1,7.3,3.2,5.5,71.1,0,1,0,0,0,0,0,0,0,0,0,0,0,0,0,1,1,0,0,0,0,4
76.8,1,25.7,108.9,72.8,90.9,171.9,1,0.7,6.2,13.7,5.4,74.5,0,1,0,1,0,0,0,0,0,0,0,0,0,0,0,1,1,0,0,0,0,4
61.8,1,20.3,126.6,74.7,84.6,187.0,1,1.1,7.3,0.2,8.0,71.9,0,1,0,1,0,0,0,0,0,0,0,0,0,0,0,1,1,0,0,0,0,4
54.3,1,23.6,110.8,79.4,84.5,146.4,1,0.9,7.0,5.1,7.0,76.9,0,0,0,0,0,0,0,0,0,0,0,0,0,0,0,1,1,0,0,0,0,4
66.0,0,21.0,120.1,70.6,92.3,207.2,1,0.3,6.2,0.1,6.0,80.8,0,0,0,1,0,0,0,0,0,0,0,0,0,0,0,1,0,0,0,0,0,4
64.4,0,19.8,128.4,70.3,77.0,186.6,1,0.8,6.3,0.8,9.4,84.0,0,1,0,0,0,0,0,0,0,0,0,0,0,0,0,1,1,0,0,0,0,4
59.5,0,21.9,116.8,75.5,90.9,187.8,1,0.6,8.2,1.0,7.5,60.8,0,0,0,1,0,0,0,0,0,0,0,0,0,0,0,1,1,0,0,0,0,4
60.4,1,22.4,121.5,79.6,93.3,188.5,1,0.0,7.5,0.5,9.4,79.9,0,1,0,1,0,0,0,0,0,0,0,0,0,0,0,1,1,0,0,0,0,4
63.1,0,22.0,134.2,69.8,94.7,176.0,1,0.6,6.5,0.0,5.7,73.5,0,0,0,1,0,0,0,0,0,0,0,0,0,0,0,1,1,0,0,0,0,4
54.7,1,20.7,157.5,75.5,79.8,231.5,1,4.8,8.2,3.3,6.3,100.3,2,0,1,1,0,0,0,0,0,0,0,0,0,0,0,0,0,0,1,1,0,5
56.2,0,22.4,123.3,77.2,89.3,277.7,0,3.6,6.3,1.1,8.7,87.8,2,0,1,0,0,0,0,0,0,0,0,0,0,0,0,0,0,0,1,0,0,5
78.2,0,20.5,148.6,75.1,91.0,215.0,1,3.2,7.2,0.4,6.5,75.7,2,0,1,1,0,0,0,0,0,0,0,0,0,0,0,0,0,0,1,0,0,5
61.8,0,25.9,152.3,80.8,92.2,215.0,1,5.5,7.5,2.0,6.9,102.2,1,0,1,0,0,0,0,0,0,0,0,0,0,0,0,0,0,0,1,0,0,5
66.2,0,18.6,142.4,80.0,76.5,253.4,1,4.1,8.6,1.9,6.8,72.0,2,0,1,0,0,0,0,0,0,0,0,0,0,0,0,0,0,0,0,1,0,5
53.1,1,23.8,156.5,83.8,94.2,278.1,1,7.6,6.9,1.2,6.2,78.3,2,0,1,1,0,0,0,0,0,0,0,0,0,0,0,0,0,0,1,1,0,5
63.9,0,19.1,137.6,72.4,83.9,235.5,0,2.6,5.7,2.8,7.2,96.6,1,0,1,1,0,0,0,0,0,0,0,0,0,0,0,0,0,0,1,0,0,5
45.9,1,24.4,157.6,79.0,98.0,300.5,1,-1.1,5.7,1.7,7.3,101.1,4,0,1,1,0,0,0,0,0,0,0,0,0,0,0,0,0,0,1,0,0,5
46.4,0,22.4,159.8,73.7,87.0,296.8,0,3.9,8.3,0.1,2.9,82.1,4,0,1,0,0,0,0,0,0,0,0,0,0,0,0,0,0,0,0,0,0,5
64.0,1,22.3,151.6,76.1,75.9,251.8,1,3.4,8.1,3.3,10.7,100.2,1,0,1,1,0,0,0,0,0,0,0,0,0,0,0,0,0,0,1,1,0,5
77.6,0,26.3,139.2,74.6,91.0,258.4,1,5.1,6.7,2.0,7.3,73.6,3,0,1,1,0,0,0,0,0,0,0,0,0,0,0,0,0,0,0,1,0,5
56.7,1,24.7,168.0,80.4,96.8,245.2,1,5.7,6.7,2.7,7.4,71.3,2,0,1,1,0,0,0,0,0,0,0,0,0,0,0,0,0,0,0,1,0,5
63.5,0,18.4,164.1,79.2,94.4,283.9,1,4.5,7.4,1.5,7.7,90.6,1,0,1,1,0,0,0,0,0,0,0,0,0,0,0,0,0,0,1,1,0,5
58.9,1,23.4,140.3,77.3,91.0,280.1,1,4.3,6.8,0.2,4.0,83.3,3,0,1,0,0,0,0,0,0,0,0,0,0,0,0,0,0,0,1,1,0,5
50.3,1,24.6,140.6,77.5,94.1,245.1,1,1.9,6.1,0.2,5.6,91.0,2,0,1,0,0,0,0,0,0,0,0,0,0,0,0,0,0,0,0,1,0,5
54.3,0,21.5,179.8,76.8,97.2,288.7,1,5.0,7.3,6.2,6.9,103.6,3,0,1,0,0,0,0,0,0,0,0,0,0,0,0,0,0,0,1,0,0,5
56.8,1,21.4,160.4,78.5,82.4,236.6,0,4.1,6.7,1.0,10.7,75.9,4,0,1,0,0,0,0,0,0,0,0,0,0,0,0,0,0,0,1,0,0,5
56.6,1,27.3,163.1,77.6,78.1,215.7,1,3.1,8.7,1.5,7.1,90.2,3,0,1,1,0,0,0,0,0,0,0,0,0,0,0,0,0,0,1,1,0,5
43.5,0,21.7,165.4,74.9,94.3,216.7,1,2.2,7.6,0.8,5.7,93.9,3,0,1,1,0,0,0,0,0,0,0,0,0,0,0,0,0,0,1,0,0,5
42.8,1,26.2,144.0,75.0,94.9,322.8,1,1.9,8.4,2.1,6.5,87.3,4,0,1,1,0,0,0,0,0,0,0,0,0,0,0,0,0,0,1,0,0,5
55.8,0,23.1,162.0,79.5,90.8,313.4,1,5.2,6.9,0.0,5.8,110.7,1,0,1,1,0,0,0,0,0,0,0,0,0,0,0,0,0,0,1,0,0,5
61.7,1,22.2,141.2,82.8,92.5,215.0,1,4.1,8.0,1.4,5.4,79.1,4,0,1,1,0,0,0,0,0,0,0,0,0,0,0,0,0,0,1,0,0,5
63.0,1,26.7,144.9,81.5,96.1,239.5,0,5.4,7.1,2.2,7.9,77.8,2,0,1,0,0,0,0,0,0,0,0,0,0,0,0,0,0,0,1,0,0,5
61.5,0,20.1,170.5,71.1,94.6,313.9,1,4.8,7.4,2.1,6.8,89.5,4,0,1,0,0,0,0,0,0,0,0,0,0,0,0,0,0,0,0,1,0,5
55.2,1,24.1,155.1,72.6,94.5,239.0,1,3.5,8.1,3.2,6.0,98.0,3,0,1,1,0,0,0,0,0,0,0,0,0,0,0,0,0,0,0,0,0,5
59.6,0,24.2,148.4,75.8,91.8,292.7,1,6.8,6.4,13.3,6.1,64.0,2,0,1,1,0,0,0,0,0,0,0,0,0,0,0,0,0,0,1,0,0,5
54.6,0,23.4,137.1,64.3,95.0,300.6,1,1.6,6.8,4.0,5.4,83.9,4,0,1,1,0,0,0,0,0,0,0,0,0,0,0,0,0,0,1,0,0,5
74.9,1,24.9,142.7,64.4,92.5,244.8,1,3.1,7.3,5.2,6.5,74.0,4,0,1,1,0,0,0,0,0,0,0,0,0,0,0,0,0,0,1,1,0,5
56.2,0,22.1,154.0,76.7,98.0,261.5,1,3.7,7.6,3.3,6.9,102.0,3,0,0,1,0,0,0,0,0,0,0,0,0,0,0,0,0,0,1,0,0,5
77.0,0,27.2,172.9,74.4,90.7,275.6,0,2.1,8.5,4.6,7.8,85.9,2,0,1,1,0,0,0,0,0,0,0,0,0,0,0,0,0,0,1,1,0,5
57.2,0,22.5,146.0,72.8,87.7,307.3,1,5.0,6.1,1.1,6.3,92.6,4,0,1,1,0,0,0,0,0,0,0,0,0,0,0,0,0,0,1,0,0,5
66.3,1,19.1,128.1,72.5,94.8,249.0,0,3.2,8.0,2.4,7.3,92.3,2,0,1,1,0,0,0,0,0,0,0,0,0,0,0,0,0,0,0,0,0,5
71.5,0,23.2,148.5,77.2,81.0,252.5,0,4.3,8.0,1.3,5.2,92.9,3,0,1,1,0,0,0,0,0,0,0,0,0,0,0,0,0,0,0,0,0,5
55.1,1,23.3,130.9,78.3,97.6,223.0,1,4.7,6.5,1.8,7.0,78.9,2,0,1,1,0,0,0,0,0,0,0,0,0,0,0,0,0,0,1,0,0,5
53.6,1,22.5,167.1,75.6,98.9,215.0,1,3.2,7.6,3.8,7.1,93.8,2,0,1,1,0,0,0,0,0,0,0,0,0,0,0,0,0,0,1,1,0,5
77.9,0,20.8,162.0,74.7,91.0,267.9,0,4.7,5.4,0.1,5.9,73.0,1,0,1,0,0,0,0,0,0,0,0,0,0,0,0,0,0,0,0,0,0,5
61.4,1,23.2,133.3,73.2,96.3,281.5,1,3.8,7.7,13.3,5.9,90.3,2,0,1,0,0,0,0,0,0,0,0,0,0,0,0,0,0,0,1,0,0,5
62.8,0,28.9,192.4,76.1,82.4,279.6,1,2.8,7.2,1.8,6.4,92.8,2,0,1,1,0,0,0,0,0,0,0,0,0,0,0,0,0,0,1,1,0,5
64.4,0,28.8,147.1,79.1,78.0,295.6,1,4.2,7.0,3.6,4.7,114.4,3,0,1,1,0,0,0,0,0,0,0,0,0,0,0,0,0,0,1,1,0,5
66.4,0,17.5,144.2,79.6,96.6,255.4,1,3.6,7.2,0.8,5.4,82.2,2,0,1,1,0,0,0,0,0,0,0,0,0,0,0,0,0,0,0,1,0,5
49.9,0,18.6,137.5,75.6,93.3,244.3,1,3.6,6.9,0.7,7.3,99.6,2,0,1,1,0,0,0,0,0,0,0,0,0,0,0,0,0,0,0,0,0,5
54.8,1,23.1,144.5,74.9,89.3,219.4,1,3.2,6.0,6.4,6.8,106.9,3,0,1,1,0,0,0,0,0,0,0,0,0,0,0,0,0,0,0,0,0,5
56.2,1,19.2,154.0,70.5,86.6,270.2,1,3.1,8.5,1.7,7.9,78.5,1,0,1,1,0,0,0,0,0,0,0,0,0,0,0,0,0,0,1,1,0,5
50.1,0,24.0,133.7,70.0,82.5,249.4,1,3.5,6.9,0.7,7.9,91.3,4,0,1,1,0,0,0,0,0,0,0,0,0,0,0,0,0,0,0,0,0,5
56.0,0,27.8,133.2,77.3,84.6,215.0,0,5.6,7.0,3.5,6.6,74.5,2,0,1,1,0,0,0,0,0,0,0,0,0,0,0,0,0,0,1,0,0,5
62.3,0,24.9,120.0,74.5,85.9,305.7,1,1.2,7.6,0.1,7.4,103.5,1,0,1,0,0,0,0,0,0,0,0,0,0,0,0,0,0,0,1,1,0,5
61.7,1,21.0,120.0,79.3,92.7,255.6,1,4.4,6.7,5.3,7.7,101.6,2,0,1,1,0,0,0,0,0,0,0,0,0,0,0,0,0,0,1,0,0,5
56.9,1,26.8,158.3,78.4,95.2,307.3,1,4.7,6.8,2.4,5.9,122.0,4,0,1,1,0,0,0,0,0,0,0,0,0,0,0,0,0,0,1,1,0,5
56.1,0,22.1,139.4,84.7,98.8,273.0,1,5.8,7.0,4.9,6.6,111.7,2,0,1,1,0,0,0,0,0,0,0,0,0,0,0,0,0,0,0,0,0,5
50.3,1,24.9,159.5,76.6,87.4,260.5,1,1.9,7.0,1.1,8.9,98.3,3,0,1,1,0,0,0,0,0,0,0,0,0,0,0,0,0,0,1,0,0,5
58.0,1,22.9,142.5,71.1,105.5,215.0,0,5.2,6.7,12.2,6.6,83.4,3,0,1,1,0,0,0,0,0,0,0,0,0,0,0,0,0,0,0,0,0,5
61.6,1,22.7,120.0,77.7,80.7,282.5,0,5.4,6.8,6.8,7.2,84.3,2,0,1,0,0,0,0,0,0,0,0,0,0,0,0,0,0,0,0,1,0,5
52.7,1,22.2,143.1,76.0,85.6,249.7,1,4.3,6.0,0.8,9.0,93.4,3,0,1,0,0,0,0,0,0,0,0,0,0,0,0,0,0,0,1,0,0,5
51.2,1,24.3,142.8,86.2,97.4,240.9,0,4.1,5.8,7.0,6.8,97.1,3,0,1,1,0,0,0,0,0,0,0,0,0,0,0,0,0,0,0,1,0,5
56.0,0,25.4,120.0,74.2,90.8,273.6,1,3.6,7.2,1.9,6.8,109.2,1,0,1,0,0,0,0,0,0,0,0,0,0,0,0,0,0,0,1,1,0,5
76.1,1,21.8,143.2,64.0,92.6,322.7,0,3.7,6.7,0.3,6.9,96.2,1,0,0,1,0,0,0,0,0,0,0,0,0,0,0,0,0,0,0,0,0,5
63.3,0,21.0,140.8,74.1,76.2,250.8,1,4.5,6.7,3.1,6.2,97.8,2,0,1,1,0,0,0,0,0,0,0,0,0,0,0,0,0,0,1,0,0,5
48.1,1,27.5,156.5,66.1,90.7,251.6,0,6.9,6.2,0.7,7.8,80.7,2,0,1,1,0,0,0,0,0,0,0,0,0,0,0,0,0,0,1,0,0,5
49.7,1,21.5,138.7,77.9,90.9,291.4,1,2.8,7.4,1.6,5.3,86.5,1,0,0,1,0,0,0,0,0,0,0,0,0,0,0,0,0,0,0,0,0,5
66.6,1,22.3,164.5,72.7,94.9,232.5,1,5.4,6.9,0.8,6.7,66.7,2,0,1,1,0,0,0,0,0,0,0,0,0,0,0,0,0,0,1,1,0,5
66.7,0,25.3,120.0,67.2,74.2,219.5,1,4.5,8.8,0.2,9.2,103.4,3,0,1,0,0,0,0,0,0,0,0,0,0,0,0,0,0,0,0,0,0,5
54.7,0,27.2,134.0,79.5,86.6,270.5,1,3.4,8.6,0.4,7.0,94.9,2,0,0,1,0,0,0,0,0,0,0,0,0,0,0,0,0,0,1,0,0,5
74.3,0,19.9,155.4,74.1,107.4,312.8,1,4.2,8.5,0.6,6.4,80.1,3,0,1,1,0,0,0,0,0,0,0,0,0,0,0,0,0,0,0,0,0,5
48.1,1,22.1,136.0,70.6,99.9,255.6,1,5.5,6.0,1.0,6.9,88.3,2,0,1,1,0,0,0,0,0,0,0,0,0,0,0,0,0,0,1,0,0,5
65.3,0,20.4,150.4,78.8,90.1,245.0,1,3.6,7.2,2.4,6.8,86.5,2,0,1,1,0,0,0,0,0,0,0,0,0,0,0,0,0,0,1,0,0,5
56.6,0,27.9,161.3,92.6,78.8,272.5,1,3.0,7.1,5.7,7.1,64.0,1,0,1,1,0,0,0,0,0,0,0,0,0,0,0,0,0,0,1,0,0,5
58.4,1,26.5,127.8,75.4,92.4,254.8,0,2.8,8.8,0.9,8.1,103.3,2,0,1,0,0,0,0,0,0,0,0,0,0,0,0,0,0,0,1,0,0,5
62.2,1,21.1,146.8,71.7,109.4,231.7,1,4.7,7.0,0.0,6.3,95.6,2,0,1,1,0,0,0,0,0,0,0,0,0,0,0,0,0,0,1,0,0,5
63.8,1,24.9,140.9,75.2,94.8,259.5,1,4.1,5.8,2.4,8.3,73.9,2,0,1,1,0,0,0,0,0,0,0,0,0,0,0,0,0,0,1,0,0,5
70.3,0,24.4,145.5,73.1,95.2,249.2,1,3.7,7.7,2.6,4.5,78.5,1,0,1,0,0,0,0,0,0,0,0,0,0,0,0,0,0,0,1,1,0,5
57.9,0,22.3,160.8,80.9,101.9,263.5,1,2.1,7.7,7.8,4.9,86.6,3,0,0,1,0,0,0,0,0,0,0,0,0,0,0,0,0,0,1,1,0,5
75.8,1,20.1,137.7,77.2,81.0,245.6,0,6.7,6.9,0.2,4.6,100.1,2,0,0,1,0,0,0,0,0,0,0,0,0,0,0,0,0,0,0,0,0,5
66.1,0,23.5,124.9,74.0,91.3,279.5,1,1.7,7.1,0.4,4.9,91.7,1,0,1,1,0,0,0,0,0,0,0,0,0,0,0,0,0,0,0,1,0,5
50.1,1,18.7,138.5,77.4,95.0,283.3,1,3.7,7.5,4.0,7.6,86.7,2,0,1,0,0,0,0,0,0,0,0,0,0,0,0,0,0,0,0,0,0,5
63.9,0,21.0,184.7,76.6,84.2,228.1,1,4.6,6.7,6.1,3.7,87.9,3,0,0,1,0,0,0,0,0,0,0,0,0,0,0,0,0,0,0,0,0,5
55.4,1,22.1,138.5,74.0,96.1,285.9,0,3.8,6.8,1.5,6.9,103.5,2,0,1,1,0,0,0,0,0,0,0,0,0,0,0,0,0,0,1,0,0,5
69.7,1,22.1,120.0,67.4,99.7,265.2,1,3.0,6.8,0.2,5.2,93.3,2,0,1,1,0,0,0,0,0,0,0,0,0,0,0,0,0,0,1,1,0,5
50.2,1,20.5,154.3,76.9,92.0,234.5,0,5.2,6.9,2.2,8.7,107.5,3,0,1,0,0,0,0,0,0,0,0,0,0,0,0,0,0,0,1,0,0,5
65.2,1,23.5,126.8,77.4,74.4,293.9,1,2.0,6.4,1.0,8.7,76.0,3,0,1,1,0,0,0,0,0,0,0,0,0,0,0,0,0,0,1,1,0,5
78.7,0,19.5,169.4,71.6,85.2,227.4,1,3.0,8.2,0.5,8.0,66.0,2,0,0,1,0,0,0,0,0,0,0,0,0,0,0,0,0,0,1,1,0,5
45.7,1,23.4,122.5,76.6,100.8,238.3,1,6.4,7.3,5.1,9.0,83.9,4,0,1,1,0,0,0,0,0,0,0,0,0,0,0,0,0,0,0,0,0,5
64.7,0,25.2,122.7,68.0,89.3,265.8,1,2.8,7.5,1.5,4.1,77.2,3,0,1,1,0,0,0,0,0,0,0,0,0,0,0,0,0,0,0,1,0,5
57.8,0,24.5,152.2,63.4,91.9,225.9,1,4.3,6.8,1.6,9.3,72.8,2,0,0,1,0,0,0,0,0,0,0,0,0,0,0,0,0,0,0,1,0,5
65.0,0,24.0,123.2,74.4,83.8,240.8,1,4.3,7.1,0.8,6.7,88.1,2,0,1,0,0,0,0,0,0,0,0,0,0,0,0,0,0,0,1,0,0,5
81.1,0,19.2,120.0,79.7,90.1,244.0,1,2.8,6.4,0.7,5.5,98.0,2,0,1,1,0,0,0,0,0,0,0,0,0,0,0,0,0,0,1,0,0,5
64.0,0,25.8,136.8,77.0,98.3,254.3,1,7.4,6.8,1.8,4.6,83.7,2,0,1,1,0,0,0,0,0,0,0,0,0,0,0,0,0,0,0,0,0,5
68.3,0,21.3,149.3,68.9,89.8,243.1,1,0.6,7.1,5.6,6.6,77.3,2,0,1,1,0,0,0,0,0,0,0,0,0,0,0,0,0,0,1,1,0,5
53.9,1,22.7,158.6,75.0,95.4,270.5,1,1.4,7.0,5.0,6.1,88.5,1,0,1,1,0,0,0,0,0,0,0,0,0,0,0,0,0,0,1,1,0,5
50.5,1,26.8,172.1,73.9,88.7,256.6,0,5.4,8.7,7.2,6.6,94.0,1,0,1,1,0,0,0,0,0,0,0,0,0,0,0,0,0,0,1,1,0,5
72.6,0,19.2,134.2,80.6,99.1,275.7,1,4.3,6.2,0.9,6.0,73.0,3,0,1,1,0,0,0,0,0,0,0,0,0,0,0,0,0,0,1,0,0,5
49.1,1,23.4,155.2,74.3,88.3,302.9,0,4.8,6.9,3.6,5.6,86.5,2,0,1,1,0,0,0,0,0,0,0,0,0,0,0,0,0,0,1,0,0,5
51.8,1,21.1,129.6,76.4,89.4,291.5,0,1.0,6.6,2.5,6.3,73.4,2,0,1,1,0,0,0,0,0,0,0,0,0,0,0,0,0,0,1,0,0,5
63.7,1,20.4,133.1,75.4,88.4,270.9,0,3.5,7.5,0.4,7.2,100.2,2,0,0,1,0,0,0,0,0,0,0,0,0,0,0,0,0,0,1,0,0,5
63.0,0,21.0,124.4,78.5,82.0,264.9,1,7.0,7.3,1.9,7.9,82.0,3,0,1,1,0,0,0,0,0,0,0,0,0,0,0,0,0,0,1,0,0,5
58.4,1,25.3,140.0,82.0,96.1,288.7,1,3.1,8.5,0.5,6.5,72.8,2,0,0,1,0,0,0,0,0,0,0,0,0,0,0,0,0,0,1,0,0,5
62.8,1,23.9,151.0,69.0,95.3,266.7,1,4.7,6.6,2.0,8.2,97.3,4,0,1,1,0,0,0,0,0,0,0,0,0,0,0,0,0,0,0,0,0,5
57.8,0,22.7,149.9,78.7,95.9,241.5,1,2.4,6.9,6.3,6.6,106.3,1,0,0,1,0,0,0,0,0,0,0,0,0,0,0,0,0,0,1,1,0,5
58.5,0,25.3,126.4,69.7,99.7,215.6,1,5.0,7.9,5.1,7.9,101.7,2,0,1,0,0,0,0,0,0,0,0,0,0,0,0,0,0,0,1,0,0,5
67.4,1,25.4,172.5,74.4,79.9,280.5,0,2.4,6.5,2.2,6.5,64.0,4,0,1,1,0,0,0,0,0,0,0,0,0,0,0,0,0,0,1,0,0,5
67.7,1,21.0,162.7,73.5,78.6,243.2,1,4.3,7.7,2.0,7.3,101.4,2,0,1,0,0,0,0,0,0,0,0,0,0,0,0,0,0,0,1,0,0,5
60.0,0,21.2,152.0,71.5,79.6,270.0,1,3.4,7.4,1.7,7.2,88.7,1,0,0,1,0,0,0,0,0,0,0,0,0,0,0,0,0,0,0,0,0,5
46.4,1,20.7,140.7,79.0,94.7,278.6,1,4.0,7.2,0.5,6.2,79.9,2,0,1,1,0,0,0,0,0,0,0,0,0,0,0,0,0,0,0,0,0,5
55.1,1,21.9,175.7,76.3,96.1,324.1,0,4.6,6.7,2.3,7.3,102.9,2,0,1,1,0,0,0,0,0,0,0,0,0,0,0,0,0,0,1,1,0,5
60.0,0,23.9,144.5,77.4,88.9,238.9,0,3.9,7.8,0.2,5.7,84.2,3,0,1,1,0,0,0,0,0,0,0,0,0,0,0,0,0,0,0,0,0,5
65.5,0,27.2,153.5,81.7,100.6,264.0,1,3.6,7.8,1.5,5.8,71.2,4,0,1,0,0,0,0,0,0,0,0,0,0,0,0,0,0,0,0,0,0,5
73.6,0,25.8,145.5,72.4,75.8,287.7,0,5.7,6.6,1.9,7.8,89.2,4,0,1,1,0,0,0,0,0,0,0,0,0,0,0,0,0,0,1,0,0,5
59.0,0,17.6,145.0,76.8,77.0,263.6,0,4.3,6.9,1.5,10.0,97.6,1,0,1,1,0,0,0,0,0,0,0,0,0,0,0,0,0,0,1,0,0,5
63.8,0,29.7,137.3,76.5,74.3,215.0,1,6.5,5.2,4.3,8.9,89.6,3,0,1,1,0,0,0,0,0,0,0,0,0,0,0,0,0,0,1,0,0,5
69.3,1,25.9,166.6,81.7,104.7,303.5,1,3.2,7.1,1.0,8.5,65.6,2,0,1,0,0,0,0,0,0,0,0,0,0,0,0,0,0,0,0,0,0,5
44.3,0,21.2,147.4,72.9,93.9,248.7,0,3.0,6.7,1.8,5.3,75.1,2,0,0,1,0,0,0,0,0,0,0,0,0,0,0,0,0,0,1,1,0,5
64.9,0,20.3,151.4,78.5,107.1,233.1,0,4.8,8.3,0.6,6.7,76.3,3,0,1,1,0,0,0,0,0,0,0,0,0,0,0,0,0,0,1,1,0,5
55.3,0,23.6,130.6,74.7,100.5,282.2,1,4.9,7.4,8.0,5.6,70.0,1,0,1,1,0,0,0,0,0,0,0,0,0,0,0,0,0,0,1,0,0,5
48.8,1,23.1,129.3,77.2,86.4,275.4,0,5.6,8.3,1.0,7.8,79.9,1,0,0,0,0,0,0,0,0,0,0,0,0,0,0,0,0,0,1,0,0,5
69.8,0,24.0,144.5,71.2,86.8,236.2,1,2.6,7.4,1.1,5.4,89.1,1,0,1,1,0,0,0,0,0,0,0,0,0,0,0,0,0,0,1,1,0,5
49.3,1,24.5,164.2,80.1,92.2,215.0,1,2.8,8.2,0.6,6.9,80.5,2,0,1,0,0,0,0,0,0,0,0,0,0,0,0,0,0,0,1,1,0,5
67.6,0,23.8,132.2,80.4,96.2,243.9,1,4.0,8.0,1.2,7.1,79.9,2,0,0,1,0,0,0,0,0,0,0,0,0,0,0,0,0,0,1,1,0,5
46.2,1,24.8,133.0,75.5,78.5,250.2,0,1.6,7.8,0.8,7.0,92.0,4,0,1,1,0,0,0,0,0,0,0,0,0,0,0,0,0,0,0,1,0,5
65.0,1,19.3,133.0,68.2,88.3,215.0,1,3.1,6.2,2.5,7.6,96.3,1,0,1,0,0,0,0,0,0,0,0,0,0,0,0,0,0,0,0,0,0,5
55.3,1,23.2,177.9,76.6,111.4,288.3,1,1.2,7.5,0.9,8.1,78.4,2,0,1,1,0,0,0,0,0,0,0,0,0,0,0,0,0,0,1,0,0,5
58.3,1,22.2,139.7,73.6,105.6,225.2,0,3.8,5.2,1.9,5.4,82.3,3,0,1,0,0,0,0,0,0,0,0,0,0,0,0,0,0,0,1,1,0,5
51.8,1,24.5,162.4,70.9,98.0,277.8,1,5.4,5.4,0.3,7.0,86.3,4,0,1,1,0,0,0,0,0,0,0,0,0,0,0,0,0,0,1,0,0,5
58.0,0,26.0,136.8,75.0,92.5,215.0,0,3.3,6.6,5.0,6.1,84.6,1,0,1,1,0,0,0,0,0,0,0,0,0,0,0,0,0,0,1,1,0,5
54.9,0,17.8,167.7,78.7,83.7,260.7,1,6.6,6.8,0.5,5.5,75.7,3,0,1,1,0,0,0,0,0,0,0,0,0,0,0,0,0,0,1,0,0,5
52.1,1,20.5,140.1,73.2,91.2,267.2,1,0.3,5.8,2.9,6.3,79.0,2,0,1,1,0,0,0,0,0,0,0,0,0,0,0,0,0,0,1,1,0,5
67.0,0,25.9,139.3,86.5,85.1,251.6,1,7.1,7.7,0.9,4.9,89.7,1,0,1,1,0,0,0,0,0,0,0,0,0,0,0,0,0,0,1,1,0,5
76.7,1,21.2,156.8,80.0,77.8,254.6,1,2.9,6.7,3.3,7.7,64.0,3,0,1,1,0,0,0,0,0,0,0,0,0,0,0,0,0,0,1,0,0,5
63.3,1,23.4,146.4,77.1,87.7,216.9,1,6.0,7.0,1.9,6.4,78.5,2,0,1,0,0,0,0,0,0,0,0,0,0,0,0,0,0,0,0,0,0,5
68.7,1,18.2,168.8,77.5,99.0,273.2,1,4.7,7.1,2.3,8.1,90.7,3,0,1,0,0,0,0,0,0,0,0,0,0,0,0,0,0,0,1,0,0,5
54.4,0,27.3,127.4,77.0,96.1,253.9,1,2.8,6.9,0.1,7.1,72.4,1,0,1,1,0,0,0,0,0,0,0,0,0,0,0,0,0,0,0,1,0,5
63.1,1,22.3,137.8,83.7,82.0,247.6,1,5.3,6.8,1.5,4.8,92.7,4,0,1,0,0,0,0,0,0,0,0,0,0,0,0,0,0,0,0,1,0,5
58.2,0,23.1,137.1,79.5,91.8,215.0,1,2.3,8.3,9.2,5.5,68.1,3,0,1,1,0,0,0,0,0,0,0,0,0,0,0,0,0,0,1,0,0,5
62.9,0,19.9,146.1,73.6,84.9,317.9,0,1.9,7.2,2.7,9.8,75.4,4,0,1,0,0,0,0,0,0,0,0,0,0,0,0,0,0,0,1,0,0,5
55.0,0,23.2,120.0,70.0,91.5,290.5,1,4.8,8.6,5.2,7.6,74.1,1,0,1,0,0,0,0,0,0,0,0,0,0,0,0,0,0,0,0,0,0,5
66.2,0,24.6,143.0,76.4,77.9,292.6,1,4.2,8.3,7.1,8.8,87.2,3,0,0,1,0,0,0,0,0,0,0,0,0,0,0,0,0,0,0,0,0,5
63.4,1,19.3,146.8,81.7,83.1,293.7,1,5.8,5.7,1.4,7.9,81.7,2,0,1,1,0,0,0,0,0,0,0,0,0,0,0,0,0,0,1,0,0,5
55.3,0,23.5,122.6,66.7,86.5,222.5,1,3.2,7.8,0.1,7.2,88.6,1,0,1,0,0,0,0,0,0,0,0,0,0,0,0,0,0,0,1,0,0,5
70.9,1,25.0,142.2,69.4,87.9,215.0,0,2.7,7.4,3.6,8.5,80.9,4,0,1,1,0,0,0,0,0,0,0,0,0,0,0,0,0,0,0,0,0,5
76.2,1,26.3,120.0,68.4,91.0,280.9,1,3.7,7.4,0.2,8.5,72.8,3,0,1,1,0,0,0,0,0,0,0,0,0,0,0,0,0,0,1,0,0,5
52.4,0,23.5,125.3,77.9,102.3,270.8,1,4.3,7.3,1.4,7.7,86.4,1,0,0,0,0,0,0,0,0,0,0,0,0,0,0,0,0,0,1,0,0,5
66.3,1,24.8,141.4,77.6,99.2,232.7,0,3.6,6.6,2.9,5.8,81.9,2,0,1,1,0,0,0,0,0,0,0,0,0,0,0,0,0,0,0,0,0,5
67.7,0,24.5,132.2,80.3,87.3,243.4,1,6.9,7.1,3.8,4.4,76.5,1,0,1,1,0,0,0,0,0,0,0,0,0,0,0,0,0,0,1,1,0,5
58.4,0,24.3,145.2,79.0,90.6,253.4,0,3.3,7.1,2.0,6.7,64.8,3,0,1,1,0,0,0,0,0,0,0,0,0,0,0,0,0,0,0,1,0,5
42.4,1,20.2,135.8,67.5,84.8,226.3,0,5.3,6.9,11.1,7.4,66.0,4,0,1,1,0,0,0,0,0,0,0,0,0,0,0,0,0,0,0,1,0,5
75.5,0,25.4,120.0,70.4,87.9,264.9,1,4.1,5.6,0.0,7.7,104.6,2,0,1,1,0,0,0,0,0,0,0,0,0,0,0,0,0,0,0,1,0,5
50.5,0,21.7,154.2,67.7,79.1,234.8,0,4.1,6.6,1.7,7.9,80.7,1,0,1,1,0,0,0,0,0,0,0,0,0,0,0,0,0,0,1,1,0,5
65.9,0,22.1,168.8,78.2,87.4,291.5,1,5.6,7.9,3.0,7.1,64.0,2,0,1,1,0,0,0,0,0,0,0,0,0,0,0,0,0,0,1,0,0,5
66.9,1,21.0,173.5,71.9,75.7,249.5,0,4.7,8.6,0.9,6.6,86.5,2,0,1,1,0,0,0,0,0,0,0,0,0,0,0,0,0,0,1,1,0,5
60.2,1,23.5,142.1,77.1,98.9,324.4,1,3.1,7.8,3.8,6.3,94.1,1,0,0,0,0,0,0,0,0,0,0,0,0,0,0,0,0,0,0,1,0,5
56.4,0,29.6,166.6,77.9,98.0,239.6,1,2.8,6.9,6.5,7.8,83.7,2,0,1,1,0,0,0,0,0,0,0,0,0,0,0,0,0,0,1,0,0,5
56.8,0,24.3,120.0,81.8,83.8,301.4,1,4.2,8.3,4.1,7.6,92.6,3,0,1,1,0,0,0,0,0,0,0,0,0,0,0,0,0,0,1,1,0,5
61.5,0,21.5,149.5,73.6,88.0,218.7,0,6.5,7.4,0.4,9.4,85.4,1,0,1,1,0,0,0,0,0,0,0,0,0,0,0,0,0,0,1,1,0,5
67.0,1,19.6,157.1,74.5,94.4,280.4,1,3.9,9.6,0.4,5.8,64.0,4,0,1,1,0,0,0,0,0,0,0,0,0,0,0,0,0,0,1,0,0,5
59.3,0,23.9,120.5,79.8,97.2,265.3,1,4.5,5.6,1.3,6.1,72.3,2,0,1,1,0,0,0,0,0,0,0,0,0,0,0,0,0,0,0,0,0,5
60.7,0,22.6,140.5,77.6,98.4,244.3,0,3.5,6.4,3.6,6.9,89.6,3,0,1,0,0,0,0,0,0,0,0,0,0,0,0,0,0,0,1,0,0,5
70.6,1,25.6,132.2,85.0,92.1,272.1,1,4.4,7.3,3.2,7.8,69.6,2,0,1,1,0,0,0,0,0,0,0,0,0,0,0,0,0,0,1,0,0,5
52.4,0,21.8,132.5,69.5,105.7,269.4,1,5.0,8.2,6.2,8.1,86.6,2,0,1,1,0,0,0,0,0,0,0,0,0,0,0,0,0,0,0,0,0,5
63.5,0,19.6,147.7,73.9,99.3,276.7,1,4.9,6.9,2.1,6.3,88.6,2,0,1,1,0,0,0,0,0,0,0,0,0,0,0,0,0,0,1,1,0,5
51.1,0,25.6,148.6,71.4,80.7,272.9,0,4.1,8.3,0.5,6.1,105.3,1,0,1,1,0,0,0,0,0,0,0,0,0,0,0,0,0,0,0,0,0,5
49.5,1,21.7,166.5,72.9,91.5,270.6,1,8.2,6.1,4.9,8.3,94.5,2,0,1,1,0,0,0,0,0,0,0,0,0,0,0,0,0,0,1,0,0,5
51.9,1,29.5,140.9,63.2,97.0,310.5,1,5.9,7.8,0.1,7.5,84.9,2,0,1,1,0,0,0,0,0,0,0,0,0,0,0,0,0,0,0,0,0,5
73.2,0,26.4,156.2,73.9,112.5,243.5,1,3.4,5.7,2.6,5.6,91.7,3,0,1,1,0,0,0,0,0,0,0,0,0,0,0,0,0,0,0,1,0,5
52.9,0,20.9,160.4,76.7,102.6,290.0,0,4.2,8.1,0.4,7.2,80.2,1,0,0,1,0,0,0,0,0,0,0,0,0,0,0,0,0,0,1,0,0,5
57.2,0,25.4,151.6,69.3,90.6,282.1,0,1.2,6.0,2.1,6.8,100.2,1,0,1,0,0,0,0,0,0,0,0,0,0,0,0,0,0,0,1,0,0,5
72.1,0,20.8,144.7,68.1,87.1,253.5,1,4.0,7.9,1.8,8.2,86.1,2,0,1,1,0,0,0,0,0,0,0,0,0,0,0,0,0,0,1,0,0,5
61.5,0,26.6,138.2,70.0,80.5,234.3,1,4.2,7.3,1.1,5.3,93.9,3,0,1,1,0,0,0,0,0,0,0,0,0,0,0,0,0,0,1,0,0,5
73.0,0,20.0,132.3,76.6,88.5,253.5,0,4.6,6.7,1.6,7.9,110.1,2,0,1,1,0,0,0,0,0,0,0,0,0,0,0,0,0,0,1,1,0,5
58.8,0,21.3,172.4,83.1,93.7,313.7,1,3.2,7.6,0.8,5.1,89.6,1,0,1,1,0,0,0,0,0,0,0,0,0,0,0,0,0,0,0,1,0,5
48.2,0,20.6,120.0,75.9,99.4,281.8,1,4.3,7.4,0.0,5.9,82.8,4,0,1,1,0,0,0,0,0,0,0,0,0,0,0,0,0,0,1,1,0,5
69.8,0,23.2,163.2,76.5,74.9,306.3,1,2.6,6.7,1.2,6.8,85.2,2,0,1,1,0,0,0,0,0,0,0,0,0,0,0,0,0,0,1,1,0,5
63.3,1,23.0,159.0,70.8,92.4,274.2,0,2.6,7.4,6.1,8.2,67.7,2,0,1,1,0,0,0,0,0,0,0,0,0,0,0,0,0,0,1,1,0,5
71.2,1,24.5,179.4,76.2,91.5,268.0,1,5.2,6.5,4.9,5.5,66.6,2,0,1,0,0,0,0,0,0,0,0,0,0,0,0,0,0,0,0,0,0,5
60.5,1,20.5,133.4,79.9,85.1,245.5,1,5.0,6.8,2.1,5.1,88.9,4,0,1,0,0,0,0,0,0,0,0,0,0,0,0,0,0,0,1,1,0,5
50.4,1,22.5,134.4,73.5,83.2,299.8,1,2.9,7.1,0.8,7.7,90.5,2,0,1,1,0,0,0,0,0,0,0,0,0,0,0,0,0,0,1,0,0,5
62.1,1,19.3,144.7,77.5,95.4,260.8,1,3.9,6.8,0.3,7.7,99.3,3,0,0,1,0,0,0,0,0,0,0,0,0,0,0,0,0,0,1,0,0,5
51.5,1,23.7,152.9,79.4,92.1,268.7,1,5.9,6.9,0.9,9.1,79.8,3,0,1,1,0,0,0,0,0,0,0,0,0,0,0,0,0,0,1,1,0,5
58.2,0,21.6,152.1,68.9,90.9,237.0,1,3.8,7.7,2.7,10.7,95.2,1,0,1,1,0,0,0,0,0,0,0,0,0,0,0,0,0,0,1,1,0,5
67.0,0,20.9,155.4,82.2,86.8,272.7,1,-0.1,7.5,0.7,10.3,81.3,2,0,1,1,0,0,0,0,0,0,0,0,0,0,0,0,0,0,1,0,0,5
42.6,1,23.4,161.4,82.2,95.1,313.6,0,2.3,7.9,2.1,6.6,76.3,1,0,1,0,0,0,0,0,0,0,0,0,0,0,0,0,0,0,1,0,0,5
66.8,1,23.4,152.8,77.5,86.3,215.0,1,4.4,6.4,2.3,6.5,83.2,1,0,1,1,0,0,0,0,0,0,0,0,0,0,0,0,0,0,1,0,0,5
56.5,0,20.4,156.1,77.6,89.9,228.0,1,3.5,6.5,1.2,8.1,74.5,2,0,1,1,0,0,0,0,0,0,0,0,0,0,0,0,0,0,0,1,0,5
47.8,0,21.7,129.4,78.6,79.3,269.2,1,4.9,5.2,0.8,5.0,102.1,3,0,1,0,0,0,0,0,0,0,0,0,0,0,0,0,0,0,1,1,0,5
74.9,0,26.8,161.5,76.4,85.4,241.3,1,6.7,6.1,0.6,6.4,71.3,3,0,1,0,0,0,0,0,0,0,0,0,0,0,0,0,0,0,1,1,0,5
61.5,1,24.4,142.3,79.0,81.6,215.0,0,6.2,6.3,5.7,8.9,64.0,2,0,1,0,0,0,0,0,0,0,0,0,0,0,0,0,0,0,1,1,0,5
67.2,0,25.0,147.3,72.2,80.9,246.2,1,5.6,7.1,0.7,5.8,82.3,2,0,1,1,0,0,0,0,0,0,0,0,0,0,0,0,0,0,1,0,0,5
53.8,1,21.0,136.1,68.5,82.4,248.8,1,4.4,6.4,0.1,6.0,83.6,3,0,1,1,0,0,0,0,0,0,0,0,0,0,0,0,0,0,1,1,0,5
61.2,0,21.3,128.4,70.2,87.4,274.3,0,4.9,5.7,1.6,7.5,79.6,3,0,1,1,0,0,0,0,0,0,0,0,0,0,0,0,0,0,0,1,0,5
71.8,1,22.9,143.8,75.0,92.6,233.7,1,5.0,6.4,2.7,8.2,86.6,2,0,1,0,0,0,0,0,0,0,0,0,0,0,0,0,0,0,0,0,0,5
55.0,0,22.9,120.0,71.4,82.9,272.1,0,2.2,8.5,0.5,4.0,65.7,3,0,1,1,0,0,0,0,0,0,0,0,0,0,0,0,0,0,1,1,0,5
48.3,0,23.4,148.2,79.6,91.5,339.0,1,3.7,8.8,3.9,5.3,92.0,2,0,1,1,0,0,0,0,0,0,0,0,0,0,0,0,0,0,0,1,0,5
68.1,0,21.9,176.6,79.4,77.4,298.3,1,5.3,7.3,0.5,6.7,88.4,1,0,1,1,0,0,0,0,0,0,0,0,0,0,0,0,0,0,0,0,0,5
62.7,1,23.1,149.9,74.1,92.4,215.0,0,5.3,7.7,0.9,9.3,93.7,2,0,1,1,0,0,0,0,0,0,0,0,0,0,0,0,0,0,1,1,0,5
52.5,1,23.1,120.0,81.5,76.7,288.1,0,3.8,7.1,0.3,6.1,113.9,3,0,1,1,0,0,0,0,0,0,0,0,0,0,0,0,0,0,1,0,0,5
61.8,0,22.3,120.0,74.6,89.4,229.4,1,3.8,6.2,0.2,6.2,91.4,3,0,1,1,0,0,0,0,0,0,0,0,0,0,0,0,0,0,0,1,0,5
71.7,1,17.9,149.4,77.3,95.7,250.1,1,3.9,6.9,2.4,8.7,81.1,1,0,1,1,0,0,0,0,0,0,0,0,0,0,0,0,0,0,0,1,0,5
56.8,0,25.9,148.2,74.0,100.0,256.6,1,1.5,6.5,0.7,7.6,83.0,2,0,1,1,0,0,0,0,0,0,0,0,0,0,0,0,0,0,1,0,0,5
59.3,1,28.3,174.8,79.0,91.5,225.7,1,2.0,7.1,0.1,5.9,86.1,2,0,1,0,0,0,0,0,0,0,0,0,0,0,0,0,0,0,1,0,0,5
66.2,1,24.0,120.6,73.5,89.9,262.7,0,2.4,7.1,4.3,6.5,110.1,2,0,1,1,0,0,0,0,0,0,0,0,0,0,0,0,0,0,0,1,0,5
58.1,1,18.6,151.7,79.7,94.5,265.5,0,1.1,7.7,1.8,7.7,104.1,2,0,1,0,0,0,0,0,0,0,0,0,0,0,0,0,0,0,1,1,0,5
53.2,0,27.5,134.3,78.5,98.2,311.8,1,3.1,7.6,0.1,6.3,84.6,1,0,1,1,0,0,0,0,0,0,0,0,0,0,0,0,0,0,1,0,0,5
79.7,0,20.5,161.6,71.9,93.8,267.2,1,4.0,7.5,3.3,7.0,76.5,1,0,1,1,0,0,0,0,0,0,0,0,0,0,0,0,0,0,1,0,0,5
65.8,0,27.4,157.6,74.9,99.5,235.0,1,4.2,8.6,2.5,6.0,90.1,4,0,1,1,0,0,0,0,0,0,0,0,0,0,0,0,0,0,0,0,0,5
65.4,0,20.9,163.5,79.6,95.9,260.6,1,5.2,6.8,2.3,8.1,64.0,1,0,1,0,0,0,0,0,0,0,0,0,0,0,0,0,0,0,1,0,0,5
54.5,0,20.6,163.9,75.1,72.4,248.7,1,3.1,7.6,3.2,6.4,68.7,3,0,0,1,0,0,0,0,0,0,0,0,0,0,0,0,0,0,1,0,0,5
60.7,1,19.4,171.6,74.9,72.7,298.3,1,3.3,7.6,5.1,6.6,99.9,2,0,1,1,0,0,0,0,0,0,0,0,0,0,0,0,0,0,1,0,0,5
59.8,0,26.3,154.7,76.7,85.4,215.0,0,2.6,7.0,3.8,7.1,106.6,4,0,1,1,0,0,0,0,0,0,0,0,0,0,0,0,0,0,0,0,0,5
61.9,1,22.9,144.7,65.9,79.0,304.0,1,3.8,6.8,4.2,7.2,101.9,1,0,1,1,0,0,0,0,0,0,0,0,0,0,0,0,0,0,1,1,0,5
55.4,1,15.8,157.7,74.4,101.7,241.8,1,5.4,6.2,3.5,8.0,76.1,2,0,1,1,0,0,0,0,0,0,0,0,0,0,0,0,0,0,1,0,0,5
54.1,1,25.9,156.2,78.3,103.7,215.0,1,6.9,8.4,1.0,6.3,105.5,3,0,1,1,0,0,0,0,0,0,0,0,0,0,0,0,0,0,0,0,0,5
67.3,1,22.7,120.0,83.4,87.2,234.0,0,4.5,6.2,7.7,7.0,94.2,4,0,1,1,0,0,0,0,0,0,0,0,0,0,0,0,0,0,1,1,0,5
54.2,1,25.0,173.6,70.9,80.5,295.4,1,2.0,7.3,2.1,6.2,92.0,2,0,1,1,0,0,0,0,0,0,0,0,0,0,0,0,0,0,1,1,0,5
62.3,1,25.2,124.9,84.6,82.4,289.5,1,6.1,6.4,0.4,5.4,101.0,1,0,1,1,0,0,0,0,0,0,0,0,0,0,0,0,0,0,1,0,0,5
57.9,0,25.1,120.0,80.2,94.5,305.4,1,3.2,8.2,6.9,6.2,96.7,3,0,1,0,0,0,0,0,0,0,0,0,0,0,0,0,0,0,0,0,0,5
59.7,0,20.2,164.7,71.3,94.2,232.0,1,3.0,6.0,3.4,5.2,101.1,2,0,1,1,0,0,0,0,0,0,0,0,0,0,0,0,0,0,1,0,0,5
60.3,0,21.6,120.0,71.6,83.1,294.3,1,2.0,5.0,1.3,5.9,84.6,1,0,1,0,0,0,0,0,0,0,0,0,0,0,0,0,0,0,1,1,0,5
52.0,1,18.8,143.8,71.6,86.1,267.3,0,4.3,7.5,0.3,8.1,76.4,2,0,1,0,0,0,0,0,0,0,0,0,0,0,0,0,0,0,1,1,0,5
62.4,1,23.4,145.1,73.8,97.3,282.1,1,7.1,9.2,0.2,9.8,87.7,4,0,1,1,0,0,0,0,0,0,0,0,0,0,0,0,0,0,1,1,0,5
67.6,1,25.0,154.3,68.9,78.3,239.3,0,4.4,6.9,7.5,7.0,90.3,1,0,1,1,0,0,0,0,0,0,0,0,0,0,0,0,0,0,1,0,0,5
57.6,1,22.6,137.9,73.4,101.6,303.6,1,2.2,7.0,0.4,7.3,91.1,1,0,1,1,0,0,0,0,0,0,0,0,0,0,0,0,0,0,1,1,0,5
63.5,0,24.4,178.6,77.0,74.4,215.0,1,6.4,6.3,0.4,8.2,113.8,1,0,1,1,0,0,0,0,0,0,0,0,0,0,0,0,0,0,0,0,0,5
71.2,1,24.1,142.4,78.1,83.4,242.3,1,3.3,6.8,0.7,8.1,78.6,2,0,1,1,0,0,0,0,0,0,0,0,0,0,0,0,0,0,1,1,0,5
61.7,0,24.8,175.6,87.0,89.2,215.0,0,3.4,7.1,0.3,6.4,82.8,4,0,1,1,0,0,0,0,0,0,0,0,0,0,0,0,0,0,1,1,0,5
61.0,1,21.7,150.7,73.4,98.0,231.4,1,2.4,7.4,1.6,5.1,77.8,2,0,0,0,0,0,0,0,0,0,0,0,0,0,0,0,0,0,0,1,0,5
72.1,0,27.4,157.5,69.7,92.6,274.6,0,2.5,6.9,1.0,5.8,83.8,3,0,1,1,0,0,0,0,0,0,0,0,0,0,0,0,0,0,1,0,0,5
60.8,0,22.5,141.4,75.4,92.7,279.9,0,1.6,7.9,1.2,5.4,64.0,3,0,1,1,0,0,0,0,0,0,0,0,0,0,0,0,0,0,1,0,0,5
66.8,0,23.6,151.8,78.1,78.5,274.9,0,3.9,7.0,0.7,9.0,84.9,4,0,1,1,0,0,0,0,0,0,0,0,0,0,0,0,0,0,1,0,0,5
65.2,1,22.6,142.0,70.0,93.5,245.9,0,3.2,8.0,1.7,9.0,79.6,3,0,1,1,0,0,0,0,0,0,0,0,0,0,0,0,0,0,1,1,0,5
54.5,0,17.7,127.3,69.7,88.7,302.4,0,5.0,6.0,3.4,5.5,99.9,4,0,1,1,0,0,0,0,0,0,0,0,0,0,0,0,0,0,1,0,0,5
52.4,0,20.7,148.1,79.7,91.3,225.1,1,2.9,7.3,0.9,2.7,100.5,4,0,1,0,0,0,0,0,0,0,0,0,0,0,0,0,0,0,1,0,0,5
63.9,0,25.2,169.5,84.2,107.6,240.5,0,2.9,6.4,0.3,6.1,70.3,2,0,1,1,0,0,0,0,0,0,0,0,0,0,0,0,0,0,1,1,0,5
50.8,1,24.6,120.0,71.9,80.4,243.7,0,5.1,6.6,2.8,9.4,87.3,3,0,0,0,0,0,0,0,0,0,0,0,0,0,0,0,0,0,0,0,0,5
64.5,1,23.4,136.5,73.2,93.0,244.3,1,3.7,8.3,2.3,8.8,104.6,2,0,1,1,0,0,0,0,0,0,0,0,0,0,0,0,0,0,0,0,0,5
56.7,0,24.0,148.4,78.0,96.7,275.0,1,4.8,8.2,1.2,7.2,97.7,4,0,1,1,0,0,0,0,0,0,0,0,0,0,0,0,0,0,1,1,0,5
68.4,1,27.6,154.6,89.6,90.3,253.9,1,2.5,7.2,5.6,7.0,91.9,3,0,1,1,0,0,0,0,0,0,0,0,0,0,0,0,0,0,1,1,0,5
58.6,0,27.1,135.6,72.8,80.9,223.6,0,3.0,7.4,0.6,9.3,83.9,2,0,1,1,0,0,0,0,0,0,0,0,0,0,0,0,0,0,1,1,0,5
64.5,1,22.5,136.7,78.9,80.5,276.2,1,5.1,7.3,2.6,6.2,85.1,2,0,1,0,0,0,0,0,0,0,0,0,0,0,0,0,0,0,1,1,0,5
60.7,1,24.7,143.5,67.1,88.1,222.1,1,4.2,7.9,1.0,7.2,64.8,4,0,1,0,0,0,0,0,0,0,0,0,0,0,0,0,0,0,1,0,0,5
46.5,1,22.1,144.4,72.3,92.0,301.5,1,4.7,6.6,3.1,7.0,81.4,4,0,1,0,0,0,0,0,0,0,0,0,0,0,0,0,0,0,0,1,0,5
56.9,1,20.7,177.1,91.3,75.4,263.6,0,3.0,8.4,1.4,5.3,79.5,4,0,1,0,0,0,0,0,0,0,0,0,0,0,0,0,0,0,0,1,0,5
51.6,1,29.3,128.5,81.3,83.5,258.9,1,3.0,6.6,1.4,7.8,92.8,3,0,1,1,0,0,0,0,0,0,0,0,0,0,0,0,0,0,1,1,0,5
57.0,1,24.6,122.5,69.8,82.6,246.3,1,5.4,7.9,2.4,7.4,103.2,3,0,1,1,0,0,0,0,0,0,0,0,0,0,0,0,0,0,1,1,0,5
75.2,1,31.7,157.6,76.4,75.5,315.1,1,3.9,7.3,0.5,5.8,80.4,3,0,1,0,0,0,0,0,0,0,0,0,0,0,0,0,0,0,0,0,0,5
54.1,1,26.2,171.1,80.1,84.5,256.3,0,4.7,6.5,3.8,5.0,65.3,2,0,1,1,0,0,0,0,0,0,0,0,0,0,0,0,0,0,1,1,0,5
62.8,1,25.7,144.1,80.0,105.1,306.3,1,1.6,8.8,0.6,6.5,71.6,1,0,1,0,0,0,0,0,0,0,0,0,0,0,0,0,0,0,1,0,0,5
60.2,1,24.2,157.1,74.3,83.6,312.9,1,6.2,8.4,5.6,7.0,86.5,2,0,1,1,0,0,0,0,0,0,0,0,0,0,0,0,0,0,1,1,0,5
65.7,0,22.3,145.6,77.6,98.9,251.6,0,6.1,6.3,0.9,5.5,73.6,3,0,1,1,0,0,0,0,0,0,0,0,0,0,0,0,0,0,1,0,0,5
57.3,1,23.9,154.2,83.5,101.3,227.1,1,3.1,7.8,0.3,7.4,65.3,1,0,1,1,0,0,0,0,0,0,0,0,0,0,0,0,0,0,0,0,0,5
48.0,1,23.0,146.6,85.4,76.2,245.3,1,3.5,7.8,3.8,4.1,93.8,1,0,1,1,0,0,0,0,0,0,0,0,0,0,0,0,0,0,1,1,0,5
51.7,1,22.7,130.7,67.8,84.7,291.5,1,4.8,6.4,0.2,6.3,73.6,1,0,1,1,0,0,0,0,0,0,0,0,0,0,0,0,0,0,1,0,0,5
66.9,1,19.4,128.2,85.0,88.9,258.6,1,1.8,6.8,0.3,9.7,83.0,2,0,1,1,0,0,0,0,0,0,0,0,0,0,0,0,0,0,1,1,0,5
67.8,0,24.6,165.9,81.1,70.8,271.5,1,4.1,7.2,0.5,5.1,105.9,2,0,1,0,0,0,0,0,0,0,0,0,0,0,0,0,0,0,1,1,0,5
46.2,1,26.0,123.9,78.7,81.6,265.2,0,4.8,8.2,14.2,5.7,101.1,2,0,1,1,0,0,0,0,0,0,0,0,0,0,0,0,0,0,1,0,0,5
62.7,1,21.6,134.6,75.5,87.9,295.7,0,5.2,7.2,2.1,7.3,68.8,1,0,1,1,0,0,0,0,0,0,0,0,0,0,0,0,0,0,0,0,0,5
51.1,0,24.5,142.2,74.9,87.2,244.4,1,5.0,7.6,5.0,8.7,89.0,2,0,1,1,0,0,0,0,0,0,0,0,0,0,0,0,0,0,1,0,0,5
58.9,1,20.7,171.9,84.9,85.2,317.8,1,4.8,5.7,0.7,8.8,92.1,1,0,1,1,0,0,0,0,0,0,0,0,0,0,0,0,0,0,1,0,0,5
66.9,0,25.2,143.6,83.6,89.4,293.7,1,5.2,8.6,0.0,7.0,83.7,1,0,1,1,0,0,0,0,0,0,0,0,0,0,0,0,0,0,0,0,0,5
63.2,0,21.8,120.0,71.6,84.3,262.3,1,2.9,8.5,2.2,7.6,94.9,4,0,1,0,0,0,0,0,0,0,0,0,0,0,0,0,0,0,1,0,0,5
68.7,1,28.6,120.0,72.7,93.6,262.3,1,4.8,5.0,4.2,7.9,80.3,3,0,1,0,0,0,0,0,0,0,0,0,0,0,0,0,0,0,0,0,0,5
54.0,0,25.1,143.7,68.5,90.0,279.7,0,4.0,6.3,1.2,7.2,98.5,3,0,1,1,0,0,0,0,0,0,0,0,0,0,0,0,0,0,1,1,0,5
72.7,0,22.1,131.8,73.6,107.8,272.9,1,2.7,7.5,3.9,5.5,84.8,2,0,1,1,0,0,0,0,0,0,0,0,0,0,0,0,0,0,0,1,0,5
63.9,0,28.0,136.0,77.3,82.6,262.8,1,5.3,7.0,0.9,6.6,83.6,2,0,1,1,0,0,0,0,0,0,0,0,0,0,0,0,0,0,0,0,0,5
61.5,1,24.4,138.4,65.9,77.8,215.0,1,3.3,7.7,7.3,4.8,70.4,3,0,1,1,0,0,0,0,0,0,0,0,0,0,0,0,0,0,1,0,0,5
53.9,1,26.5,142.3,70.9,96.1,224.7,1,2.9,5.8,0.5,7.2,79.1,2,0,1,1,0,0,0,0,0,0,0,0,0,0,0,0,0,0,1,0,0,5
63.3,0,23.1,155.1,67.4,101.1,298.3,0,2.9,8.9,1.9,5.9,85.0,2,0,1,1,0,0,0,0,0,0,0,0,0,0,0,0,0,0,1,1,0,5
58.6,1,27.4,151.7,75.5,96.0,312.3,0,2.5,6.7,0.4,5.4,87.8,2,0,1,1,0,0,0,0,0,0,0,0,0,0,0,0,0,0,1,0,0,5
43.1,1,24.2,130.4,76.0,95.7,279.0,0,1.6,8.6,6.4,6.4,85.6,1,0,1,0,0,0,0,0,0,0,0,0,0,0,0,0,0,0,1,1,0,5
66.2,0,20.9,145.7,75.7,91.2,307.2,0,3.4,7.5,3.0,8.2,97.5,3,0,1,1,0,0,0,0,0,0,0,0,0,0,0,0,0,0,1,0,0,5
57.6,1,26.7,134.0,75.4,85.5,271.9,1,4.3,9.1,2.6,7.3,76.7,3,0,1,1,0,0,0,0,0,0,0,0,0,0,0,0,0,0,1,0,0,5
77.9,1,24.0,129.0,71.5,92.2,330.5,1,2.4,7.0,0.8,7.0,82.4,2,0,1,1,0,0,0,0,0,0,0,0,0,0,0,0,0,0,0,1,0,5
78.4,1,28.9,127.6,81.9,94.4,323.8,1,3.4,7.3,0.3,6.5,103.0,4,0,1,1,0,0,0,0,0,0,0,0,0,0,0,0,0,0,0,0,0,5
66.8,1,21.4,158.0,83.9,71.2,292.6,1,4.6,5.2,5.8,6.0,66.8,3,0,1,1,0,0,0,0,0,0,0,0,0,0,0,0,0,0,1,1,0,5
61.9,1,20.5,142.8,76.3,108.7,316.2,1,2.8,7.0,0.3,5.5,111.5,1,0,1,1,0,0,0,0,0,0,0,0,0,0,0,0,0,0,1,1,0,5
73.7,1,23.6,139.1,71.4,71.7,332.4,1,3.1,8.7,0.6,8.0,72.6,2,0,1,0,0,0,0,0,0,0,0,0,0,0,0,0,0,0,0,0,0,5
61.2,1,23.0,165.9,70.8,88.8,279.9,1,4.5,7.0,1.7,5.8,104.8,3,0,1,1,0,0,0,0,0,0,0,0,0,0,0,0,0,0,0,0,0,5
76.3,1,25.3,137.0,76.5,90.5,309.5,0,6.2,7.2,1.5,5.2,91.1,3,0,1,0,0,0,0,0,0,0,0,0,0,0,0,0,0,0,1,1,0,5
57.9,0,26.2,139.0,73.0,83.6,215.9,1,2.8,8.5,2.2,5.4,82.7,3,0,1,1,0,0,0,0,0,0,0,0,0,0,0,0,0,0,1,1,0,5
67.5,0,21.4,120.0,82.3,88.8,346.2,1,1.7,6.5,6.7,6.6,85.1,4,0,1,1,0,0,0,0,0,0,0,0,0,0,0,0,0,0,1,1,0,5
63.7,0,24.1,152.2,84.1,78.8,220.8,0,3.2,5.7,7.7,6.8,121.6,2,0,1,1,0,0,0,0,0,0,0,0,0,0,0,0,0,0,0,0,0,5
52.2,1,23.6,136.0,72.5,83.1,300.4,1,2.8,7.9,1.7,5.8,90.5,1,0,0,0,0,0,0,0,0,0,0,0,0,0,0,0,0,0,1,0,0,5
58.2,1,19.1,120.0,84.5,89.1,300.8,0,3.9,7.5,7.2,5.4,93.8,2,0,1,0,0,0,0,0,0,0,0,0,0,0,0,0,0,0,0,0,0,5
42.7,0,22.0,153.7,73.2,91.1,304.5,1,3.5,7.7,3.0,7.4,92.0,2,0,1,1,0,0,0,0,0,0,0,0,0,0,0,0,0,0,0,0,0,5
63.8,1,15.9,160.7,73.0,81.6,326.4,0,4.2,6.5,3.3,7.7,82.3,3,0,0,0,0,0,0,0,0,0,0,0,0,0,0,0,0,0,1,0,0,5
78.0,1,22.3,125.1,79.6,93.6,245.5,1,4.7,6.4,2.9,9.4,85.7,2,0,1,0,0,0,0,0,0,0,0,0,0,0,0,0,0,0,0,0,0,5
67.8,0,21.7,136.7,78.4,110.4,248.1,1,3.2,6.0,0.1,6.4,75.0,2,0,1,1,0,0,0,0,0,0,0,0,0,0,0,0,0,0,1,1,0,5
65.9,1,26.2,137.7,80.3,85.8,219.5,1,3.6,7.2,1.7,5.1,99.5,2,0,1,0,0,0,0,0,0,0,0,0,0,0,0,0,0,0,1,0,0,5
65.2,0,24.5,151.3,83.5,94.2,243.8,0,2.7,5.8,1.0,6.2,71.4,1,0,1,1,0,0,0,0,0,0,0,0,0,0,0,0,0,0,1,0,0,5
55.5,0,16.0,180.4,76.1,93.8,250.9,1,1.4,6.9,0.5,3.8,83.1,4,0,1,0,0,0,0,0,0,0,0,0,0,0,0,0,0,0,1,0,0,5
62.9,0,24.7,149.1,79.4,81.9,289.1,0,3.3,6.8,0.2,5.5,69.7,1,0,1,1,0,0,0,0,0,0,0,0,0,0,0,0,0,0,1,1,0,5
61.3,0,21.5,159.6,77.2,107.3,215.0,1,3.1,7.5,3.8,9.4,85.3,3,0,1,0,0,0,0,0,0,0,0,0,0,0,0,0,0,0,1,1,0,5
65.0,0,24.0,162.6,73.9,93.7,227.2,0,5.4,7.5,0.2,6.5,97.4,1,0,1,0,0,0,0,0,0,0,0,0,0,0,0,0,0,0,0,1,0,5
71.2,1,24.1,154.6,78.6,101.3,215.0,0,2.8,9.2,0.5,5.5,83.3,4,0,0,1,0,0,0,0,0,0,0,0,0,0,0,0,0,0,1,0,0,5
76.7,1,23.8,156.2,72.7,98.5,265.5,1,3.0,7.2,2.3,8.5,82.2,2,0,1,1,0,0,0,0,0,0,0,0,0,0,0,0,0,0,0,0,0,5
63.6,1,23.3,136.2,82.1,85.3,302.1,1,4.0,7.4,3.4,5.7,82.8,2,0,0,0,0,0,0,0,0,0,0,0,0,0,0,0,0,0,0,0,0,5
72.8,0,23.1,133.9,72.9,100.5,310.8,1,3.4,8.5,3.7,8.0,107.5,1,0,1,1,0,0,0,0,0,0,0,0,0,0,0,0,0,0,0,0,0,5
59.6,1,19.5,156.7,78.3,89.2,323.8,0,5.6,6.5,0.8,6.6,89.3,2,0,1,0,0,0,0,0,0,0,0,0,0,0,0,0,0,0,0,0,0,5
63.9,1,22.3,131.5,73.5,78.8,268.2,1,3.0,6.0,8.7,7.6,72.1,2,0,1,0,0,0,0,0,0,0,0,0,0,0,0,0,0,0,0,0,0,5
62.4,0,22.8,121.2,84.0,94.2,217.6,1,3.3,7.2,0.0,4.5,87.8,2,0,1,1,0,0,0,0,0,0,0,0,0,0,0,0,0,0,1,0,0,5
69.7,0,21.7,132.3,64.4,99.7,301.0,1,3.5,7.5,1.5,6.2,82.2,4,0,1,1,0,0,0,0,0,0,0,0,0,0,0,0,0,0,1,1,0,5
59.9,1,29.3,162.1,75.1,76.0,281.8,1,2.5,6.5,2.9,6.4,91.5,3,0,1,1,0,0,0,0,0,0,0,0,0,0,0,0,0,0,1,0,0,5
46.9,1,22.3,159.5,78.5,87.6,228.0,1,2.6,8.2,2.2,6.4,76.3,3,0,1,1,0,0,0,0,0,0,0,0,0,0,0,0,0,0,1,0,0,5
64.5,1,22.7,148.6,78.8,89.9,304.6,1,2.9,8.5,0.7,4.5,111.8,1,0,1,1,0,0,0,0,0,0,0,0,0,0,0,0,0,0,1,0,0,5
43.8,0,23.4,120.6,79.5,98.4,308.0,1,2.7,6.8,1.8,6.4,100.5,4,0,1,1,0,0,0,0,0,0,0,0,0,0,0,0,0,0,1,0,0,5
50.6,0,24.9,140.7,72.6,91.8,276.2,1,3.8,6.7,1.3,9.2,87.0,2,0,1,0,0,0,0,0,0,0,0,0,0,0,0,0,0,0,1,1,0,5
59.5,1,24.5,128.2,72.5,95.3,273.6,0,3.1,7.8,2.9,5.0,88.7,1,0,1,0,0,0,0,0,0,0,0,0,0,0,0,0,0,0,0,0,0,5
40.5,1,21.8,165.0,78.0,80.8,259.5,0,1.4,7.5,5.1,5.3,102.1,3,0,1,1,0,0,0,0,0,0,0,0,0,0,0,0,0,0,1,0,0,5
70.3,1,24.6,130.2,76.4,80.5,217.3,1,4.6,9.0,5.5,8.3,75.6,2,0,1,1,0,0,0,0,0,0,0,0,0,0,0,0,0,0,0,0,0,5
67.4,1,22.6,149.0,77.4,86.7,242.6,1,1.9,7.5,0.6,7.6,69.4,1,0,1,1,0,0,0,0,0,0,0,0,0,0,0,0,0,0,1,0,0,5
60.5,0,20.1,120.5,73.7,81.3,338.6,1,4.9,7.3,1.0,4.3,86.0,4,0,1,1,0,0,0,0,0,0,0,0,0,0,0,0,0,0,1,0,0,5
59.6,0,26.6,160.4,76.0,93.3,278.3,0,4.5,7.4,1.8,5.8,88.5,3,0,1,1,0,0,0,0,0,0,0,0,0,0,0,0,0,0,1,1,0,5
60.7,0,24.7,126.3,77.3,93.5,244.0,1,3.2,6.6,0.4,8.6,89.4,2,0,1,1,0,0,0,0,0,0,0,0,0,0,0,0,0,0,1,0,0,5
53.5,1,22.2,138.7,68.8,84.2,251.8,1,3.6,7.3,1.5,6.5,104.0,1,0,1,1,0,0,0,0,0,0,0,0,0,0,0,0,0,0,1,1,0,5
60.7,1,21.7,136.3,69.8,89.2,215.0,1,2.4,7.1,0.7,9.0,73.5,3,0,0,1,0,0,0,0,0,0,0,0,0,0,0,0,0,0,1,0,0,5
57.9,1,23.4,145.3,75.6,77.7,253.3,1,2.7,6.6,2.4,9.5,93.3,2,0,1,1,0,0,0,0,0,0,0,0,0,0,0,0,0,0,0,0,0,5
69.4,1,20.4,136.5,76.3,86.8,270.2,1,5.2,5.5,0.3,6.8,80.4,4,0,1,1,0,0,0,0,0,0,0,0,0,0,0,0,0,0,1,1,0,5
70.5,1,23.7,165.8,67.0,100.3,251.4,0,1.1,5.3,0.7,8.6,81.5,3,0,1,0,0,0,0,0,0,0,0,0,0,0,0,0,0,0,1,1,0,5
56.0,0,25.2,167.7,80.2,81.6,306.6,0,4.7,6.6,2.5,7.0,106.0,2,0,1,1,0,0,0,0,0,0,0,0,0,0,0,0,0,0,1,1,0,5
79.0,0,24.3,144.5,74.0,96.9,230.5,1,5.7,8.0,1.8,7.7,94.7,3,0,1,1,0,0,0,0,0,0,0,0,0,0,0,0,0,0,1,0,0,5
67.9,1,21.4,164.1,80.3,97.6,254.5,1,0.3,6.8,5.2,10.1,78.9,2,0,1,1,0,0,0,0,0,0,0,0,0,0,0,0,0,0,0,0,0,5
55.5,1,23.4,144.8,77.5,88.1,215.0,0,3.6,7.4,2.3,6.7,97.0,2,0,1,0,0,0,0,0,0,0,0,0,0,0,0,0,0,0,1,1,0,5
63.0,1,22.6,145.6,76.0,86.9,256.8,1,3.3,8.0,0.7,6.6,89.6,2,0,1,1,0,0,0,0,0,0,0,0,0,0,0,0,0,0,0,1,0,5
60.8,0,23.2,166.5,78.1,94.0,300.2,1,5.3,9.2,1.7,6.9,80.1,1,0,1,1,0,0,0,0,0,0,0,0,0,0,0,0,0,0,1,0,0,5
59.6,0,27.2,152.1,77.0,81.2,219.3,1,5.5,6.7,1.0,5.5,64.9,2,0,1,1,0,0,0,0,0,0,0,0,0,0,0,0,0,0,1,1,0,5
67.8,0,24.7,127.4,69.2,101.0,288.6,1,5.2,6.4,6.3,4.0,75.0,1,0,1,1,0,0,0,0,0,0,0,0,0,0,0,0,0,0,1,0,0,5
60.4,0,21.4,169.7,71.7,98.3,264.3,1,6.2,7.9,1.7,4.1,82.1,2,0,1,1,0,0,0,0,0,0,0,0,0,0,0,0,0,0,0,0,0,5
52.3,0,25.8,141.2,80.8,94.8,241.9,1,1.1,6.7,2.1,8.4,91.0,1,0,1,1,0,0,0,0,0,0,0,0,0,0,0,0,0,0,1,1,0,5
55.5,1,23.9,131.7,72.0,83.1,253.6,1,5.8,6.5,1.1,7.3,88.0,2,0,1,0,0,0,0,0,0,0,0,0,0,0,0,0,0,0,1,1,0,5
55.7,0,21.0,144.0,80.6,77.1,290.7,1,2.5,6.6,3.9,8.8,106.4,1,0,1,0,0,0,0,0,0,0,0,0,0,0,0,0,0,0,0,1,0,5
68.6,0,23.3,153.4,77.9,90.5,233.0,1,1.6,6.2,2.6,5.6,86.2,1,0,1,0,0,0,0,0,0,0,0,0,0,0,0,0,0,0,1,1,0,5
76.5,0,22.8,145.6,79.7,95.9,282.1,1,5.6,6.7,1.0,6.1,86.8,4,0,1,0,0,0,0,0,0,0,0,0,0,0,0,0,0,0,1,0,0,5
68.3,1,21.4,124.1,73.1,78.9,216.7,1,4.6,8.0,4.3,6.6,92.5,1,0,1,1,0,0,0,0,0,0,0,0,0,0,0,0,0,0,1,0,0,5
68.8,0,23.1,142.6,83.3,84.7,217.4,0,4.6,6.4,4.8,5.1,104.4,1,0,1,1,0,0,0,0,0,0,0,0,0,0,0,0,0,0,1,0,0,5
67.6,1,26.7,162.7,76.0,69.4,281.2,0,3.8,8.1,0.7,7.1,95.9,2,0,1,0,0,0,0,0,0,0,0,0,0,0,0,0,0,0,1,0,0,5
61.1,1,23.1,126.9,74.5,94.9,307.5,1,4.6,9.2,5.7,7.6,64.0,2,0,1,0,0,0,0,0,0,0,0,0,0,0,0,0,0,0,1,1,0,5
47.2,0,23.3,152.2,81.6,94.4,230.8,1,3.0,6.2,1.4,6.2,74.4,1,0,1,0,0,0,0,0,0,0,0,0,0,0,0,0,0,0,0,0,0,5
47.6,1,26.6,145.9,69.7,84.9,240.1,1,6.8,7.2,2.4,7.7,80.8,1,0,0,0,0,0,0,0,0,0,0,0,0,0,0,0,0,0,1,0,0,5
71.4,0,28.3,132.8,77.7,86.9,245.6,1,4.7,7.8,1.5,8.1,64.6,4,0,1,1,0,0,0,0,0,0,0,0,0,0,0,0,0,0,0,0,0,5
57.5,1,25.1,132.7,77.1,92.3,281.2,1,5.2,6.1,2.9,7.3,74.9,1,0,0,0,0,0,0,0,0,0,0,0,0,0,0,0,0,0,1,0,0,5
58.4,0,21.1,164.2,87.5,83.3,267.3,0,3.7,7.1,0.2,6.0,107.5,2,0,1,1,0,0,0,0,0,0,0,0,0,0,0,0,0,0,1,1,0,5
55.9,0,25.8,149.0,71.8,91.1,220.6,0,4.2,7.2,1.4,8.1,75.7,1,0,1,1,0,0,0,0,0,0,0,0,0,0,0,0,0,0,1,0,0,5
51.6,0,30.1,169.0,78.1,97.5,280.2,0,3.8,6.9,0.4,5.0,92.0,2,0,0,1,0,0,0,0,0,0,0,0,0,0,0,0,0,0,1,1,0,5
57.6,0,27.8,159.1,72.6,96.3,297.6,1,4.7,6.5,2.4,7.9,90.9,2,0,0,0,0,0,0,0,0,0,0,0,0,0,0,0,0,0,1,1,0,5
39.6,1,26.1,146.0,79.8,92.2,225.9,0,3.0,6.6,5.0,6.2,95.3,4,0,1,1,0,0,0,0,0,0,0,0,0,0,0,0,0,0,1,0,0,5
70.8,0,25.1,124.4,74.3,80.5,275.8,0,2.3,6.9,0.6,9.9,87.0,4,0,1,0,0,0,0,0,0,0,0,0,0,0,0,0,0,0,1,0,0,5
53.3,0,26.1,137.3,70.0,90.3,308.5,1,5.4,8.2,7.4,6.7,81.2,2,0,1,0,0,0,0,0,0,0,0,0,0,0,0,0,0,0,1,0,0,5
55.7,1,23.6,120.0,62.7,86.9,242.2,0,4.4,6.0,4.7,7.6,64.0,2,0,1,1,0,0,0,0,0,0,0,0,0,0,0,0,0,0,0,1,0,5
70.0,0,24.7,144.6,69.8,92.9,300.5,1,5.7,5.6,4.9,5.6,79.8,2,0,1,1,0,0,0,0,0,0,0,0,0,0,0,0,0,0,1,1,0,5
67.5,1,21.5,125.3,69.8,89.3,283.5,0,5.3,5.5,1.2,8.2,84.9,2,0,1,1,0,0,0,0,0,0,0,0,0,0,0,0,0,0,1,0,0,5
69.2,1,24.5,159.6,76.8,100.8,275.0,1,4.3,6.8,5.4,7.1,92.9,3,0,1,1,0,0,0,0,0,0,0,0,0,0,0,0,0,0,0,1,0,5
74.0,0,20.9,144.3,70.6,90.9,238.3,1,3.2,6.5,1.4,6.1,94.9,2,0,1,1,0,0,0,0,0,0,0,0,0,0,0,0,0,0,0,0,0,5
84.0,0,24.1,144.7,67.3,87.6,234.2,1,4.0,8.0,7.3,8.5,97.2,2,0,1,1,0,0,0,0,0,0,0,0,0,0,0,0,0,0,1,0,0,5
73.5,0,26.7,142.5,82.4,104.7,270.3,1,4.4,7.5,4.0,5.7,84.9,2,0,1,1,0,0,0,0,0,0,0,0,0,0,0,0,0,0,1,1,0,5
78.7,0,23.6,156.4,72.9,86.7,283.7,1,6.6,7.5,1.3,4.8,82.6,1,0,1,1,0,0,0,0,0,0,0,0,0,0,0,0,0,0,1,0,0,5
59.4,0,26.4,125.4,75.7,95.6,316.7,0,2.8,8.2,0.8,7.7,69.0,2,0,1,1,0,0,0,0,0,0,0,0,0,0,0,0,0,0,1,0,0,5
84.0,1,21.2,152.2,83.2,84.2,244.7,1,4.0,6.0,7.0,4.9,93.1,4,0,1,1,0,0,0,0,0,0,0,0,0,0,0,0,0,0,1,0,0,5
59.9,0,26.8,161.3,79.2,92.2,258.9,0,3.2,5.6,0.3,6.6,74.1,2,0,1,1,0,0,0,0,0,0,0,0,0,0,0,0,0,0,1,1,0,5
63.9,1,24.0,129.3,76.5,84.5,270.0,1,0.5,7.1,8.1,7.4,80.2,3,0,1,1,0,0,0,0,0,0,0,0,0,0,0,0,0,0,1,0,0,5
50.1,0,23.9,137.3,84.2,89.5,240.0,0,2.9,7.2,1.6,7.3,93.1,2,0,1,1,0,0,0,0,0,0,0,0,0,0,0,0,0,0,1,1,0,5
55.3,0,28.6,144.4,72.0,103.4,225.9,0,4.5,7.7,1.8,5.3,94.8,2,0,1,0,0,0,0,0,0,0,0,0,0,0,0,0,0,0,0,0,0,5
78.2,1,25.8,143.4,73.5,91.7,264.6,1,4.3,8.3,2.5,8.4,73.5,1,0,1,0,0,0,0,0,0,0,0,0,0,0,0,0,0,0,0,0,0,5
64.4,1,25.2,157.4,80.8,107.0,247.9,1,5.0,7.6,0.4,6.8,81.9,2,0,0,1,0,0,0,0,0,0,0,0,0,0,0,0,0,0,0,0,0,5
50.4,1,21.2,136.1,75.3,92.4,303.5,1,0.5,7.9,7.2,6.9,64.0,1,0,1,0,0,0,0,0,0,0,0,0,0,0,0,0,0,0,1,0,0,5
79.5,0,24.7,155.7,74.0,81.4,251.2,1,2.7,6.9,0.2,4.9,112.3,1,0,1,1,0,0,0,0,0,0,0,0,0,0,0,0,0,0,1,0,0,5
55.1,0,27.0,154.3,84.3,89.7,251.3,1,2.9,7.3,4.0,8.0,86.2,2,0,1,1,0,0,0,0,0,0,0,0,0,0,0,0,0,0,0,1,0,5
59.8,0,24.1,150.2,67.3,96.0,290.5,1,1.1,8.5,0.4,6.8,76.8,3,0,1,0,0,0,0,0,0,0,0,0,0,0,0,0,0,0,0,0,0,5
55.6,0,26.9,162.9,84.9,90.0,234.4,1,4.0,7.2,2.1,6.7,80.2,4,0,1,0,0,0,0,0,0,0,0,0,0,0,0,0,0,0,1,0,0,5
49.6,1,20.6,138.2,71.1,98.2,261.3,1,4.1,7.9,0.9,7.7,64.0,3,0,1,1,0,0,0,0,0,0,0,0,0,0,0,0,0,0,0,1,0,5
52.1,0,22.6,120.6,82.5,72.5,290.4,1,1.3,9.0,0.4,5.9,86.5,4,0,1,0,0,0,0,0,0,0,0,0,0,0,0,0,0,0,0,0,0,5
56.9,1,22.1,153.1,73.8,92.0,215.0,0,3.0,7.6,2.8,3.7,74.0,4,0,1,1,0,0,0,0,0,0,0,0,0,0,0,0,0,0,0,0,0,5
65.7,1,19.3,144.3,80.7,78.6,257.4,1,2.9,6.5,0.6,8.6,91.2,3,0,1,1,0,0,0,0,0,0,0,0,0,0,0,0,0,0,1,0,0,5
76.6,0,23.0,132.8,72.6,97.3,275.8,1,5.0,7.0,0.7,4.4,87.3,4,0,1,1,0,0,0,0,0,0,0,0,0,0,0,0,0,0,0,1,0,5
56.4,0,25.4,145.4,74.1,95.3,267.9,1,2.2,7.7,0.2,7.1,70.6,4,0,1,1,0,0,0,0,0,0,0,0,0,0,0,0,0,0,1,0,0,5
49.8,1,22.1,121.2,73.4,84.0,215.0,0,2.6,5.2,0.1,5.6,67.4,2,0,0,0,0,0,0,0,0,0,0,0,0,0,0,0,0,0,1,1,0,5
52.9,0,24.8,169.1,83.7,83.1,301.1,1,2.4,6.0,2.8,6.4,93.5,3,0,1,1,0,0,0,0,0,0,0,0,0,0,0,0,0,0,0,0,0,5
66.7,1,26.7,166.7,80.3,96.9,248.1,1,3.1,7.2,1.8,11.3,103.3,2,0,1,1,0,0,0,0,0,0,0,0,0,0,0,0,0,0,1,0,0,5
71.6,1,24.1,151.2,61.7,94.9,268.1,1,4.2,7.5,0.2,5.7,83.5,4,0,1,1,0,0,0,0,0,0,0,0,0,0,0,0,0,0,1,0,0,5
63.6,1,24.5,145.0,77.6,83.9,334.3,0,3.9,8.5,2.3,5.5,90.5,1,0,1,1,0,0,0,0,0,0,0,0,0,0,0,0,0,0,1,0,0,5
65.7,0,24.6,162.2,72.7,83.0,292.9,1,7.5,7.5,0.5,5.8,85.8,1,0,1,1,0,0,0,0,0,0,0,0,0,0,0,0,0,0,1,0,0,5
58.6,1,24.2,150.2,65.7,96.6,299.5,1,5.3,5.6,0.5,7.1,92.7,1,0,1,1,0,0,0,0,0,0,0,0,0,0,0,0,0,0,1,1,0,5
67.1,0,24.8,136.1,70.7,81.1,237.5,1,5.9,6.8,3.7,7.5,91.1,4,0,0,1,0,0,0,0,0,0,0,0,0,0,0,0,0,0,1,1,0,5
68.4,0,24.2,145.6,82.3,86.0,238.6,1,2.7,6.8,0.8,7.0,95.9,1,0,1,0,0,0,0,0,0,0,0,0,0,0,0,0,0,0,0,1,0,5
60.3,0,25.2,130.4,78.8,95.6,252.8,1,2.8,7.8,0.9,7.2,97.4,1,0,1,0,0,0,0,0,0,0,0,0,0,0,0,0,0,0,1,0,0,5
56.7,1,22.3,120.0,65.6,86.5,268.5,1,5.1,6.5,8.8,7.0,82.2,2,0,1,1,0,0,0,0,0,0,0,0,0,0,0,0,0,0,1,0,0,5
54.6,1,25.8,154.0,80.7,93.5,312.7,1,2.6,9.3,0.6,8.9,83.3,4,0,1,0,0,0,0,0,0,0,0,0,0,0,0,0,0,0,0,1,0,5
76.4,0,21.9,130.6,79.7,89.1,231.0,1,6.0,6.4,4.4,6.6,75.6,2,0,1,1,0,0,0,0,0,0,0,0,0,0,0,0,0,0,0,1,0,5
58.7,0,23.0,130.5,69.2,90.8,245.1,1,4.1,8.2,0.6,7.6,96.0,2,0,1,1,0,0,0,0,0,0,0,0,0,0,0,0,0,0,1,1,0,5
70.6,1,24.2,142.0,69.8,91.2,270.3,1,3.6,8.3,5.4,6.7,77.4,2,0,1,1,0,0,0,0,0,0,0,0,0,0,0,0,0,0,1,0,0,5
61.9,1,22.8,147.2,66.0,96.8,274.4,1,3.2,7.9,3.8,7.7,67.3,3,0,1,0,0,0,0,0,0,0,0,0,0,0,0,0,0,0,1,0,0,5
61.5,1,22.9,138.0,78.6,97.3,242.6,1,5.3,7.1,0.5,6.3,87.6,3,0,1,1,0,0,0,0,0,0,0,0,0,0,0,0,0,0,1,0,0,5
53.0,0,26.8,120.0,71.6,87.7,291.2,0,2.7,7.6,0.5,5.1,85.7,2,0,1,1,0,0,0,0,0,0,0,0,0,0,0,0,0,0,0,0,0,5
57.4,1,22.4,141.8,74.5,91.3,268.8,0,2.9,7.1,3.4,8.0,80.8,1,0,1,0,0,0,0,0,0,0,0,0,0,0,0,0,0,0,1,1,0,5
66.2,1,22.9,155.3,77.7,86.6,253.4,1,3.4,6.2,2.5,8.5,106.4,3,0,0,0,0,0,0,0,0,0,0,0,0,0,0,0,0,0,1,0,0,5
67.0,1,25.2,124.3,77.3,85.4,241.3,1,5.9,7.2,1.5,3.2,96.8,2,0,1,1,0,0,0,0,0,0,0,0,0,0,0,0,0,0,1,0,0,5
73.1,0,27.4,125.8,85.5,96.9,327.9,1,3.1,8.6,0.7,5.9,98.1,4,0,1,1,0,0,0,0,0,0,0,0,0,0,0,0,0,0,1,0,0,5
71.6,0,19.8,123.6,81.0,92.4,246.5,1,6.3,8.4,3.5,7.6,64.0,1,0,1,1,0,0,0,0,0,0,0,0,0,0,0,0,0,0,1,1,0,5
62.8,1,23.0,132.9,71.9,88.3,215.0,1,1.7,7.9,1.1,6.4,90.9,3,0,1,1,0,0,0,0,0,0,0,0,0,0,0,0,0,0,0,0,0,5
75.6,1,25.0,156.5,80.8,91.6,268.1,0,5.4,6.9,11.8,7.9,111.5,3,0,1,1,0,0,0,0,0,0,0,0,0,0,0,0,0,0,1,0,0,5
62.1,1,22.1,136.5,74.9,82.2,282.6,1,2.9,7.0,0.5,5.7,98.5,2,0,1,1,0,0,0,0,0,0,0,0,0,0,0,0,0,0,1,0,0,5
59.8,1,22.2,149.1,84.3,94.0,302.3,1,5.2,9.2,2.7,5.7,91.4,3,0,1,1,0,0,0,0,0,0,0,0,0,0,0,0,0,0,1,1,0,5
60.1,1,18.4,120.0,81.8,79.6,215.4,0,6.5,7.3,0.4,7.1,74.8,1,0,1,1,0,0,0,0,0,0,0,0,0,0,0,0,0,0,1,0,0,5
80.8,0,23.5,152.6,79.4,95.7,238.9,1,4.8,7.5,1.0,5.3,64.8,2,0,0,0,0,0,0,0,0,0,0,0,0,0,0,0,0,0,0,0,0,5
57.6,0,21.8,146.4,78.1,89.7,301.1,1,1.8,9.0,1.1,5.5,77.1,3,0,1,0,0,0,0,0,0,0,0,0,0,0,0,0,0,0,1,0,0,5
49.0,0,19.6,156.3,79.1,91.7,308.3,1,2.7,6.2,1.8,8.4,88.5,2,0,1,0,0,0,0,0,0,0,0,0,0,0,0,0,0,0,1,0,0,5
75.8,0,26.3,174.2,74.4,86.2,224.0,0,2.1,6.3,4.8,7.9,82.2,2,0,1,0,0,0,0,0,0,0,0,0,0,0,0,0,0,0,1,0,0,5
66.3,0,24.1,149.2,76.2,105.3,215.0,1,3.2,7.1,0.0,7.4,77.0,1,0,1,1,0,0,0,0,0,0,0,0,0,0,0,0,0,0,0,1,0,5
62.9,0,24.2,170.2,80.7,85.8,235.1,1,4.8,7.3,3.2,7.8,68.5,2,0,1,0,0,0,0,0,0,0,0,0,0,0,0,0,0,0,1,0,0,5
63.6,0,23.1,156.3,78.6,78.9,234.4,1,2.8,6.8,5.8,4.4,109.6,2,0,1,1,0,0,0,0,0,0,0,0,0,0,0,0,0,0,1,1,0,5
51.9,0,20.9,124.9,73.2,82.1,225.1,0,3.5,7.4,5.0,8.3,100.7,3,0,1,0,0,0,0,0,0,0,0,0,0,0,0,0,0,0,0,0,0,5
54.3,0,20.6,157.7,76.3,89.4,234.6,0,5.0,6.4,3.7,7.8,99.9,2,0,1,1,0,0,0,0,0,0,0,0,0,0,0,0,0,0,1,1,0,5
72.2,0,24.8,166.5,71.7,95.8,293.7,0,2.6,7.0,0.4,7.9,108.0,4,0,1,1,0,0,0,0,0,0,0,0,0,0,0,0,0,0,1,0,0,5
67.3,1,20.9,147.5,68.3,89.6,233.5,1,3.8,6.5,0.3,7.0,72.9,4,0,1,1,0,0,0,0,0,0,0,0,0,0,0,0,0,0,1,0,0,5
59.4,1,23.1,120.0,82.2,91.4,252.4,1,2.7,6.1,0.9,5.8,72.7,3,0,1,1,0,0,0,0,0,0,0,0,0,0,0,0,0,0,1,0,0,5
73.3,1,23.6,146.4,82.9,96.9,283.2,1,2.4,6.7,2.1,7.1,82.0,1,0,1,1,0,0,0,0,0,0,0,0,0,0,0,0,0,0,1,0,0,5
62.9,0,23.4,156.0,69.0,78.6,252.9,0,3.0,7.2,2.6,7.7,77.3,3,0,1,0,0,0,0,0,0,0,0,0,0,0,0,0,0,0,0,0,0,5
75.8,0,27.8,175.4,78.8,82.1,242.9,1,3.6,6.2,10.1,10.2,97.3,2,0,0,0,0,0,0,0,0,0,0,0,0,0,0,0,0,0,0,1,0,5
66.8,0,19.8,153.5,66.3,86.2,248.0,1,3.1,7.6,3.8,8.1,81.6,1,0,1,0,0,0,0,0,0,0,0,0,0,0,0,0,0,0,0,1,0,5
57.0,1,21.7,163.9,78.5,78.8,263.6,0,2.3,6.3,0.5,5.9,91.2,2,0,1,1,0,0,0,0,0,0,0,0,0,0,0,0,0,0,1,0,0,5
49.9,0,25.3,165.0,85.5,89.5,222.8,1,2.8,8.8,3.1,7.1,86.9,2,0,1,1,0,0,0,0,0,0,0,0,0,0,0,0,0,0,1,0,0,5
70.0,0,24.4,143.9,76.7,80.4,215.0,1,5.1,7.6,2.0,7.6,102.8,2,0,1,1,0,0,0,0,0,0,0,0,0,0,0,0,0,0,1,1,0,5
65.4,0,19.3,138.8,74.7,94.4,215.0,1,4.0,7.4,0.8,6.9,83.6,2,0,1,1,0,0,0,0,0,0,0,0,0,0,0,0,0,0,1,1,0,5
78.9,0,20.1,166.8,74.0,88.2,233.8,0,4.4,6.9,0.2,7.0,87.6,1,0,1,0,0,0,0,0,0,0,0,0,0,0,0,0,0,0,1,0,0,5
63.7,1,25.3,153.7,81.1,86.5,253.7,0,3.1,8.2,3.2,9.7,88.4,1,0,1,0,0,0,0,0,0,0,0,0,0,0,0,0,0,0,0,1,0,5
57.6,0,26.3,146.6,71.5,90.9,222.4,0,0.8,8.2,3.7,9.6,75.8,1,0,1,1,0,0,0,0,0,0,0,0,0,0,0,0,0,0,0,0,0,5
51.2,0,22.0,165.6,80.9,94.4,232.4,0,6.8,7.7,1.3,3.8,94.0,1,0,1,1,0,0,0,0,0,0,0,0,0,0,0,0,0,0,1,0,0,5
67.9,1,25.3,120.4,77.4,93.1,219.9,1,4.6,7.3,0.8,7.0,94.2,3,0,1,1,0,0,0,0,0,0,0,0,0,0,0,0,0,0,1,0,0,5
53.6,0,24.0,136.7,78.4,107.8,222.5,1,3.0,6.5,4.5,7.2,94.5,3,0,1,0,0,0,0,0,0,0,0,0,0,0,0,0,0,0,1,0,0,5
68.6,0,22.6,123.9,65.3,79.6,282.2,1,2.1,6.6,0.5,5.7,92.4,3,0,1,1,0,0,0,0,0,0,0,0,0,0,0,0,0,0,1,0,0,5
53.4,1,21.0,128.9,72.7,103.5,215.0,0,4.3,6.8,3.2,5.5,93.6,4,0,1,1,0,0,0,0,0,0,0,0,0,0,0,0,0,0,1,1,0,5
61.6,1,20.0,137.0,70.8,93.3,308.4,1,2.5,7.3,4.6,9.7,86.1,3,0,0,1,0,0,0,0,0,0,0,0,0,0,0,0,0,0,1,0,0,5
55.3,0,21.0,137.6,68.7,92.7,253.8,1,5.8,6.4,0.4,7.1,101.5,4,0,1,1,0,0,0,0,0,0,0,0,0,0,0,0,0,0,1,1,0,5
77.2,1,19.3,142.7,78.5,85.4,223.9,1,3.3,7.8,0.6,9.7,90.1,3,0,1,1,0,0,0,0,0,0,0,0,0,0,0,0,0,0,1,0,0,5
55.9,1,23.3,138.7,79.4,74.1,261.8,1,0.5,8.7,5.2,8.3,90.1,3,0,1,1,0,0,0,0,0,0,0,0,0,0,0,0,0,0,1,0,0,5
57.6,0,23.1,129.4,75.4,86.2,251.2,1,3.5,7.3,6.3,8.6,104.7,2,0,1,1,0,0,0,0,0,0,0,0,0,0,0,0,0,0,1,0,0,5
64.3,1,27.7,141.5,67.3,76.7,273.6,1,3.0,8.7,0.1,8.1,74.9,2,0,1,1,0,0,0,0,0,0,0,0,0,0,0,0,0,0,1,0,0,5
60.8,1,22.6,156.4,70.9,97.1,233.0,1,5.1,6.4,3.2,7.3,95.5,3,0,1,1,0,0,0,0,0,0,0,0,0,0,0,0,0,0,1,0,0,5
39.9,0,21.8,143.7,75.9,83.6,264.6,1,2.8,7.3,2.0,8.3,85.3,3,0,1,1,0,0,0,0,0,0,0,0,0,0,0,0,0,0,1,1,0,5
57.3,1,24.2,122.2,73.6,85.3,285.6,1,3.9,6.3,0.1,6.6,100.5,1,0,0,1,0,0,0,0,0,0,0,0,0,0,0,0,0,0,1,0,0,5
52.7,0,20.4,153.4,74.2,87.5,298.5,1,4.3,7.6,0.9,7.5,86.3,4,0,1,1,0,0,0,0,0,0,0,0,0,0,0,0,0,0,0,0,0,5
62.3,1,22.8,137.6,74.2,80.9,219.8,1,1.0,7.9,1.1,7.6,97.3,2,0,1,1,0,0,0,0,0,0,0,0,0,0,0,0,0,0,1,0,0,5
56.1,0,22.2,121.9,78.0,82.3,232.4,1,5.7,7.8,9.3,8.3,79.4,3,0,1,1,0,0,0,0,0,0,0,0,0,0,0,0,0,0,1,0,0,5
70.7,1,19.8,128.0,76.8,85.9,215.0,1,2.1,7.8,4.1,8.4,92.4,2,0,1,1,0,0,0,0,0,0,0,0,0,0,0,0,0,0,0,0,0,5
60.4,0,24.6,176.3,76.0,95.6,273.1,1,3.6,6.6,1.4,8.0,86.2,1,0,1,1,0,0,0,0,0,0,0,0,0,0,0,0,0,0,1,0,0,5
55.6,1,24.0,161.7,71.3,92.5,225.1,1,1.6,7.5,2.6,6.9,79.2,4,0,1,1,0,0,0,0,0,0,0,0,0,0,0,0,0,0,1,0,0,5
48.7,0,25.8,161.0,83.8,83.9,251.3,0,7.1,6.3,2.4,5.2,64.0,1,0,1,1,0,0,0,0,0,0,0,0,0,0,0,0,0,0,1,1,0,5
70.3,1,22.2,190.8,88.3,86.4,244.4,1,5.9,8.1,2.3,7.6,89.9,3,0,1,1,0,0,0,0,0,0,0,0,0,0,0,0,0,0,1,0,0,5
53.7,1,25.9,158.6,77.2,91.3,263.9,0,4.5,6.9,2.4,5.3,88.0,3,0,1,0,0,0,0,0,0,0,0,0,0,0,0,0,0,0,0,0,0,5
57.4,1,23.9,135.6,69.4,77.7,250.7,0,4.7,6.2,3.0,4.7,74.9,2,0,1,0,0,0,0,0,0,0,0,0,0,0,0,0,0,0,0,0,0,5
56.7,0,24.4,158.6,76.7,88.8,272.3,1,1.5,7.4,2.4,5.3,72.9,2,0,1,1,0,0,0,0,0,0,0,0,0,0,0,0,0,0,0,1,0,5
69.1,1,25.9,136.6,84.0,104.3,262.5,0,2.0,6.3,2.6,5.8,86.2,2,0,1,1,0,0,0,0,0,0,0,0,0,0,0,0,0,0,1,1,0,5
59.0,1,18.8,120.0,73.1,92.9,215.0,0,4.8,6.7,0.1,10.5,70.2,2,0,0,1,0,0,0,0,0,0,0,0,0,0,0,0,0,0,1,1,0,5
57.9,1,21.6,134.9,70.4,81.5,276.8,0,5.1,7.7,1.3,10.6,69.0,2,0,1,1,0,0,0,0,0,0,0,0,0,0,0,0,0,0,0,1,0,5
61.7,0,23.2,152.2,77.1,83.9,299.1,1,4.1,6.6,0.6,4.1,64.0,4,0,0,1,0,0,0,0,0,0,0,0,0,0,0,0,0,0,1,0,0,5
76.8,0,25.7,149.9,76.9,94.4,288.5,0,4.1,6.2,6.3,6.2,87.2,2,0,1,1,0,0,0,0,0,0,0,0,0,0,0,0,0,0,1,1,0,5
63.5,0,28.4,167.0,70.9,90.8,287.9,0,6.3,7.1,0.7,5.9,84.9,2,0,1,0,0,0,0,0,0,0,0,0,0,0,0,0,0,0,1,1,0,5
60.3,1,25.8,146.6,80.8,84.9,274.7,1,4.7,6.2,1.0,6.9,88.0,2,0,1,1,0,0,0,0,0,0,0,0,0,0,0,0,0,0,1,0,0,5
54.2,0,18.2,137.0,80.5,91.5,220.7,0,2.6,6.7,4.1,7.3,64.0,3,0,1,0,0,0,0,0,0,0,0,0,0,0,0,0,0,0,0,1,0,5
58.2,0,21.0,150.1,80.0,95.6,244.4,0,3.1,9.6,2.2,7.5,84.7,1,0,1,1,0,0,0,0,0,0,0,0,0,0,0,0,0,0,1,1,0,5
48.5,1,21.0,137.8,77.1,88.1,279.6,0,1.1,8.5,9.6,6.1,72.4,2,0,1,0,0,0,0,0,0,0,0,0,0,0,0,0,0,0,1,0,0,5
59.1,0,18.5,157.2,75.0,91.6,240.7,1,4.2,6.4,0.1,5.3,83.4,3,0,1,0,0,0,0,0,0,0,0,0,0,0,0,0,0,0,1,1,0,5
56.9,1,26.0,152.3,87.4,80.4,243.6,0,1.8,6.2,1.7,9.0,87.5,3,0,1,1,0,0,0,0,0,0,0,0,0,0,0,0,0,0,0,0,0,5
63.2,1,28.8,183.9,78.1,95.2,320.1,0,3.3,7.8,1.1,9.1,85.2,2,0,1,0,0,0,0,0,0,0,0,0,0,0,0,0,0,0,0,0,0,5
72.4,0,21.4,144.0,78.9,94.1,235.7,0,1.4,7.3,0.1,4.8,68.2,1,0,1,0,0,0,0,0,0,0,0,0,0,0,0,0,0,0,0,0,0,5
66.2,1,20.4,149.3,67.6,76.9,281.7,1,3.0,6.1,2.2,8.4,108.0,2,0,1,1,0,0,0,0,0,0,0,0,0,0,0,0,0,0,1,0,0,5
64.6,0,25.5,159.5,77.7,98.4,264.2,1,2.9,7.1,6.3,6.8,100.0,2,0,1,1,0,0,0,0,0,0,0,0,0,0,0,0,0,0,0,1,0,5
64.4,0,24.9,120.0,72.9,99.5,281.0,1,2.7,8.3,1.1,8.4,75.2,2,0,0,1,0,0,0,0,0,0,0,0,0,0,0,0,0,0,1,0,0,5
81.4,1,23.2,155.6,70.5,81.2,250.4,1,3.5,8.3,2.0,5.4,79.7,1,0,1,1,0,0,0,0,0,0,0,0,0,0,0,0,0,0,1,0,0,5
72.1,0,26.5,120.0,72.0,91.8,308.4,1,6.6,7.2,0.1,7.0,83.3,3,0,1,0,0,0,0,0,0,0,0,0,0,0,0,0,0,0,0,0,0,5
70.2,1,23.3,130.6,74.4,94.0,268.8,1,4.7,7.1,2.9,7.8,64.2,2,0,1,1,0,0,0,0,0,0,0,0,0,0,0,0,0,0,1,1,0,5
57.0,1,21.7,147.1,74.2,87.2,263.5,1,2.0,8.0,0.5,7.1,93.2,2,0,1,0,0,0,0,0,0,0,0,0,0,0,0,0,0,0,1,1,0,5
65.6,0,20.5,158.7,74.9,88.8,243.8,1,5.6,7.0,2.3,7.1,84.8,4,0,1,0,0,0,0,0,0,0,0,0,0,0,0,0,0,0,1,0,0,5
58.9,0,23.9,144.5,75.3,91.1,308.1,0,4.1,6.7,3.2,6.2,64.3,1,0,1,1,0,0,0,0,0,0,0,0,0,0,0,0,0,0,1,1,0,5
52.5,0,26.6,134.0,73.2,87.6,215.0,1,5.3,7.5,1.4,6.0,78.2,4,0,1,1,0,0,0,0,0,0,0,0,0,0,0,0,0,0,0,0,0,5
75.8,0,18.1,148.1,77.3,91.8,276.7,0,4.1,6.5,4.1,7.0,103.6,2,0,1,1,0,0,0,0,0,0,0,0,0,0,0,0,0,0,0,0,0,5
71.0,1,24.9,180.6,78.6,94.4,244.1,1,4.0,8.0,0.8,4.5,70.4,2,0,1,1,0,0,0,0,0,0,0,0,0,0,0,0,0,0,1,0,0,5
81.8,0,23.7,120.0,79.6,91.3,300.1,0,3.6,7.4,0.5,6.1,81.9,2,0,1,1,0,0,0,0,0,0,0,0,0,0,0,0,0,0,1,0,0,5
60.7,1,20.9,122.8,78.4,89.0,235.4,1,5.1,8.3,0.9,7.2,77.1,4,0,1,0,0,0,0,0,0,0,0,0,0,0,0,0,0,0,1,0,0,5
51.6,1,23.2,155.7,78.6,71.0,272.5,0,6.4,8.4,0.3,6.4,73.1,1,0,1,1,0,0,0,0,0,0,0,0,0,0,0,0,0,0,1,0,0,5
56.6,1,23.9,172.9,88.4,86.0,281.1,1,0.9,8.2,2.8,7.7,87.9,1,0,1,1,0,0,0,0,0,0,0,0,0,0,0,0,0,0,0,0,0,5
66.8,1,21.3,168.1,75.4,91.8,288.9,1,4.8,6.7,0.5,6.7,74.1,2,0,1,1,0,0,0,0,0,0,0,0,0,0,0,0,0,0,1,0,0,5
63.1,1,21.9,133.7,78.9,85.7,259.1,1,7.0,7.0,0.1,5.9,96.0,3,0,1,1,0,0,0,0,0,0,0,0,0,0,0,0,0,0,1,1,0,5
73.0,0,17.9,120.0,77.4,72.5,287.2,0,3.7,6.0,4.0,5.2,87.1,2,0,1,0,0,0,0,0,0,0,0,0,0,0,0,0,0,0,1,0,0,5
66.1,0,15.1,151.1,75.1,96.3,247.3,1,4.9,6.3,0.8,7.7,102.4,1,0,1,0,0,0,0,0,0,0,0,0,0,0,0,0,0,0,1,1,0,5
53.2,1,22.5,127.6,80.4,76.2,285.4,1,5.2,7.5,3.7,5.1,89.8,2,0,1,1,0,0,0,0,0,0,0,0,0,0,0,0,0,0,0,1,0,5
76.2,0,25.6,158.0,80.0,84.4,258.8,1,1.4,7.1,1.3,7.1,86.8,2,0,1,1,0,0,0,0,0,0,0,0,0,0,0,0,0,0,1,0,0,5
68.2,0,26.1,165.3,79.8,81.9,273.4,0,5.2,8.1,5.1,7.8,67.4,3,0,1,1,0,0,0,0,0,0,0,0,0,0,0,0,0,0,1,0,0,5
54.5,1,22.2,142.2,84.3,101.9,260.6,1,3.8,5.1,0.9,6.1,77.4,3,0,1,1,0,0,0,0,0,0,0,0,0,0,0,0,0,0,1,1,0,5
51.1,1,22.9,129.2,81.7,91.2,238.6,0,3.5,6.2,0.6,4.6,97.2,2,0,1,1,0,0,0,0,0,0,0,0,0,0,0,0,0,0,1,0,0,5
76.7,1,21.9,144.9,79.4,89.3,316.7,0,3.4,6.9,1.4,5.5,95.9,2,0,1,1,0,0,0,0,0,0,0,0,0,0,0,0,0,0,1,0,0,5
61.1,0,24.8,121.3,71.6,77.8,305.3,1,3.8,7.6,0.5,8.2,87.2,2,0,1,1,0,0,0,0,0,0,0,0,0,0,0,0,0,0,0,1,0,5
61.9,1,22.5,168.7,72.7,83.0,281.9,1,3.3,6.5,1.8,7.1,76.8,1,0,1,1,0,0,0,0,0,0,0,0,0,0,0,0,0,0,0,1,0,5
68.6,0,19.8,142.5,72.3,93.0,260.6,0,7.3,6.6,3.6,9.8,96.8,1,0,1,1,0,0,0,0,0,0,0,0,0,0,0,0,0,0,0,0,0,5
66.2,0,22.2,148.3,80.8,92.2,304.5,1,3.3,7.4,1.8,7.6,87.1,1,0,1,1,0,0,0,0,0,0,0,0,0,0,0,0,0,0,1,0,0,5
52.5,0,23.7,152.2,79.3,100.4,255.5,1,4.2,7.5,3.5,4.3,85.7,1,0,1,1,0,0,0,0,0,0,0,0,0,0,0,0,0,0,1,0,0,5
60.4,1,22.3,147.9,72.8,96.9,286.4,0,3.7,7.8,0.0,7.9,75.8,4,0,1,1,0,0,0,0,0,0,0,0,0,0,0,0,0,0,1,0,0,5
63.4,0,23.2,153.0,80.4,79.6,299.0,1,3.8,7.5,1.4,6.8,99.9,4,0,1,1,0,0,0,0,0,0,0,0,0,0,0,0,0,0,1,0,0,5
56.3,1,26.6,176.5,75.3,88.6,232.8,0,5.4,6.6,1.1,8.0,71.0,3,0,0,1,0,0,0,0,0,0,0,0,0,0,0,0,0,0,1,0,0,5
62.2,1,20.4,150.5,85.1,82.1,331.7,1,6.8,5.4,0.4,7.3,110.3,2,0,1,1,0,0,0,0,0,0,0,0,0,0,0,0,0,0,1,1,0,5
62.9,1,21.3,165.1,70.2,99.4,215.0,1,2.7,7.8,0.3,7.7,83.0,4,0,1,1,0,0,0,0,0,0,0,0,0,0,0,0,0,0,1,0,0,5
72.1,1,20.3,167.1,75.2,79.8,215.0,0,2.3,5.6,0.1,4.5,71.0,4,0,0,1,0,0,0,0,0,0,0,0,0,0,0,0,0,0,1,0,0,5
72.2,0,22.7,164.2,72.6,71.4,260.6,0,2.6,8.1,7.4,7.8,80.9,1,0,1,0,0,0,0,0,0,0,0,0,0,0,0,0,0,0,1,1,0,5
46.2,0,18.9,162.9,76.3,91.1,277.1,1,2.2,8.0,1.1,6.4,91.5,1,0,1,0,0,0,0,0,0,0,0,0,0,0,0,0,0,0,1,0,0,5
46.1,0,25.7,163.7,76.2,98.9,289.0,0,5.2,7.3,0.2,7.8,81.3,2,0,1,1,0,0,0,0,0,0,0,0,0,0,0,0,0,0,0,0,0,5
72.4,0,22.8,145.2,79.2,94.5,309.7,1,2.3,7.8,2.2,5.6,86.1,4,0,1,0,0,0,0,0,0,0,0,0,0,0,0,0,0,0,1,0,0,5
56.6,0,23.6,162.8,72.0,81.0,257.8,1,3.8,8.1,0.9,8.9,64.0,2,0,1,0,0,0,0,0,0,0,0,0,0,0,0,0,0,0,1,1,0,5
66.4,0,27.7,158.4,79.1,73.2,274.6,1,5.5,5.7,2.5,6.1,87.8,2,0,0,1,0,0,0,0,0,0,0,0,0,0,0,0,0,0,0,1,0,5
67.0,1,19.7,155.4,73.8,71.5,319.0,1,3.0,8.5,0.9,7.5,64.0,3,0,1,1,0,0,0,0,0,0,0,0,0,0,0,0,0,0,0,0,0,5
59.1,0,21.3,126.1,72.4,76.1,239.0,1,4.0,5.9,4.2,6.3,91.5,2,0,1,1,0,0,0,0,0,0,0,0,0,0,0,0,0,0,0,1,0,5
64.8,1,27.8,159.4,73.9,99.0,275.6,1,3.5,10.5,5.0,6.7,95.2,4,0,1,1,0,0,0,0,0,0,0,0,0,0,0,0,0,0,1,0,0,5
65.5,0,21.4,151.4,80.4,83.3,215.0,1,2.4,7.7,0.1,7.4,86.3,3,0,1,1,0,0,0,0,0,0,0,0,0,0,0,0,0,0,0,1,0,5
50.0,0,24.0,129.5,80.1,98.7,215.0,1,2.4,7.4,3.1,6.7,73.6,4,0,1,1,0,0,0,0,0,0,0,0,0,0,0,0,0,0,1,0,0,5
74.7,0,25.3,132.4,65.6,82.8,215.0,1,3.5,6.2,1.0,5.5,71.9,1,0,1,0,0,0,0,0,0,0,0,0,0,0,0,0,0,0,1,1,0,5
62.7,0,27.0,134.8,77.5,91.1,228.6,1,4.8,7.1,2.0,9.0,80.5,1,0,1,1,0,0,0,0,0,0,0,0,0,0,0,0,0,0,1,1,0,5
61.8,0,25.0,121.8,72.5,91.8,282.5,1,6.1,6.7,2.9,7.5,82.6,2,0,0,1,0,0,0,0,0,0,0,0,0,0,0,0,0,0,1,0,0,5
65.8,0,21.6,157.3,82.4,80.6,296.2,1,3.2,6.8,7.0,6.6,90.9,2,0,1,1,0,0,0,0,0,0,0,0,0,0,0,0,0,0,0,1,0,5
67.4,0,27.1,136.4,77.4,95.5,286.4,1,4.3,6.9,2.4,5.4,76.4,2,0,1,1,0,0,0,0,0,0,0,0,0,0,0,0,0,0,1,1,0,5
59.6,1,19.7,129.0,76.5,75.7,260.8,1,4.3,7.9,2.6,4.6,89.8,3,0,1,1,0,0,0,0,0,0,0,0,0,0,0,0,0,0,0,1,0,5
45.7,1,23.3,163.8,76.5,77.2,220.0,0,6.2,6.2,1.3,5.9,109.6,2,0,1,1,0,0,0,0,0,0,0,0,0,0,0,0,0,0,1,1,0,5
68.9,1,24.7,159.6,78.8,86.5,287.2,0,1.7,7.2,1.0,7.7,73.5,2,0,1,1,0,0,0,0,0,0,0,0,0,0,0,0,0,0,1,1,0,5
51.4,0,20.4,175.0,65.7,91.6,227.3,1,1.0,7.7,0.0,7.8,106.0,4,0,1,1,0,0,0,0,0,0,0,0,0,0,0,0,0,0,1,1,0,5
64.9,1,23.3,129.2,72.7,78.0,266.9,0,3.0,6.9,1.4,4.1,84.7,1,0,1,1,0,0,0,0,0,0,0,0,0,0,0,0,0,0,1,0,0,5
49.6,0,22.7,137.4,70.5,89.0,281.5,1,5.0,7.9,2.3,7.5,92.6,3,0,0,1,0,0,0,0,0,0,0,0,0,0,0,0,0,0,0,1,0,5
69.3,0,17.1,163.5,70.1,89.1,308.0,1,4.6,7.4,2.2,6.6,86.8,2,0,1,1,0,0,0,0,0,0,0,0,0,0,0,0,0,0,1,0,0,5
48.4,0,19.4,151.2,80.6,81.3,269.1,1,4.5,7.2,2.1,4.7,81.7,1,0,1,0,0,0,0,0,0,0,0,0,0,0,0,0,0,0,0,0,0,5
57.6,0,20.2,143.8,75.6,77.0,288.7,0,3.8,7.5,2.2,5.7,81.4,3,0,1,1,0,0,0,0,0,0,0,0,0,0,0,0,0,0,1,0,0,5
62.2,1,20.2,131.7,70.8,75.2,265.7,1,3.5,6.5,3.7,6.3,98.1,1,0,1,0,0,0,0,0,0,0,0,0,0,0,0,0,0,0,1,1,0,5
56.7,1,22.9,125.1,75.4,90.9,305.8,1,3.6,6.4,0.5,6.4,74.4,3,0,1,1,0,0,0,0,0,0,0,0,0,0,0,0,0,0,1,0,0,5
56.5,1,24.4,146.1,73.1,84.3,319.6,1,5.5,6.2,0.4,8.6,94.4,2,0,1,1,0,0,0,0,0,0,0,0,0,0,0,0,0,0,1,1,0,5
59.4,0,20.9,164.8,70.9,97.3,295.8,1,4.8,6.6,2.2,6.6,78.3,2,0,1,1,0,0,0,0,0,0,0,0,0,0,0,0,0,0,1,0,0,5
62.5,0,24.4,166.7,77.5,91.2,215.0,0,3.1,6.8,3.1,8.5,95.5,4,0,1,1,0,0,0,0,0,0,0,0,0,0,0,0,0,0,1,0,0,5
71.0,0,26.5,127.8,83.6,75.0,259.8,0,3.9,7.8,6.6,5.6,85.3,2,0,1,1,0,0,0,0,0,0,0,0,0,0,0,0,0,0,1,0,0,5
61.8,0,21.1,131.0,87.7,93.2,311.9,0,3.7,6.1,2.1,3.9,78.0,2,0,1,1,0,0,0,0,0,0,0,0,0,0,0,0,0,0,1,0,0,5
61.2,0,23.9,124.1,74.1,98.4,313.8,0,1.9,8.1,0.3,9.2,85.6,3,0,1,1,0,0,0,0,0,0,0,0,0,0,0,0,0,0,0,1,0,5
52.0,1,18.5,155.9,74.4,94.3,215.0,1,2.9,7.0,0.6,7.8,78.4,3,0,1,0,0,0,0,0,0,0,0,0,0,0,0,0,0,0,1,1,0,5
77.5,1,22.3,127.9,80.0,104.6,272.9,1,3.3,7.3,1.9,8.3,67.3,2,0,1,0,0,0,0,0,0,0,0,0,0,0,0,0,0,0,1,1,0,5
65.5,1,22.5,150.9,75.1,88.1,260.4,0,3.8,5.7,1.0,6.3,80.8,3,0,1,0,0,0,0,0,0,0,0,0,0,0,0,0,0,0,1,0,0,5
51.1,0,25.2,156.9,76.4,89.1,232.7,1,3.5,7.2,10.5,4.2,65.3,2,0,1,0,0,0,0,0,0,0,0,0,0,0,0,0,0,0,0,1,0,5
59.1,0,23.3,158.9,83.5,106.9,240.0,0,4.0,6.8,0.4,6.6,77.7,3,0,1,1,0,0,0,0,0,0,0,0,0,0,0,0,0,0,1,0,0,5
50.3,1,22.4,163.3,77.5,78.7,265.9,0,4.2,8.1,7.0,7.1,82.3,2,0,0,1,0,0,0,0,0,0,0,0,0,0,0,0,0,0,1,0,0,5
75.9,1,25.9,127.0,80.8,82.5,239.3,1,5.6,7.6,0.2,5.6,79.6,3,0,1,1,0,0,0,0,0,0,0,0,0,0,0,0,0,0,1,0,0,5
64.8,1,21.7,127.6,71.3,89.0,259.8,0,2.1,7.1,7.1,8.4,97.3,2,0,1,1,0,0,0,0,0,0,0,0,0,0,0,0,0,0,0,0,0,5
62.0,1,27.7,138.6,72.0,101.7,271.0,1,1.6,7.0,2.4,6.0,100.6,2,0,1,1,0,0,0,0,0,0,0,0,0,0,0,0,0,0,1,0,0,5
68.7,1,25.8,140.9,82.0,96.3,302.0,1,4.6,6.9,2.2,8.9,75.9,2,0,1,0,0,0,0,0,0,0,0,0,0,0,0,0,0,0,1,1,0,5
45.1,1,25.4,151.9,84.6,85.9,276.8,1,3.3,6.5,9.0,5.3,81.6,3,0,1,0,0,0,0,0,0,0,0,0,0,0,0,0,0,0,1,0,0,5
50.9,1,31.4,120.0,73.3,91.1,261.7,1,5.5,5.9,2.6,5.9,75.4,4,0,1,0,0,0,0,0,0,0,0,0,0,0,0,0,0,0,1,1,0,5
70.8,1,22.1,152.4,82.4,94.5,236.9,1,3.6,7.0,0.1,6.7,80.5,2,0,1,0,0,0,0,0,0,0,0,0,0,0,0,0,0,0,1,0,0,5
67.0,0,22.3,145.4,74.8,91.5,275.7,1,5.2,6.3,1.9,5.0,76.5,1,0,1,1,0,0,0,0,0,0,0,0,0,0,0,0,0,0,1,1,0,5
58.8,0,23.9,145.3,86.0,82.7,316.6,0,3.7,7.9,0.5,7.9,94.0,4,0,1,1,0,0,0,0,0,0,0,0,0,0,0,0,0,0,1,0,0,5
72.1,0,24.1,150.5,68.3,82.9,253.4,1,3.5,6.9,11.1,7.2,97.7,1,0,1,1,0,0,0,0,0,0,0,0,0,0,0,0,0,0,0,0,0,5
66.3,1,28.2,146.3,73.8,86.6,251.4,1,3.9,7.0,2.5,5.5,80.9,4,0,1,1,0,0,0,0,0,0,0,0,0,0,0,0,0,0,1,0,0,5
68.4,1,23.7,131.6,82.3,82.5,261.1,1,3.7,7.9,2.6,6.4,84.1,2,0,1,0,0,0,0,0,0,0,0,0,0,0,0,0,0,0,1,0,0,5
60.2,0,22.0,152.0,79.5,94.1,278.6,1,5.5,7.1,2.6,7.5,100.3,2,0,1,1,0,0,0,0,0,0,0,0,0,0,0,0,0,0,1,1,0,5
48.1,0,26.1,133.9,87.0,96.2,217.7,1,5.2,6.9,2.5,9.3,82.4,1,0,1,1,0,0,0,0,0,0,0,0,0,0,0,0,0,0,1,0,0,5
52.0,1,21.4,120.0,72.9,90.0,215.0,1,4.5,8.3,1.3,4.6,97.9,2,0,0,1,0,0,0,0,0,0,0,0,0,0,0,0,0,0,0,0,0,5
55.9,0,26.6,120.0,72.4,92.7,268.4,1,3.8,6.9,0.6,6.8,79.0,2,0,1,1,0,0,0,0,0,0,0,0,0,0,0,0,0,0,0,1,0,5
49.4,1,25.4,166.8,75.9,84.0,282.5,1,6.4,7.5,0.7,4.0,66.9,2,0,0,1,0,0,0,0,0,0,0,0,0,0,0,0,0,0,0,0,0,5
54.4,0,24.3,155.1,68.7,82.4,260.0,1,4.1,8.1,7.0,6.3,100.5,3,0,1,1,0,0,0,0,0,0,0,0,0,0,0,0,0,0,1,0,0,5
52.3,1,28.7,192.6,73.9,89.1,232.9,1,2.7,7.6,0.2,6.6,76.7,4,0,1,1,0,0,0,0,0,0,0,0,0,0,0,0,0,0,1,0,0,5
76.5,1,21.2,133.2,72.0,83.2,280.4,1,3.1,6.5,2.2,7.8,83.2,1,0,0,1,0,0,0,0,0,0,0,0,0,0,0,0,0,0,1,1,0,5
44.5,1,27.0,165.9,77.8,80.4,271.6,1,2.3,8.7,1.3,9.1,84.3,2,0,1,0,0,0,0,0,0,0,0,0,0,0,0,0,0,0,0,0,0,5
71.9,1,24.1,147.0,79.7,90.0,283.6,1,3.9,5.9,0.5,9.4,70.2,2,0,0,0,0,0,0,0,0,0,0,0,0,0,0,0,0,0,1,0,0,5
51.9,1,19.4,145.8,67.1,93.4,314.6,1,3.7,7.0,7.9,6.2,99.9,4,0,1,1,0,0,0,0,0,0,0,0,0,0,0,0,0,0,1,0,0,5
74.4,1,23.4,120.0,78.7,95.3,245.4,1,4.7,5.8,5.7,6.4,82.2,1,0,1,1,0,0,0,0,0,0,0,0,0,0,0,0,0,0,1,1,0,5
57.4,0,22.4,148.5,72.5,90.7,228.3,1,4.6,8.0,0.3,6.7,103.7,2,0,1,1,0,0,0,0,0,0,0,0,0,0,0,0,0,0,1,1,0,5
62.2,0,29.7,148.5,76.1,94.9,226.5,1,5.3,8.1,0.5,6.5,83.0,1,0,1,1,0,0,0,0,0,0,0,0,0,0,0,0,0,0,1,1,0,5
53.7,0,22.8,137.6,87.6,94.5,224.8,1,2.2,7.7,2.8,4.8,86.8,4,0,0,1,0,0,0,0,0,0,0,0,0,0,0,0,0,0,1,0,0,5
62.5,1,22.2,132.6,74.7,91.2,246.9,1,3.6,7.1,9.6,6.3,80.5,2,0,1,0,0,0,0,0,0,0,0,0,0,0,0,0,0,0,1,1,0,5
57.4,1,23.2,144.9,76.9,90.8,300.8,1,2.8,7.5,9.7,5.7,100.7,3,0,1,1,0,0,0,0,0,0,0,0,0,0,0,0,0,0,1,1,0,5
48.2,1,20.1,146.6,73.8,92.3,259.8,1,5.4,8.4,0.7,6.1,74.0,3,0,1,0,0,0,0,0,0,0,0,0,0,0,0,0,0,0,1,1,0,5
54.5,1,27.0,170.0,78.4,78.0,231.6,1,3.7,6.9,5.9,7.9,87.5,2,0,1,1,0,0,0,0,0,0,0,0,0,0,0,0,0,0,1,1,0,5
58.0,0,26.9,140.0,79.1,103.2,256.0,0,3.3,7.5,1.2,6.6,101.0,1,0,1,0,0,0,0,0,0,0,0,0,0,0,0,0,0,0,1,0,0,5
67.6,0,23.6,146.0,68.7,86.8,322.1,0,3.2,6.6,0.5,5.7,64.0,1,0,1,1,0,0,0,0,0,0,0,0,0,0,0,0,0,0,0,0,0,5
62.4,1,21.3,152.6,62.3,87.7,243.0,1,1.5,7.2,0.0,7.1,79.7,2,0,1,1,0,0,0,0,0,0,0,0,0,0,0,0,0,0,1,1,0,5
67.1,1,17.3,166.1,73.7,102.3,267.3,1,4.9,9.5,4.9,6.1,83.0,1,0,0,1,0,0,0,0,0,0,0,0,0,0,0,0,0,0,1,1,0,5
52.6,1,20.9,163.4,79.1,106.6,330.7,1,2.4,7.2,4.2,7.3,79.3,2,0,1,0,0,0,0,0,0,0,0,0,0,0,0,0,0,0,1,0,0,5
65.4,1,24.2,165.0,81.0,81.0,305.2,0,6.2,6.3,0.3,6.2,96.3,2,0,1,0,0,0,0,0,0,0,0,0,0,0,0,0,0,0,1,0,0,5
84.0,1,21.0,136.1,66.1,97.2,313.4,1,4.6,6.8,2.6,8.5,88.2,1,0,1,1,0,0,0,0,0,0,0,0,0,0,0,0,0,0,1,1,0,5
50.8,0,26.2,129.1,72.5,100.3,259.0,0,3.7,6.8,0.1,5.2,80.2,2,0,1,1,0,0,0,0,0,0,0,0,0,0,0,0,0,0,1,1,0,5
64.3,0,24.3,130.2,84.7,77.1,293.4,1,3.3,7.9,0.5,4.8,79.3,2,0,1,0,0,0,0,0,0,0,0,0,0,0,0,0,0,0,1,0,0,5
66.3,1,24.9,134.2,77.3,79.1,250.8,0,3.1,7.7,1.9,5.7,81.4,3,0,1,1,0,0,0,0,0,0,0,0,0,0,0,0,0,0,0,0,0,5
65.9,0,24.0,138.0,74.0,87.6,281.3,0,3.3,7.4,1.8,6.2,94.1,2,0,1,1,0,0,0,0,0,0,0,0,0,0,0,0,0,0,1,1,0,5
60.7,1,19.3,158.8,81.4,83.7,248.0,1,2.4,7.2,2.7,7.3,88.5,1,0,1,1,0,0,0,0,0,0,0,0,0,0,0,0,0,0,0,0,0,5
74.1,1,14.9,122.5,75.5,87.7,215.0,1,3.0,7.3,2.0,11.3,83.6,1,0,1,1,0,0,0,0,0,0,0,0,0,0,0,0,0,0,1,1,0,5
42.3,0,22.8,144.4,75.8,86.2,266.8,1,6.7,8.2,0.7,6.1,103.0,2,0,1,1,0,0,0,0,0,0,0,0,0,0,0,0,0,0,1,1,0,5
47.3,1,21.8,151.4,82.1,88.1,262.1,1,5.3,7.9,1.7,7.6,104.4,1,0,1,1,0,0,0,0,0,0,0,0,0,0,0,0,0,0,0,0,0,5
64.0,1,24.1,136.2,78.6,96.2,302.8,0,3.2,6.1,0.9,6.7,75.2,2,0,1,1,0,0,0,0,0,0,0,0,0,0,0,0,0,0,1,1,0,5
74.3,0,25.1,139.2,80.1,114.1,269.4,1,2.1,7.0,1.0,6.2,66.6,2,0,0,0,0,0,0,0,0,0,0,0,0,0,0,0,0,0,1,0,0,5
39.7,0,21.1,171.4,69.8,87.0,280.7,1,0.8,7.4,2.1,5.8,69.4,1,0,1,1,0,0,0,0,0,0,0,0,0,0,0,0,0,0,1,1,0,5
66.1,0,24.8,161.8,77.9,77.8,225.1,1,3.4,7.4,0.5,5.6,64.0,3,0,1,1,0,0,0,0,0,0,0,0,0,0,0,0,0,0,1,1,0,5
42.7,1,22.9,145.6,76.2,97.0,229.6,1,3.9,8.1,4.3,9.1,99.6,3,0,1,0,0,0,0,0,0,0,0,0,0,0,0,0,0,0,1,0,0,5
54.7,0,20.3,149.5,78.5,91.6,307.0,1,4.1,6.3,0.4,7.0,87.3,2,0,1,1,0,0,0,0,0,0,0,0,0,0,0,0,0,0,1,0,0,5
59.6,0,24.4,165.3,75.5,110.2,262.3,0,4.7,6.8,1.3,7.2,91.1,4,0,1,1,0,0,0,0,0,0,0,0,0,0,0,0,0,0,0,1,0,5
82.6,1,24.0,185.0,75.1,90.1,247.9,1,2.5,7.2,0.0,7.4,69.3,3,0,1,0,0,0,0,0,0,0,0,0,0,0,0,0,0,0,0,1,0,5
49.4,1,22.9,151.8,76.9,91.3,234.5,0,3.6,8.1,2.1,7.0,91.5,4,0,1,1,0,0,0,0,0,0,0,0,0,0,0,0,0,0,1,1,0,5
70.0,1,20.0,140.5,71.2,85.1,320.2,1,5.4,4.4,1.1,6.4,112.6,4,0,1,1,0,0,0,0,0,0,0,0,0,0,0,0,0,0,1,0,0,5
61.1,0,25.0,120.0,74.1,80.0,297.6,1,1.8,8.7,2.7,5.8,77.0,3,0,1,1,0,0,0,0,0,0,0,0,0,0,0,0,0,0,0,0,0,5
60.6,0,20.4,136.2,77.9,105.8,239.2,1,4.6,8.0,1.0,6.3,77.1,3,0,1,0,0,0,0,0,0,0,0,0,0,0,0,0,0,0,1,0,0,5
62.8,0,22.8,143.2,83.0,83.3,241.2,0,2.2,7.8,7.3,9.6,88.4,1,0,1,1,0,0,0,0,0,0,0,0,0,0,0,0,0,0,1,1,0,5
60.9,1,26.6,148.4,68.8,102.8,262.7,1,2.2,6.8,2.3,5.1,67.9,3,0,1,0,0,0,0,0,0,0,0,0,0,0,0,0,0,0,1,0,0,5
60.5,1,21.3,144.9,80.9,100.3,252.1,1,3.4,8.0,0.1,6.4,105.4,1,0,1,1,0,0,0,0,0,0,0,0,0,0,0,0,0,0,1,1,0,5
57.0,1,21.4,149.5,78.8,101.6,226.4,1,4.1,7.7,7.0,6.8,75.1,1,0,1,1,0,0,0,0,0,0,0,0,0,0,0,0,0,0,0,1,0,5
73.8,1,26.7,166.7,69.8,86.1,218.1,1,3.0,6.4,1.1,7.1,85.0,1,0,1,1,0,0,0,0,0,0,0,0,0,0,0,0,0,0,1,0,0,5
42.7,0,28.3,143.0,70.7,82.0,256.4,1,3.9,6.1,1.7,3.8,84.1,2,0,1,1,0,0,0,0,0,0,0,0,0,0,0,0,0,0,1,0,0,5
70.3,1,20.4,138.5,79.5,93.3,285.8,1,4.7,6.7,0.1,7.0,77.9,2,0,1,1,0,0,0,0,0,0,0,0,0,0,0,0,0,0,0,0,0,5
56.9,1,19.8,180.6,72.3,85.4,227.8,0,4.6,6.6,2.0,7.9,82.0,2,0,1,0,0,0,0,0,0,0,0,0,0,0,0,0,0,0,0,0,0,5
38.0,0,25.0,149.8,74.3,83.1,252.8,0,5.9,8.8,0.6,6.7,83.2,3,0,1,1,0,0,0,0,0,0,0,0,0,0,0,0,0,0,0,1,0,5
63.5,1,26.9,141.8,72.6,96.3,298.9,0,1.0,6.9,0.5,7.4,94.2,1,0,1,0,0,0,0,0,0,0,0,0,0,0,0,0,0,0,1,1,0,5
63.4,1,17.5,151.7,75.8,99.3,215.2,0,3.5,7.5,0.9,3.8,90.8,3,0,1,1,0,0,0,0,0,0,0,0,0,0,0,0,0,0,1,0,0,5
46.9,0,18.9,152.5,84.1,100.2,286.3,1,3.7,7.3,1.6,7.9,76.0,2,0,1,0,0,0,0,0,0,0,0,0,0,0,0,0,0,0,1,0,0,5
51.8,1,23.6,125.3,80.8,92.2,231.0,0,1.7,8.2,3.7,7.6,96.1,2,0,1,1,0,0,0,0,0,0,0,0,0,0,0,0,0,0,1,0,0,5
67.5,0,27.8,148.2,80.3,95.9,229.2,1,5.0,7.0,1.3,6.7,64.4,1,0,1,1,0,0,0,0,0,0,0,0,0,0,0,0,0,0,1,0,0,5
66.7,0,18.5,154.9,82.3,95.5,274.1,0,3.6,6.8,3.7,6.9,103.7,1,0,1,1,0,0,0,0,0,0,0,0,0,0,0,0,0,0,1,0,0,5
51.7,1,20.9,137.1,75.7,97.6,306.4,1,4.9,7.7,7.5,8.3,109.2,4,0,1,1,0,0,0,0,0,0,0,0,0,0,0,0,0,0,1,1,0,5
72.7,1,24.6,154.4,78.0,81.7,267.1,1,6.6,7.0,1.4,9.3,85.1,4,0,1,0,0,0,0,0,0,0,0,0,0,0,0,0,0,0,0,1,0,5
72.3,1,25.4,146.3,74.1,74.4,263.8,0,5.0,6.6,0.1,8.6,81.4,2,0,1,1,0,0,0,0,0,0,0,0,0,0,0,0,0,0,0,1,0,5
63.2,1,20.6,163.7,74.2,94.0,232.4,1,3.8,7.9,4.1,6.2,85.5,2,0,1,0,0,0,0,0,0,0,0,0,0,0,0,0,0,0,0,0,0,5
66.7,1,21.2,153.7,78.5,90.6,233.7,1,2.1,6.7,1.3,10.0,88.3,2,0,1,0,0,0,0,0,0,0,0,0,0,0,0,0,0,0,0,0,0,5
60.8,0,24.2,172.2,80.1,103.2,251.9,1,6.4,7.3,0.7,5.4,80.2,2,0,1,0,0,0,0,0,0,0,0,0,0,0,0,0,0,0,1,0,0,5
62.5,0,25.1,132.2,68.5,86.4,242.8,0,4.3,7.9,0.1,3.4,96.8,2,0,1,1,0,0,0,0,0,0,0,0,0,0,0,0,0,0,1,0,0,5
60.9,0,21.6,152.1,84.6,81.7,233.2,1,2.9,6.7,3.3,5.4,79.1,3,0,1,1,0,0,0,0,0,0,0,0,0,0,0,0,0,0,1,1,0,5
73.2,0,19.9,145.3,74.1,98.0,296.8,0,6.9,7.2,3.1,6.3,79.0,3,0,1,1,0,0,0,0,0,0,0,0,0,0,0,0,0,0,1,0,0,5
48.9,0,20.3,173.2,71.9,89.9,301.8,1,4.8,6.3,2.0,9.2,64.0,1,0,1,1,0,0,0,0,0,0,0,0,0,0,0,0,0,0,0,0,0,5
60.9,0,22.8,147.6,79.5,89.1,241.1,0,0.9,6.8,0.6,7.8,67.7,2,0,1,1,0,0,0,0,0,0,0,0,0,0,0,0,0,0,1,1,0,5
62.9,1,22.4,152.8,71.1,109.5,224.5,0,6.1,6.9,3.9,8.5,83.9,2,0,1,1,0,0,0,0,0,0,0,0,0,0,0,0,0,0,0,0,0,5
60.3,0,26.1,127.4,75.5,82.8,245.2,1,3.8,6.2,0.1,9.2,92.0,3,0,1,1,0,0,0,0,0,0,0,0,0,0,0,0,0,0,1,1,0,5
53.1,0,25.8,141.3,73.2,103.7,243.2,0,4.6,7.0,1.0,4.9,64.0,2,0,1,1,0,0,0,0,0,0,0,0,0,0,0,0,0,0,1,0,0,5
58.6,1,25.0,156.5,76.5,88.9,274.9,1,5.9,7.7,6.4,6.8,91.8,2,0,1,1,0,0,0,0,0,0,0,0,0,0,0,0,0,0,0,1,0,5
51.9,1,27.6,121.0,79.7,93.3,284.3,1,6.0,6.3,4.9,7.4,82.1,4,0,1,0,0,0,0,0,0,0,0,0,0,0,0,0,0,0,0,0,0,5
69.6,0,23.9,134.4,70.9,85.1,246.6,1,3.7,6.4,0.4,7.6,97.2,1,0,1,1,0,0,0,0,0,0,0,0,0,0,0,0,0,0,1,1,0,5
48.4,0,21.6,153.5,81.5,74.0,246.8,1,3.1,6.3,1.6,7.3,85.8,2,0,1,1,0,0,0,0,0,0,0,0,0,0,0,0,0,0,1,0,0,5
47.1,0,23.3,171.1,73.0,89.1,218.1,1,7.7,7.1,0.1,7.9,74.5,1,0,1,0,0,0,0,0,0,0,0,0,0,0,0,0,0,0,0,1,0,5
43.4,0,21.7,135.9,78.1,92.9,258.1,0,2.6,7.9,0.9,8.3,91.2,2,0,0,1,0,0,0,0,0,0,0,0,0,0,0,0,0,0,1,0,0,5
73.1,1,25.5,164.9,77.3,87.4,261.4,1,2.6,6.9,1.7,4.3,72.6,3,0,1,1,0,0,0,0,0,0,0,0,0,0,0,0,0,0,0,0,0,5
65.7,0,24.4,165.0,87.9,92.0,228.0,1,5.9,6.9,0.7,8.2,78.7,1,0,1,1,0,0,0,0,0,0,0,0,0,0,0,0,0,0,1,0,0,5
55.7,0,25.9,145.8,75.7,75.7,253.8,1,3.0,7.3,0.9,9.3,86.0,3,0,1,1,0,0,0,0,0,0,0,0,0,0,0,0,0,0,1,1,0,5
64.8,0,22.8,174.3,79.9,79.2,276.0,0,2.2,7.3,0.9,7.6,94.4,2,0,1,1,0,0,0,0,0,0,0,0,0,0,0,0,0,0,0,0,0,5
38.0,0,24.4,146.8,77.1,91.2,277.6,0,3.4,7.4,11.4,5.4,88.3,2,0,0,0,0,0,0,0,0,0,0,0,0,0,0,0,0,0,0,1,0,5
55.3,0,22.2,163.0,89.5,93.3,215.0,1,2.7,6.5,0.8,7.9,90.5,2,0,1,0,0,0,0,0,0,0,0,0,0,0,0,0,0,0,1,0,0,5
71.9,0,26.6,120.0,74.9,104.2,269.3,1,4.8,8.2,2.3,5.0,94.9,1,0,1,1,0,0,0,0,0,0,0,0,0,0,0,0,0,0,1,0,0,5
62.4,1,27.4,143.0,75.5,83.5,304.6,0,6.8,6.4,2.6,4.8,94.0,4,0,1,1,0,0,0,0,0,0,0,0,0,0,0,0,0,0,0,1,0,5
65.5,1,23.6,139.1,79.6,86.1,302.5,1,3.2,6.1,0.4,8.1,64.4,4,0,0,1,0,0,0,0,0,0,0,0,0,0,0,0,0,0,1,1,0,5
69.2,0,25.0,124.4,64.9,95.7,275.3,1,3.6,7.4,0.9,5.7,83.5,2,0,1,1,0,0,0,0,0,0,0,0,0,0,0,0,0,0,1,1,0,5
56.8,1,21.4,143.0,77.2,93.0,247.9,1,4.2,8.6,1.6,6.9,87.8,1,0,1,1,0,0,0,0,0,0,0,0,0,0,0,0,0,0,0,1,0,5
52.6,1,23.2,155.1,84.7,81.0,331.5,1,2.5,6.8,2.8,7.9,95.5,4,0,1,0,0,0,0,0,0,0,0,0,0,0,0,0,0,0,1,0,0,5
66.3,1,25.6,154.6,72.8,88.4,269.6,1,4.1,9.0,0.1,7.6,71.9,1,0,1,1,0,0,0,0,0,0,0,0,0,0,0,0,0,0,0,1,0,5
61.6,0,22.1,164.4,72.5,83.7,227.1,1,3.7,8.3,3.9,8.2,96.3,4,0,1,1,0,0,0,0,0,0,0,0,0,0,0,0,0,0,0,0,0,5
61.8,0,23.0,170.9,82.3,81.8,261.2,1,3.6,7.4,2.1,8.1,74.4,2,0,1,1,0,0,0,0,0,0,0,0,0,0,0,0,0,0,1,0,0,5
51.0,1,26.2,136.4,85.8,87.9,262.9,1,3.6,8.8,0.9,6.0,83.0,2,0,1,0,0,0,0,0,0,0,0,0,0,0,0,0,0,0,0,0,0,5
72.1,0,21.3,129.2,73.0,83.2,247.4,1,2.7,7.8,0.9,5.8,91.4,2,0,1,1,0,0,0,0,0,0,0,0,0,0,0,0,0,0,1,0,0,5
63.0,1,26.2,177.8,73.9,97.1,274.6,0,5.5,7.2,1.7,7.3,84.4,1,0,1,0,0,0,0,0,0,0,0,0,0,0,0,0,0,0,0,0,0,5
51.4,0,22.2,149.3,77.1,76.6,266.0,0,3.9,6.6,0.1,7.2,94.4,2,0,1,1,0,0,0,0,0,0,0,0,0,0,0,0,0,0,0,0,0,5
56.9,1,24.1,146.3,71.8,84.9,215.0,0,5.3,5.4,2.3,8.2,65.4,3,0,1,0,0,0,0,0,0,0,0,0,0,0,0,0,0,0,1,1,0,5
53.8,0,24.6,171.4,76.7,86.2,278.4,0,4.0,6.9,0.3,9.6,98.5,1,0,1,0,0,0,0,0,0,0,0,0,0,0,0,0,0,0,0,1,0,5
52.9,1,28.4,149.9,71.3,94.7,237.7,1,5.0,8.8,2.6,6.7,76.2,1,0,1,1,0,0,0,0,0,0,0,0,0,0,0,0,0,0,1,1,0,5
67.6,0,22.8,134.4,82.8,81.9,261.2,1,1.9,8.1,0.5,6.9,84.5,2,0,1,0,0,0,0,0,0,0,0,0,0,0,0,0,0,0,1,0,0,5
54.7,1,26.0,127.5,72.1,78.3,308.0,1,-0.6,6.1,1.9,9.3,94.6,1,0,1,0,0,0,0,0,0,0,0,0,0,0,0,0,0,0,1,1,0,5
70.3,1,25.6,141.4,71.1,95.6,267.8,1,5.3,6.8,0.4,6.7,83.9,3,0,1,1,0,0,0,0,0,0,0,0,0,0,0,0,0,0,0,0,0,5
59.2,0,22.0,159.2,75.0,103.6,259.6,1,2.7,7.3,1.2,5.7,70.7,1,0,1,1,0,0,0,0,0,0,0,0,0,0,0,0,0,0,0,0,0,5
69.3,1,22.5,132.2,74.8,82.1,251.1,1,3.2,7.3,0.8,7.9,99.3,4,0,1,0,0,0,0,0,0,0,0,0,0,0,0,0,0,0,1,0,0,5
67.7,1,19.7,149.9,75.4,93.1,244.4,0,4.4,6.0,5.6,6.4,89.4,3,0,1,1,0,0,0,0,0,0,0,0,0,0,0,0,0,0,0,1,0,5
41.8,0,25.3,147.6,82.0,107.5,275.8,0,4.0,5.3,3.7,6.7,83.8,1,0,1,1,0,0,0,0,0,0,0,0,0,0,0,0,0,0,1,0,0,5
49.1,0,22.1,142.9,65.9,89.9,284.5,0,4.2,7.6,3.3,6.5,81.6,2,0,1,0,0,0,0,0,0,0,0,0,0,0,0,0,0,0,1,1,0,5
64.9,1,26.8,155.0,72.8,91.3,266.5,1,3.4,8.8,3.5,8.3,77.6,2,0,1,1,0,0,0,0,0,0,0,0,0,0,0,0,0,0,0,0,0,5
49.0,1,22.1,127.0,79.8,98.2,215.0,1,3.2,7.5,2.9,6.9,81.0,2,0,0,1,0,0,0,0,0,0,0,0,0,0,0,0,0,0,1,0,0,5
61.4,0,20.0,153.6,76.1,95.4,228.9,0,2.0,8.0,0.4,7.0,77.8,2,0,1,1,0,0,0,0,0,0,0,0,0,0,0,0,0,0,0,1,0,5
58.8,0,21.4,139.1,75.0,90.1,215.0,1,3.0,7.7,4.5,8.2,88.2,2,0,1,0,0,0,0,0,0,0,0,0,0,0,0,0,0,0,0,0,0,5
70.2,0,22.1,172.4,73.2,95.6,264.4,1,2.4,7.9,9.1,6.4,100.8,2,0,1,0,0,0,0,0,0,0,0,0,0,0,0,0,0,0,1,0,0,5
60.5,0,21.3,149.9,82.1,94.3,274.3,1,0.4,5.6,1.1,7.6,81.2,2,0,0,1,0,0,0,0,0,0,0,0,0,0,0,0,0,0,1,1,0,5
61.7,0,20.1,136.5,73.9,93.5,269.9,1,3.1,6.0,1.9,8.2,81.8,2,0,0,1,0,0,0,0,0,0,0,0,0,0,0,0,0,0,0,1,0,5
63.8,1,24.1,143.0,76.0,86.6,278.1,1,4.4,5.5,0.5,9.0,76.3,1,0,1,1,0,0,0,0,0,0,0,0,0,0,0,0,0,0,0,0,0,5
60.0,1,19.6,125.7,71.3,80.2,260.6,0,2.9,7.0,1.2,6.0,71.5,1,0,0,1,0,0,0,0,0,0,0,0,0,0,0,0,0,0,0,0,0,5
58.4,1,19.2,139.7,67.5,89.7,215.0,0,2.6,8.2,1.4,7.1,94.0,2,0,1,1,0,0,0,0,0,0,0,0,0,0,0,0,0,0,1,1,0,5
59.3,0,20.5,127.9,79.0,111.5,265.3,1,5.5,7.2,0.1,5.2,81.8,2,0,1,1,0,0,0,0,0,0,0,0,0,0,0,0,0,0,1,1,0,5
60.3,1,27.8,145.9,74.8,87.9,248.2,1,3.1,7.9,0.0,5.3,83.6,4,0,1,1,0,0,0,0,0,0,0,0,0,0,0,0,0,0,0,0,0,5
68.1,1,27.2,141.8,76.2,86.0,294.3,0,1.6,7.0,0.4,9.8,96.7,1,0,1,1,0,0,0,0,0,0,0,0,0,0,0,0,0,0,1,1,0,5
58.6,1,27.0,120.0,80.3,80.7,278.8,1,3.9,9.1,4.3,7.0,68.7,1,0,1,1,0,0,0,0,0,0,0,0,0,0,0,0,0,0,0,0,0,5
62.7,1,23.4,132.2,80.4,87.0,256.9,1,1.6,7.7,0.1,7.4,84.2,3,0,1,0,0,0,0,0,0,0,0,0,0,0,0,0,0,0,1,0,0,5
56.1,1,21.8,138.0,81.3,80.7,275.6,1,2.3,8.2,3.1,8.6,87.2,2,0,1,1,0,0,0,0,0,0,0,0,0,0,0,0,0,0,1,0,0,5
70.8,0,23.8,163.7,70.0,96.7,268.4,1,6.8,7.3,1.2,8.8,81.1,4,0,1,1,0,0,0,0,0,0,0,0,0,0,0,0,0,0,1,0,0,5
59.3,1,20.4,130.9,71.8,103.5,330.6,1,3.1,6.9,3.0,8.1,90.6,2,0,1,1,0,0,0,0,0,0,0,0,0,0,0,0,0,0,1,1,0,5
57.4,0,25.1,195.0,83.7,95.9,242.6,1,4.6,7.7,1.7,6.2,81.2,2,0,1,1,0,0,0,0,0,0,0,0,0,0,0,0,0,0,1,1,0,5
57.1,1,24.7,129.2,78.0,79.9,255.1,0,3.5,7.3,1.5,6.2,93.2,1,0,1,0,0,0,0,0,0,0,0,0,0,0,0,0,0,0,1,0,0,5
70.5,0,22.9,143.9,80.6,90.7,285.9,1,2.1,7.7,1.8,6.9,106.0,3,0,1,1,0,0,0,0,0,0,0,0,0,0,0,0,0,0,1,1,0,5
69.6,0,25.1,137.3,83.5,90.7,288.4,0,4.3,8.1,5.6,7.6,87.0,2,0,1,1,0,0,0,0,0,0,0,0,0,0,0,0,0,0,1,1,0,5
47.9,1,29.5,163.3,80.4,82.7,244.7,1,2.7,7.8,0.7,7.9,77.3,4,0,1,1,0,0,0,0,0,0,0,0,0,0,0,0,0,0,1,1,0,5
65.4,1,24.3,148.1,83.0,86.8,236.7,1,4.7,8.5,3.5,7.6,65.0,3,0,1,0,0,0,0,0,0,0,0,0,0,0,0,0,0,0,0,1,0,5
57.3,0,24.1,149.7,70.2,93.1,228.6,0,4.5,7.0,4.1,8.5,73.7,2,0,1,1,0,0,0,0,0,0,0,0,0,0,0,0,0,0,1,0,0,5
66.7,0,21.0,162.0,76.6,93.7,296.0,1,4.7,8.5,2.4,9.3,97.7,1,0,1,1,0,0,0,0,0,0,0,0,0,0,0,0,0,0,1,0,0,5
68.4,1,19.7,146.6,69.9,88.8,215.0,0,3.7,7.7,4.8,7.9,80.9,3,0,1,1,0,0,0,0,0,0,0,0,0,0,0,0,0,0,1,0,0,5
65.1,1,20.9,151.3,78.9,80.7,282.0,0,3.5,7.2,1.9,6.8,87.1,2,0,1,1,0,0,0,0,0,0,0,0,0,0,0,0,0,0,1,0,0,5
71.1,1,25.2,145.0,75.7,92.1,292.2,0,3.7,5.9,4.1,5.4,66.7,1,0,1,1,0,0,0,0,0,0,0,0,0,0,0,0,0,0,1,0,0,5
40.7,0,25.8,163.6,77.0,72.2,273.2,1,4.9,7.6,2.0,7.6,88.1,3,0,1,1,0,0,0,0,0,0,0,0,0,0,0,0,0,0,1,1,0,5
59.0,0,21.9,161.8,79.3,81.5,230.2,0,4.1,8.7,1.8,6.9,97.4,2,0,1,1,0,0,0,0,0,0,0,0,0,0,0,0,0,0,1,0,0,5
58.3,0,27.9,154.2,74.6,84.4,230.0,0,5.0,8.4,1.2,7.2,129.7,4,0,1,1,0,0,0,0,0,0,0,0,0,0,0,0,0,0,1,0,0,5
61.3,1,22.7,153.1,72.7,86.9,303.0,1,2.9,6.6,6.6,6.3,109.2,1,0,1,1,0,0,0,0,0,0,0,0,0,0,0,0,0,0,0,0,0,5
60.4,1,23.9,151.4,74.8,92.9,305.8,0,0.4,8.3,4.9,6.1,101.8,3,0,1,1,0,0,0,0,0,0,0,0,0,0,0,0,0,0,1,1,0,5
55.4,0,20.2,140.2,81.2,80.9,359.2,1,4.0,5.7,2.7,6.2,90.7,2,0,1,1,0,0,0,0,0,0,0,0,0,0,0,0,0,0,1,1,0,5
51.4,1,21.8,141.2,79.2,94.1,241.9,1,5.9,8.8,5.1,7.1,90.1,2,0,1,0,0,0,0,0,0,0,0,0,0,0,0,0,0,0,0,1,0,5
49.1,0,20.8,120.7,73.3,77.9,250.1,1,4.1,6.8,3.1,5.2,93.6,2,0,0,1,0,0,0,0,0,0,0,0,0,0,0,0,0,0,1,1,0,5
61.4,0,21.5,129.8,72.1,82.2,249.2,1,2.9,8.4,7.2,6.1,64.0,3,0,1,1,0,0,0,0,0,0,0,0,0,0,0,0,0,0,1,1,0,5
42.0,0,15.7,142.4,81.2,71.9,290.2,1,2.0,7.7,5.2,9.1,90.9,2,0,0,1,0,0,0,0,0,0,0,0,0,0,0,0,0,0,1,0,0,5
59.1,0,25.6,120.0,74.6,82.3,246.7,1,5.0,7.1,2.9,4.8,83.3,3,0,1,0,0,0,0,0,0,0,0,0,0,0,0,0,0,0,0,1,0,5
59.0,1,24.2,120.0,79.5,92.5,221.5,0,3.7,5.7,0.2,6.1,96.7,2,0,1,1,0,0,0,0,0,0,0,0,0,0,0,0,0,0,0,0,0,5
74.0,1,24.4,142.1,67.7,84.0,303.1,1,4.8,7.6,4.2,7.6,81.0,2,0,1,1,0,0,0,0,0,0,0,0,0,0,0,0,0,0,1,0,0,5
64.6,0,26.5,163.4,77.3,99.2,256.6,1,3.2,6.7,1.9,8.0,69.5,4,0,1,1,0,0,0,0,0,0,0,0,0,0,0,0,0,0,1,0,0,5
58.5,0,22.2,125.0,80.7,86.4,279.9,0,2.3,7.8,4.7,5.8,86.0,4,0,1,1,0,0,0,0,0,0,0,0,0,0,0,0,0,0,1,0,0,5
52.2,1,26.4,132.7,74.6,89.2,238.4,0,4.3,5.6,1.3,6.8,64.0,4,0,1,1,0,0,0,0,0,0,0,0,0,0,0,0,0,0,1,0,0,5
55.4,0,24.6,140.4,80.4,94.5,252.8,1,4.6,7.5,3.4,6.0,86.4,4,0,1,0,0,0,0,0,0,0,0,0,0,0,0,0,0,0,0,1,0,5
64.5,0,27.1,163.4,73.2,87.0,292.7,1,2.8,8.6,0.0,6.7,118.8,1,0,1,1,0,0,0,0,0,0,0,0,0,0,0,0,0,0,0,1,0,5
43.7,1,24.2,155.0,74.2,92.2,257.6,1,2.0,7.3,1.9,6.8,107.5,2,0,1,1,0,0,0,0,0,0,0,0,0,0,0,0,0,0,1,0,0,5
68.9,0,22.0,134.7,67.3,84.5,215.0,1,4.2,7.7,0.3,4.0,74.8,3,0,1,1,0,0,0,0,0,0,0,0,0,0,0,0,0,0,1,1,0,5
67.1,1,20.3,176.0,75.5,91.1,259.9,1,1.9,6.1,2.1,5.5,64.0,4,0,1,1,0,0,0,0,0,0,0,0,0,0,0,0,0,0,1,0,0,5
48.5,0,24.1,135.2,73.3,86.9,296.9,0,3.6,6.3,2.6,4.9,73.7,4,0,1,1,0,0,0,0,0,0,0,0,0,0,0,0,0,0,0,1,0,5
46.2,0,23.7,147.5,77.9,92.2,246.1,0,1.6,7.8,0.1,7.0,72.4,2,0,1,1,0,0,0,0,0,0,0,0,0,0,0,0,0,0,0,1,0,5
64.6,1,19.6,163.0,79.2,94.2,229.6,1,5.1,6.6,0.4,9.1,80.3,3,0,1,0,0,0,0,0,0,0,0,0,0,0,0,0,0,0,1,0,0,5
54.7,1,24.8,142.0,70.0,93.3,259.0,0,1.6,7.5,2.0,5.6,93.6,2,0,1,0,0,0,0,0,0,0,0,0,0,0,0,0,0,0,0,1,0,5
71.7,0,23.3,138.2,84.7,75.0,273.2,0,2.3,6.0,1.4,6.0,85.9,3,0,1,1,0,0,0,0,0,0,0,0,0,0,0,0,0,0,0,0,0,5
69.1,1,22.0,120.0,77.3,82.5,264.4,0,3.9,7.0,0.8,6.6,87.5,2,0,1,1,0,0,0,0,0,0,0,0,0,0,0,0,0,0,1,0,0,5
66.0,0,22.3,120.0,74.0,93.4,250.5,0,4.7,6.7,4.4,7.0,89.1,3,0,1,1,0,0,0,0,0,0,0,0,0,0,0,0,0,0,0,1,0,5
64.6,0,20.2,152.6,74.7,90.4,353.3,0,3.2,7.4,0.3,5.1,72.8,3,0,1,1,0,0,0,0,0,0,0,0,0,0,0,0,0,0,0,0,0,5
55.5,0,23.3,124.6,80.5,87.1,243.0,1,3.6,7.7,0.9,5.3,76.7,2,0,1,1,0,0,0,0,0,0,0,0,0,0,0,0,0,0,0,1,0,5
66.1,0,25.3,157.1,67.5,100.7,270.5,1,3.1,7.0,3.3,9.9,104.1,3,0,0,1,0,0,0,0,0,0,0,0,0,0,0,0,0,0,1,1,0,5
56.9,1,23.1,143.6,73.5,102.2,261.9,0,1.0,8.5,1.7,6.5,64.0,1,0,1,1,0,0,0,0,0,0,0,0,0,0,0,0,0,0,1,1,0,5
51.5,1,31.9,129.8,67.9,83.9,217.8,0,4.5,6.6,0.2,6.6,77.9,1,0,1,1,0,0,0,0,0,0,0,0,0,0,0,0,0,0,0,1,0,5
58.4,1,19.0,137.7,67.2,93.0,320.0,0,2.2,7.1,2.6,6.6,90.3,3,0,1,0,0,0,0,0,0,0,0,0,0,0,0,0,0,0,1,0,0,5
67.3,1,25.2,143.1,83.0,61.0,217.0,0,3.6,8.0,0.5,5.9,74.1,4,0,1,1,0,0,0,0,0,0,0,0,0,0,0,0,0,0,1,1,0,5
57.7,0,18.5,130.0,81.8,102.1,296.7,1,3.4,6.7,2.4,4.4,75.9,1,0,1,1,0,0,0,0,0,0,0,0,0,0,0,0,0,0,0,1,0,5
67.4,0,23.6,149.2,77.4,91.0,303.5,1,5.1,6.4,2.2,5.6,72.2,1,0,1,1,0,0,0,0,0,0,0,0,0,0,0,0,0,0,1,0,0,5
59.9,0,22.6,166.9,79.6,92.0,263.4,0,3.0,6.6,6.6,8.8,97.3,2,0,1,1,0,0,0,0,0,0,0,0,0,0,0,0,0,0,1,1,0,5
42.2,0,21.8,120.0,82.1,87.3,280.6,0,6.0,6.9,3.7,8.7,96.7,2,0,0,1,0,0,0,0,0,0,0,0,0,0,0,0,0,0,1,0,0,5
65.6,0,24.2,138.5,79.9,92.1,239.1,0,6.4,7.4,1.5,8.1,95.9,4,0,1,1,0,0,0,0,0,0,0,0,0,0,0,0,0,0,1,0,0,5
58.5,1,24.6,156.7,86.0,93.2,237.1,1,5.3,5.6,2.8,4.4,85.8,1,0,1,0,0,0,0,0,0,0,0,0,0,0,0,0,0,0,1,0,0,5
63.4,0,24.2,122.3,81.3,109.3,251.0,1,5.1,9.7,2.7,8.8,98.1,2,0,1,0,0,0,0,0,0,0,0,0,0,0,0,0,0,0,1,0,0,5
54.0,1,24.1,142.2,81.0,93.1,265.4,1,4.0,7.7,0.3,5.4,80.3,2,0,1,1,0,0,0,0,0,0,0,0,0,0,0,0,0,0,1,1,0,5
40.6,1,21.9,152.0,73.6,88.9,257.6,1,3.8,8.7,0.8,6.3,96.2,3,0,1,0,0,0,0,0,0,0,0,0,0,0,0,0,0,0,0,0,0,5
77.0,1,27.4,141.4,75.8,85.5,296.9,1,4.1,7.9,0.1,2.1,64.3,2,0,1,1,0,0,0,0,0,0,0,0,0,0,0,0,0,0,0,1,0,5
63.9,0,19.4,120.0,77.3,82.3,215.0,1,3.9,7.2,1.9,6.5,69.5,3,0,1,1,0,0,0,0,0,0,0,0,0,0,0,0,0,0,1,1,0,5
63.9,0,24.6,132.9,75.7,92.7,250.3,1,6.5,7.0,0.6,7.3,64.0,1,0,1,1,0,0,0,0,0,0,0,0,0,0,0,0,0,0,1,1,0,5
54.6,0,24.0,150.6,72.5,88.0,276.7,1,4.3,7.1,4.7,8.4,64.0,1,0,1,1,0,0,0,0,0,0,0,0,0,0,0,0,0,0,1,1,0,5
51.5,0,22.3,136.4,83.6,84.1,267.6,1,5.4,7.2,0.5,8.3,106.8,2,0,1,1,0,0,0,0,0,0,0,0,0,0,0,0,0,0,0,0,0,5
50.7,0,23.2,156.5,74.6,88.7,234.1,1,0.5,6.5,2.4,6.2,91.8,4,0,1,1,0,0,0,0,0,0,0,0,0,0,0,0,0,0,0,0,0,5
56.6,1,25.7,146.4,80.1,85.0,287.9,1,4.5,8.3,2.0,7.7,97.6,2,0,1,1,0,0,0,0,0,0,0,0,0,0,0,0,0,0,1,0,0,5
55.6,0,24.8,143.0,76.3,100.8,267.7,0,0.8,6.9,1.8,7.8,97.7,3,0,1,0,0,0,0,0,0,0,0,0,0,0,0,0,0,0,1,0,0,5
54.3,0,21.2,148.4,84.1,85.1,223.1,1,1.7,7.8,3.6,8.3,94.6,2,0,1,0,0,0,0,0,0,0,0,0,0,0,0,0,0,0,1,1,0,5
42.7,0,19.5,143.2,73.0,87.1,285.9,0,3.6,8.6,6.1,9.8,89.4,2,0,1,1,0,0,0,0,0,0,0,0,0,0,0,0,0,0,1,1,0,5
62.7,0,28.3,126.6,80.0,99.1,339.5,1,2.8,8.2,3.5,6.2,64.0,1,0,1,1,0,0,0,0,0,0,0,0,0,0,0,0,0,0,1,1,0,5
46.3,0,27.4,123.3,71.9,87.9,224.1,0,3.8,7.3,0.7,7.1,97.4,1,0,1,1,0,0,0,0,0,0,0,0,0,0,0,0,0,0,1,1,0,5
70.2,0,28.0,166.6,79.2,85.3,260.9,1,3.1,7.7,5.2,7.2,97.0,2,0,1,1,0,0,0,0,0,0,0,0,0,0,0,0,0,0,0,0,0,5
65.4,0,20.5,139.5,88.0,90.1,272.7,1,4.4,5.3,2.3,7.8,94.1,1,0,1,1,0,0,0,0,0,0,0,0,0,0,0,0,0,0,0,0,0,5
65.2,1,23.9,147.5,70.5,78.5,282.2,0,2.0,7.4,0.2,8.5,76.8,4,0,1,1,0,0,0,0,0,0,0,0,0,0,0,0,0,0,1,0,0,5
52.8,1,21.6,147.6,76.4,100.6,321.1,1,4.3,7.2,0.5,5.9,73.8,3,0,1,1,0,0,0,0,0,0,0,0,0,0,0,0,0,0,1,1,0,5
45.5,1,24.7,169.5,85.9,94.0,269.7,1,3.9,7.2,8.5,5.4,90.9,2,0,1,1,0,0,0,0,0,0,0,0,0,0,0,0,0,0,1,0,0,5
54.2,0,24.7,122.6,80.9,82.6,225.7,1,4.7,6.3,1.7,6.1,79.1,3,0,0,1,0,0,0,0,0,0,0,0,0,0,0,0,0,0,0,1,0,5
52.2,1,23.7,146.4,69.2,93.2,222.8,1,4.0,7.0,3.6,9.2,72.8,3,0,1,1,0,0,0,0,0,0,0,0,0,0,0,0,0,0,0,0,0,5
58.3,0,21.8,151.6,74.7,83.7,221.3,1,4.5,6.1,2.8,5.3,80.0,1,0,1,1,0,0,0,0,0,0,0,0,0,0,0,0,0,0,1,1,0,5
51.9,0,21.8,158.6,75.3,86.3,266.4,0,4.1,5.6,1.3,6.4,90.8,4,0,1,0,0,0,0,0,0,0,0,0,0,0,0,0,0,0,1,0,0,5
77.9,0,25.8,153.2,71.4,100.3,283.2,1,1.1,8.3,2.5,5.1,91.9,2,0,1,1,0,0,0,0,0,0,0,0,0,0,0,0,0,0,1,0,0,5
64.2,1,20.8,181.7,75.8,87.0,235.4,0,1.0,7.9,10.6,6.6,78.1,1,0,1,1,0,0,0,0,0,0,0,0,0,0,0,0,0,0,1,1,0,5
56.1,1,27.7,148.3,74.8,73.2,280.6,1,4.6,7.6,0.2,5.8,94.4,1,0,1,0,0,0,0,0,0,0,0,0,0,0,0,0,0,0,0,0,0,5
44.1,0,24.1,120.8,70.6,83.6,262.0,1,1.6,6.2,5.1,5.3,110.8,4,0,1,1,0,0,0,0,0,0,0,0,0,0,0,0,0,0,1,1,0,5
68.5,0,19.0,171.0,77.4,76.7,256.1,1,3.0,6.7,9.7,5.2,99.6,3,0,1,1,0,0,0,0,0,0,0,0,0,0,0,0,0,0,0,1,0,5
84.0,0,23.3,166.7,79.3,78.5,268.0,1,5.8,7.7,5.7,6.0,89.3,3,0,1,0,0,0,0,0,0,0,0,0,0,0,0,0,0,0,1,0,0,5
50.8,0,24.1,172.9,84.9,91.6,267.1,1,4.8,6.6,7.0,6.1,85.2,1,0,1,1,0,0,0,0,0,0,0,0,0,0,0,0,0,0,1,0,0,5
58.8,1,21.2,169.2,77.1,75.2,230.9,1,5.9,7.0,0.8,5.1,90.6,2,0,1,1,0,0,0,0,0,0,0,0,0,0,0,0,0,0,1,1,0,5
71.1,1,22.0,130.0,76.0,91.4,261.4,0,3.1,7.6,0.5,5.3,94.9,1,0,0,1,0,0,0,0,0,0,0,0,0,0,0,0,0,0,1,1,0,5
65.9,1,24.6,141.9,79.4,89.1,243.1,0,6.0,6.2,5.1,6.4,100.1,2,0,1,1,0,0,0,0,0,0,0,0,0,0,0,0,0,0,0,0,0,5
38.0,1,21.9,125.3,70.5,75.6,289.7,0,1.9,7.1,0.1,6.9,94.5,1,0,1,0,0,0,0,0,0,0,0,0,0,0,0,0,0,0,1,0,0,5
46.9,1,24.3,138.2,75.5,102.5,230.7,1,3.2,6.5,8.7,7.4,99.5,2,0,1,1,0,0,0,0,0,0,0,0,0,0,0,0,0,0,1,0,0,5
50.7,0,20.1,121.1,71.4,96.3,302.4,1,3.1,7.7,0.9,3.1,89.9,4,0,0,1,0,0,0,0,0,0,0,0,0,0,0,0,0,0,1,0,0,5
58.9,1,23.5,122.8,83.2,91.8,304.5,1,3.1,8.0,7.8,4.7,72.1,3,0,1,1,0,0,0,0,0,0,0,0,0,0,0,0,0,0,1,1,0,5
74.0,0,21.8,134.1,69.2,88.7,257.3,0,4.7,7.8,4.2,5.7,89.0,2,0,1,0,0,0,0,0,0,0,0,0,0,0,0,0,0,0,1,0,0,5
66.8,0,23.8,121.0,70.8,84.8,271.1,1,4.8,8.3,1.4,9.4,104.9,2,0,1,1,0,0,0,0,0,0,0,0,0,0,0,0,0,0,1,1,0,5
66.0,0,20.4,152.7,77.2,94.7,303.4,1,3.5,7.7,2.1,7.9,74.3,4,0,1,1,0,0,0,0,0,0,0,0,0,0,0,0,0,0,1,1,0,5
65.4,0,21.2,139.5,75.8,88.8,278.0,0,3.5,8.0,2.4,1.6,76.4,2,0,1,1,0,0,0,0,0,0,0,0,0,0,0,0,0,0,1,0,0,5
77.0,1,23.5,163.7,78.9,91.2,242.0,0,6.1,6.7,1.3,6.2,90.3,2,0,1,0,0,0,0,0,0,0,0,0,0,0,0,0,0,0,0,0,0,5
63.6,1,24.8,139.9,74.7,99.7,289.4,1,3.7,6.8,1.0,5.9,80.3,2,0,1,1,0,0,0,0,0,0,0,0,0,0,0,0,0,0,0,1,0,5
55.9,0,22.6,157.1,74.2,107.0,248.4,1,3.8,6.4,5.7,5.3,64.0,3,0,1,0,0,0,0,0,0,0,0,0,0,0,0,0,0,0,0,1,0,5
74.7,1,26.1,164.4,73.5,82.3,240.9,0,2.8,7.1,1.4,8.8,91.7,2,0,1,1,0,0,0,0,0,0,0,0,0,0,0,0,0,0,1,1,0,5
62.1,0,22.9,120.0,68.7,84.2,286.1,1,5.0,5.6,9.8,5.7,90.8,2,0,1,1,0,0,0,0,0,0,0,0,0,0,0,0,0,0,1,0,0,5
61.6,1,22.9,139.0,77.1,91.0,294.4,0,4.0,8.1,2.5,5.4,96.7,3,0,1,1,0,0,0,0,0,0,0,0,0,0,0,0,0,0,0,1,0,5
66.1,1,24.5,154.1,68.7,85.9,245.1,1,4.2,6.5,2.4,6.0,95.3,3,0,1,1,0,0,0,0,0,0,0,0,0,0,0,0,0,0,1,0,0,5
82.9,1,26.8,151.7,81.1,87.9,291.0,1,4.2,6.6,3.2,5.8,87.2,2,0,1,0,0,0,0,0,0,0,0,0,0,0,0,0,0,0,1,1,0,5
68.9,1,25.6,159.4,80.2,79.9,289.3,1,3.2,6.4,6.8,5.4,80.1,2,0,1,0,0,0,0,0,0,0,0,0,0,0,0,0,0,0,1,0,0,5
51.7,1,20.3,132.3,79.2,109.5,258.7,1,5.2,9.5,2.6,4.8,72.9,1,0,1,1,0,0,0,0,0,0,0,0,0,0,0,0,0,0,1,0,0,5
63.1,1,22.1,164.9,70.4,97.9,297.1,1,3.8,7.5,1.1,8.8,81.6,2,0,1,1,0,0,0,0,0,0,0,0,0,0,0,0,0,0,1,0,0,5
55.9,0,23.1,158.8,75.8,79.9,339.1,0,4.8,7.2,3.8,6.3,86.4,3,0,0,0,0,0,0,0,0,0,0,0,0,0,0,0,0,0,0,1,0,5
62.0,0,20.3,140.5,78.2,82.8,285.3,0,4.1,7.6,3.1,7.4,76.4,1,0,1,0,0,0,0,0,0,0,0,0,0,0,0,0,0,0,1,1,0,5
69.5,0,22.9,130.7,74.3,89.7,270.4,1,3.3,7.7,0.1,8.1,88.0,1,0,1,0,0,0,0,0,0,0,0,0,0,0,0,0,0,0,0,1,0,5
66.0,1,28.5,128.8,75.3,84.9,222.2,0,5.9,7.6,4.2,7.7,64.0,4,0,1,1,0,0,0,0,0,0,0,0,0,0,0,0,0,0,1,0,0,5
73.7,1,22.3,164.4,83.1,82.9,303.0,0,1.6,7.1,2.8,4.4,89.2,2,0,1,1,0,0,0,0,0,0,0,0,0,0,0,0,0,0,1,0,0,5
48.3,1,21.5,178.2,76.9,86.9,242.7,1,2.0,6.6,4.3,7.8,76.9,3,0,1,0,0,0,0,0,0,0,0,0,0,0,0,0,0,0,1,0,0,5
77.0,0,24.9,143.8,72.2,92.8,264.9,1,4.8,8.3,0.2,6.4,84.8,3,0,1,1,0,0,0,0,0,0,0,0,0,0,0,0,0,0,1,0,0,5
70.9,1,26.4,148.8,80.6,79.1,347.6,0,3.0,6.7,5.4,8.4,85.9,2,0,1,1,0,0,0,0,0,0,0,0,0,0,0,0,0,0,1,0,0,5
61.2,0,20.9,148.8,74.6,74.3,248.5,1,3.7,6.9,1.0,9.2,73.9,1,0,1,1,0,0,0,0,0,0,0,0,0,0,0,0,0,0,0,1,0,5
40.7,1,23.4,162.2,74.4,89.7,263.9,0,3.2,9.6,3.9,5.3,91.8,4,0,1,1,0,0,0,0,0,0,0,0,0,0,0,0,0,0,1,0,0,5
45.7,0,24.7,149.4,76.7,93.3,231.9,1,7.2,7.4,0.1,8.6,81.0,2,0,1,1,0,0,0,0,0,0,0,0,0,0,0,0,0,0,1,0,0,5
54.4,1,22.5,155.6,63.7,88.9,253.8,0,4.5,7.7,0.4,8.7,95.4,2,0,1,1,0,0,0,0,0,0,0,0,0,0,0,0,0,0,1,1,0,5
57.1,0,21.2,159.2,77.8,86.6,307.8,1,3.4,8.3,3.7,6.4,81.0,1,0,1,1,0,0,0,0,0,0,0,0,0,0,0,0,0,0,0,1,0,5
47.7,0,22.7,150.5,80.7,78.2,318.2,1,4.4,8.6,3.2,6.4,97.9,2,0,0,1,0,0,0,0,0,0,0,0,0,0,0,0,0,0,1,1,0,5
57.6,1,20.3,152.3,77.3,80.5,292.6,1,2.7,6.3,1.5,7.9,94.8,2,0,1,1,0,0,0,0,0,0,0,0,0,0,0,0,0,0,1,1,0,5
52.3,1,28.9,133.0,76.1,81.5,336.9,1,1.9,6.1,2.5,5.4,79.4,2,0,1,1,0,0,0,0,0,0,0,0,0,0,0,0,0,0,0,0,0,5
60.3,1,24.6,143.3,76.3,89.3,218.2,0,2.7,6.1,0.3,5.0,74.2,3,0,1,0,0,0,0,0,0,0,0,0,0,0,0,0,0,0,1,1,0,5
66.6,1,27.3,144.8,82.8,81.8,238.1,1,3.2,6.5,5.5,7.0,76.9,1,0,1,1,0,0,0,0,0,0,0,0,0,0,0,0,0,0,1,0,0,5
74.2,0,22.0,140.9,67.5,92.8,245.4,0,1.7,9.0,0.5,5.8,75.4,1,0,1,1,0,0,0,0,0,0,0,0,0,0,0,0,0,0,0,0,0,5
57.2,1,22.5,145.1,74.8,94.0,288.0,0,2.8,6.8,1.5,3.8,79.3,2,0,1,1,0,0,0,0,0,0,0,0,0,0,0,0,0,0,0,0,0,5
53.1,1,18.5,152.2,77.8,81.0,246.8,1,3.2,7.3,3.7,7.1,93.3,1,0,1,1,0,0,0,0,0,0,0,0,0,0,0,0,0,0,1,0,0,5
65.3,0,23.0,139.4,77.7,97.6,265.5,1,2.6,6.4,3.3,7.7,100.5,2,0,1,0,0,0,0,0,0,0,0,0,0,0,0,0,0,0,1,1,0,5
59.3,0,19.0,143.4,78.0,86.6,253.0,0,3.3,7.2,0.9,6.8,79.1,4,0,1,1,0,0,0,0,0,0,0,0,0,0,0,0,0,0,1,0,0,5
66.5,0,24.8,155.9,76.3,82.5,283.4,1,2.5,7.7,0.9,8.5,94.8,4,0,1,1,0,0,0,0,0,0,0,0,0,0,0,0,0,0,0,1,0,5
73.6,0,23.7,120.0,76.8,93.2,215.0,0,4.6,8.3,0.8,4.6,106.3,2,0,1,0,0,0,0,0,0,0,0,0,0,0,0,0,0,0,0,0,0,5
73.9,1,22.4,145.3,81.1,88.7,309.5,1,2.7,7.0,0.4,7.7,79.8,1,0,1,0,0,0,0,0,0,0,0,0,0,0,0,0,0,0,1,0,0,5
57.3,0,25.5,145.0,73.7,81.4,269.5,1,4.0,7.2,0.7,7.9,102.4,2,0,1,1,0,0,0,0,0,0,0,0,0,0,0,0,0,0,1,0,0,5
59.3,0,23.4,133.2,72.1,81.4,217.1,1,2.5,6.5,6.2,6.2,99.1,1,0,1,1,0,0,0,0,0,0,0,0,0,0,0,0,0,0,0,0,0,5
64.5,0,25.9,133.2,84.1,83.9,218.2,1,2.8,6.4,1.1,4.4,78.7,3,0,1,1,0,0,0,0,0,0,0,0,0,0,0,0,0,0,1,0,0,5
63.1,1,24.1,131.5,76.5,92.4,236.0,0,4.9,5.7,1.7,7.2,81.3,3,0,1,0,0,0,0,0,0,0,0,0,0,0,0,0,0,0,1,0,0,5
56.4,0,23.9,157.4,76.2,87.8,219.0,1,4.1,7.6,1.2,7.8,84.3,3,0,1,1,0,0,0,0,0,0,0,0,0,0,0,0,0,0,1,0,0,5
69.5,1,23.8,141.9,72.1,97.8,266.7,1,5.5,6.1,0.6,5.1,91.3,4,0,1,1,0,0,0,0,0,0,0,0,0,0,0,0,0,0,0,0,0,5
48.7,0,22.2,147.4,74.9,92.1,289.9,1,3.0,7.9,3.5,8.3,83.2,3,0,1,1,0,0,0,0,0,0,0,0,0,0,0,0,0,0,1,0,0,5
64.8,1,26.8,127.6,74.1,84.9,289.6,0,4.2,7.4,0.6,10.2,107.2,3,0,1,0,0,0,0,0,0,0,0,0,0,0,0,0,0,0,0,1,0,5
60.6,0,27.8,121.9,81.1,92.8,311.5,1,3.2,8.9,0.0,8.0,79.1,3,0,0,1,0,0,0,0,0,0,0,0,0,0,0,0,0,0,1,0,0,5
64.9,1,23.1,146.6,70.4,87.4,249.9,0,3.1,8.0,6.4,7.7,86.6,4,0,1,0,0,0,0,0,0,0,0,0,0,0,0,0,0,0,1,1,0,5
63.2,0,27.0,120.0,80.8,83.6,218.5,1,4.2,7.5,1.1,7.4,64.4,2,0,1,1,0,0,0,0,0,0,0,0,0,0,0,0,0,0,1,0,0,5
64.4,1,24.4,154.8,66.1,84.3,259.7,1,2.3,6.3,1.9,8.8,64.0,4,0,1,0,0,0,0,0,0,0,0,0,0,0,0,0,0,0,1,0,0,5
71.3,0,21.7,159.7,72.0,83.4,283.1,1,4.6,7.4,2.3,7.6,69.3,2,0,1,1,0,0,0,0,0,0,0,0,0,0,0,0,0,0,0,1,0,5
73.2,0,26.0,136.7,81.5,91.6,223.5,1,6.9,6.7,0.2,7.8,86.1,2,0,1,0,0,0,0,0,0,0,0,0,0,0,0,0,0,0,1,0,0,5
52.9,1,22.6,137.6,81.5,74.5,227.1,0,4.6,6.4,0.8,8.4,87.8,1,0,1,1,0,0,0,0,0,0,0,0,0,0,0,0,0,0,1,0,0,5
72.8,0,21.8,172.2,71.9,79.3,289.9,0,5.7,5.8,7.0,1.9,84.7,1,0,1,0,0,0,0,0,0,0,0,0,0,0,0,0,0,0,1,1,0,5
62.0,1,22.5,157.8,74.2,87.1,236.8,1,2.1,7.6,1.2,6.6,114.5,1,0,1,0,0,0,0,0,0,0,0,0,0,0,0,0,0,0,1,0,0,5
56.4,1,19.3,151.5,79.7,85.7,284.3,1,4.6,8.6,1.0,5.3,74.0,1,0,1,1,0,0,0,0,0,0,0,0,0,0,0,0,0,0,1,1,0,5
51.7,1,22.8,149.9,78.5,84.2,258.1,1,1.7,5.9,2.5,9.3,86.4,2,0,1,1,0,0,0,0,0,0,0,0,0,0,0,0,0,0,0,0,0,5
60.5,1,22.8,132.9,76.9,95.3,255.7,0,3.3,8.0,2.3,8.9,80.4,3,0,1,1,0,0,0,0,0,0,0,0,0,0,0,0,0,0,0,1,0,5
61.7,1,21.7,149.9,76.1,99.7,230.9,0,4.9,7.2,4.4,7.6,79.9,4,0,1,0,0,0,0,0,0,0,0,0,0,0,0,0,0,0,1,1,0,5
62.3,0,22.7,165.7,75.3,107.8,285.4,1,3.2,6.7,2.0,7.6,99.2,1,0,0,1,0,0,0,0,0,0,0,0,0,0,0,0,0,0,1,0,0,5
70.9,1,21.7,128.5,91.8,101.5,257.1,1,4.0,6.5,0.7,5.5,90.3,1,0,1,1,0,0,0,0,0,0,0,0,0,0,0,0,0,0,0,0,0,5
67.5,0,25.1,128.4,73.7,87.7,295.1,1,5.1,6.4,2.8,7.7,95.7,3,0,1,1,0,0,0,0,0,0,0,0,0,0,0,0,0,0,1,0,0,5
56.3,1,24.3,173.9,75.1,89.9,264.7,1,3.5,7.1,1.2,6.7,78.9,4,0,1,1,0,0,0,0,0,0,0,0,0,0,0,0,0,0,1,0,0,5
58.9,1,22.8,154.9,77.5,85.3,243.1,1,3.6,8.4,0.6,9.3,78.9,1,0,1,1,0,0,0,0,0,0,0,0,0,0,0,0,0,0,1,0,0,5
38.0,0,26.0,170.1,87.0,83.7,264.3,1,4.4,8.2,6.5,10.2,90.5,1,0,1,0,0,0,0,0,0,0,0,0,0,0,0,0,0,0,1,0,0,5
40.7,1,23.3,145.2,75.6,97.1,283.2,1,6.4,7.8,9.3,8.8,91.0,2,0,1,1,0,0,0,0,0,0,0,0,0,0,0,0,0,0,1,1,0,5
60.7,0,21.7,149.4,70.8,95.5,249.5,0,3.4,7.9,2.0,7.4,89.5,1,0,1,1,0,0,0,0,0,0,0,0,0,0,0,0,0,0,1,0,0,5
45.5,1,23.9,181.0,75.3,92.0,256.5,1,0.5,7.2,1.3,5.3,79.7,4,0,1,1,0,0,0,0,0,0,0,0,0,0,0,0,0,0,1,0,0,5
65.6,1,23.1,136.6,79.1,83.9,259.2,1,6.4,5.5,9.1,9.0,74.7,3,0,1,1,0,0,0,0,0,0,0,0,0,0,0,0,0,0,1,0,0,5
52.3,0,22.1,129.2,78.0,93.0,269.1,1,5.0,7.2,2.0,6.0,91.1,3,0,1,1,0,0,0,0,0,0,0,0,0,0,0,0,0,0,0,0,0,5
62.5,1,21.3,146.0,71.1,87.2,330.2,1,4.9,6.1,1.2,7.8,103.8,3,0,1,1,0,0,0,0,0,0,0,0,0,0,0,0,0,0,1,1,0,5
70.6,1,25.7,139.8,68.4,103.1,298.0,1,3.7,8.3,0.5,8.3,91.2,2,0,1,1,0,0,0,0,0,0,0,0,0,0,0,0,0,0,0,1,0,5
46.3,1,26.6,134.6,78.4,89.9,319.7,1,4.5,7.2,1.3,5.1,104.1,4,0,1,0,0,0,0,0,0,0,0,0,0,0,0,0,0,0,0,1,0,5
68.2,0,28.9,161.1,75.3,95.0,246.6,0,5.7,8.0,10.5,8.0,97.2,2,0,1,1,0,0,0,0,0,0,0,0,0,0,0,0,0,0,1,1,0,5
38.0,0,23.3,142.7,69.7,83.1,263.7,0,3.3,9.3,0.2,5.9,83.9,3,0,0,1,0,0,0,0,0,0,0,0,0,0,0,0,0,0,1,0,0,5
65.8,1,19.2,139.4,79.8,83.8,274.7,1,5.2,6.7,1.1,6.0,70.2,1,0,1,1,0,0,0,0,0,0,0,0,0,0,0,0,0,0,1,1,0,5
48.6,1,22.2,143.5,75.4,78.0,280.2,0,2.6,6.9,3.1,8.3,87.1,2,0,1,1,0,0,0,0,0,0,0,0,0,0,0,0,0,0,1,1,0,5
71.5,1,24.1,167.5,80.6,99.6,215.0,1,6.9,7.3,1.9,6.3,89.0,3,0,0,1,0,0,0,0,0,0,0,0,0,0,0,0,0,0,1,1,0,5
57.7,1,22.3,120.0,81.3,96.4,258.5,1,4.0,8.0,3.3,5.2,88.7,2,0,1,1,0,0,0,0,0,0,0,0,0,0,0,0,0,0,0,1,0,5
61.6,1,18.7,154.3,78.2,92.1,216.7,1,3.7,9.2,3.7,7.6,98.6,4,0,1,1,0,0,0,0,0,0,0,0,0,0,0,0,0,0,1,1,0,5
63.8,0,22.3,147.5,78.0,90.1,315.0,0,4.9,6.7,1.0,7.3,106.4,2,0,1,1,0,0,0,0,0,0,0,0,0,0,0,0,0,0,1,0,0,5
56.0,0,21.1,154.4,76.1,94.1,245.2,0,1.4,7.5,2.5,7.2,75.2,1,0,1,1,0,0,0,0,0,0,0,0,0,0,0,0,0,0,1,0,0,5
54.1,1,22.3,171.8,71.1,91.1,272.3,0,3.7,8.6,7.6,7.0,91.4,1,0,1,1,0,0,0,0,0,0,0,0,0,0,0,0,0,0,1,1,0,5
54.6,1,18.0,146.3,81.0,92.3,252.1,1,3.1,6.7,1.4,6.3,95.5,3,0,1,0,0,0,0,0,0,0,0,0,0,0,0,0,0,0,1,0,0,5
56.8,0,24.5,183.0,74.8,80.8,265.5,0,3.7,8.9,3.9,7.4,95.9,2,0,0,1,0,0,0,0,0,0,0,0,0,0,0,0,0,0,1,1,0,5
71.9,0,23.6,152.0,75.5,93.1,265.9,1,6.8,7.2,0.9,6.6,85.0,1,0,1,1,0,0,0,0,0,0,0,0,0,0,0,0,0,0,1,0,0,5
51.5,1,24.5,141.2,76.7,94.9,284.1,0,2.8,8.3,1.0,7.7,79.5,2,0,1,1,0,0,0,0,0,0,0,0,0,0,0,0,0,0,1,1,0,5
54.0,0,20.6,120.0,82.2,97.5,302.9,1,2.4,8.4,0.1,7.8,82.3,2,0,1,0,0,0,0,0,0,0,0,0,0,0,0,0,0,0,1,0,0,5
75.6,1,17.2,157.6,77.8,84.3,269.8,0,6.2,7.5,0.5,7.8,68.0,1,0,0,0,0,0,0,0,0,0,0,0,0,0,0,0,0,0,1,0,0,5
74.4,1,26.4,134.7,75.0,91.8,227.2,0,4.7,7.4,0.6,8.1,95.0,2,0,0,1,0,0,0,0,0,0,0,0,0,0,0,0,0,0,0,0,0,5
76.5,0,24.6,151.6,70.8,79.4,238.6,1,4.7,5.9,2.4,6.9,86.8,2,0,1,1,0,0,0,0,0,0,0,0,0,0,0,0,0,0,0,1,0,5
48.5,1,25.6,126.6,78.4,91.7,251.8,0,1.8,7.0,0.5,7.6,95.4,1,0,1,1,0,0,0,0,0,0,0,0,0,0,0,0,0,0,1,0,0,5
59.7,0,23.1,131.2,84.5,81.2,290.6,1,3.0,7.0,3.7,7.1,101.0,3,0,1,1,0,0,0,0,0,0,0,0,0,0,0,0,0,0,1,0,0,5
71.5,0,19.3,147.1,72.2,82.6,248.3,1,5.3,6.1,0.3,7.6,98.8,3,0,1,0,0,0,0,0,0,0,0,0,0,0,0,0,0,0,1,1,0,5
63.1,1,28.4,155.0,62.5,86.9,291.3,0,3.5,9.1,0.3,3.8,92.1,2,0,1,0,0,0,0,0,0,0,0,0,0,0,0,0,0,0,1,0,0,5
72.2,0,25.9,153.8,78.5,81.8,215.0,0,5.2,7.8,1.2,5.6,87.1,2,0,1,1,0,0,0,0,0,0,0,0,0,0,0,0,0,0,1,0,0,5
53.5,1,19.0,136.2,72.4,93.2,236.4,1,-0.5,8.5,7.4,7.4,100.6,2,0,1,1,0,0,0,0,0,0,0,0,0,0,0,0,0,0,1,1,0,5
62.5,1,24.5,142.0,78.5,76.4,241.8,0,2.3,6.8,3.4,8.8,77.6,1,0,1,1,0,0,0,0,0,0,0,0,0,0,0,0,0,0,1,1,0,5
56.9,0,24.1,165.6,75.9,85.2,264.4,1,5.9,7.3,1.9,7.2,102.1,3,0,1,1,0,0,0,0,0,0,0,0,0,0,0,0,0,0,1,1,0,5
82.9,1,25.1,137.1,78.8,77.4,320.0,1,0.8,6.5,0.4,7.2,64.0,4,0,1,0,0,0,0,0,0,0,0,0,0,0,0,0,0,0,0,0,0,5
67.2,0,19.0,120.0,75.2,97.2,306.6,1,2.0,6.8,6.2,6.5,83.9,2,0,1,1,0,0,0,0,0,0,0,0,0,0,0,0,0,0,1,0,0,5
53.2,0,24.8,151.2,77.8,84.4,265.8,1,3.2,5.8,0.4,7.9,76.8,2,0,1,1,0,0,0,0,0,0,0,0,0,0,0,0,0,0,0,0,0,5
61.0,1,23.2,143.1,71.9,95.5,259.1,1,4.7,7.4,2.5,5.1,103.0,2,0,1,1,0,0,0,0,0,0,0,0,0,0,0,0,0,0,0,0,0,5
62.7,1,24.0,152.3,68.9,99.5,228.8,1,4.6,6.8,0.0,5.7,77.1,3,0,1,0,0,0,0,0,0,0,0,0,0,0,0,0,0,0,0,0,0,5
76.8,1,21.5,143.4,64.6,91.0,292.4,1,2.5,8.2,1.6,8.4,65.7,3,0,1,1,0,0,0,0,0,0,0,0,0,0,0,0,0,0,0,0,0,5
59.2,0,21.2,153.9,81.3,80.7,254.6,1,5.5,5.8,0.5,5.3,77.5,2,0,1,1,0,0,0,0,0,0,0,0,0,0,0,0,0,0,1,0,0,5
74.3,0,24.0,156.6,79.5,89.0,231.8,1,3.2,6.8,1.2,6.7,64.3,2,0,1,1,0,0,0,0,0,0,0,0,0,0,0,0,0,0,0,0,0,5
62.7,0,29.1,149.2,79.9,96.1,239.2,1,4.9,5.7,6.2,6.6,86.9,3,0,1,1,0,0,0,0,0,0,0,0,0,0,0,0,0,0,0,1,0,5
52.7,0,23.6,177.9,77.6,102.3,304.2,1,5.0,6.6,5.3,4.4,85.1,1,0,1,1,0,0,0,0,0,0,0,0,0,0,0,0,0,0,1,0,0,5
46.9,0,19.8,148.0,81.8,66.2,281.8,0,5.8,8.1,0.2,7.1,93.9,2,0,1,0,0,0,0,0,0,0,0,0,0,0,0,0,0,0,0,0,0,5
63.6,0,27.1,150.3,69.5,87.2,215.0,1,2.2,6.5,1.9,7.6,87.0,2,0,1,1,0,0,0,0,0,0,0,0,0,0,0,0,0,0,1,1,0,5
59.3,1,18.5,140.6,74.3,73.6,282.4,1,4.2,6.8,2.3,6.5,89.8,2,0,0,1,0,0,0,0,0,0,0,0,0,0,0,0,0,0,0,0,0,5
59.7,0,23.7,149.6,65.7,91.2,241.8,1,2.9,7.2,2.5,8.1,87.8,4,0,1,1,0,0,0,0,0,0,0,0,0,0,0,0,0,0,1,0,0,5
61.1,0,18.3,120.0,76.0,89.5,258.7,1,1.8,8.2,0.5,5.8,71.8,2,0,1,1,0,0,0,0,0,0,0,0,0,0,0,0,0,0,1,1,0,5
50.6,1,27.0,132.7,71.9,101.8,260.5,1,4.6,5.5,0.1,3.7,85.7,2,0,1,1,0,0,0,0,0,0,0,0,0,0,0,0,0,0,1,0,0,5
57.5,0,22.8,138.9,70.0,87.1,215.0,0,2.8,7.2,1.2,6.7,70.9,4,0,1,0,0,0,0,0,0,0,0,0,0,0,0,0,0,0,0,1,0,5
65.4,1,21.3,139.6,83.6,77.4,304.6,0,3.2,8.7,3.0,6.2,64.0,1,0,1,1,0,0,0,0,0,0,0,0,0,0,0,0,0,0,1,1,0,5
51.2,0,23.6,134.0,77.2,103.7,306.8,1,5.0,7.9,2.6,5.8,89.4,2,0,1,0,0,0,0,0,0,0,0,0,0,0,0,0,0,0,1,0,0,5
64.2,0,23.9,146.4,69.7,85.6,230.1,0,1.5,6.1,1.5,6.5,82.7,1,0,0,1,0,0,0,0,0,0,0,0,0,0,0,0,0,0,0,1,0,5
52.4,0,25.8,153.7,67.5,83.4,215.0,1,5.0,8.7,2.1,8.1,104.4,3,0,1,0,0,0,0,0,0,0,0,0,0,0,0,0,0,0,1,1,0,5
80.2,0,22.4,142.1,83.2,76.8,215.0,1,4.0,7.7,3.8,4.9,77.6,2,0,1,1,0,0,0,0,0,0,0,0,0,0,0,0,0,0,1,0,0,5
62.4,1,23.1,165.3,72.4,81.3,249.4,0,4.2,6.6,1.4,8.9,77.1,1,0,0,0,0,0,0,0,0,0,0,0,0,0,0,0,0,0,1,1,0,5
45.9,0,20.4,120.0,79.2,96.6,238.1,1,3.4,7.5,2.4,6.8,95.2,1,0,1,0,0,0,0,0,0,0,0,0,0,0,0,0,0,0,1,1,0,5
65.5,0,25.3,142.9,76.4,88.7,267.7,1,0.6,6.6,10.7,8.7,70.4,2,0,1,1,0,0,0,0,0,0,0,0,0,0,0,0,0,0,0,0,0,5
69.1,1,23.9,151.2,69.8,97.4,265.2,1,3.8,7.5,0.2,8.8,109.7,4,0,1,1,0,0,0,0,0,0,0,0,0,0,0,0,0,0,1,0,0,5
38.0,1,24.5,120.0,77.7,97.0,245.4,0,6.4,6.9,1.6,6.9,88.3,2,0,1,0,0,0,0,0,0,0,0,0,0,0,0,0,0,0,0,0,0,5
74.1,0,19.2,169.2,74.6,93.9,281.0,1,2.4,9.3,2.3,6.8,107.6,2,0,1,1,0,0,0,0,0,0,0,0,0,0,0,0,0,0,1,0,0,5
63.8,0,19.4,136.1,66.9,74.5,279.4,0,1.2,7.7,0.2,5.8,80.1,2,0,1,1,0,0,0,0,0,0,0,0,0,0,0,0,0,0,1,1,0,5
59.9,1,24.6,144.6,83.1,83.1,215.0,0,6.7,6.6,0.4,7.7,95.5,2,0,1,1,0,0,0,0,0,0,0,0,0,0,0,0,0,0,1,1,0,5
74.0,0,24.2,137.0,74.4,85.1,276.2,1,3.6,7.1,2.0,8.6,64.8,4,0,1,0,0,0,0,0,0,0,0,0,0,0,0,0,0,0,1,0,0,5
56.1,0,22.1,157.3,76.2,97.5,285.8,1,2.8,6.3,2.7,5.7,72.8,4,0,1,1,0,0,0,0,0,0,0,0,0,0,0,0,0,0,0,0,0,5
58.9,0,23.7,129.7,73.0,105.7,266.5,1,2.1,7.3,5.8,6.9,100.8,4,0,1,1,0,0,0,0,0,0,0,0,0,0,0,0,0,0,1,1,0,5
60.3,0,24.6,161.6,71.4,81.7,277.1,1,4.5,6.7,3.2,6.0,85.9,3,0,1,1,0,0,0,0,0,0,0,0,0,0,0,0,0,0,0,1,0,5
65.3,0,19.1,141.8,73.9,80.5,216.3,1,3.6,7.5,5.6,9.5,97.5,4,0,1,1,0,0,0,0,0,0,0,0,0,0,0,0,0,0,1,0,0,5
65.8,0,22.0,128.3,80.3,78.6,229.6,1,4.8,6.4,0.9,2.0,79.7,4,0,1,1,0,0,0,0,0,0,0,0,0,0,0,0,0,0,1,1,0,5
45.0,0,21.0,143.9,76.3,98.9,220.6,1,1.6,7.2,2.9,5.9,79.4,2,0,1,1,0,0,0,0,0,0,0,0,0,0,0,0,0,0,0,0,0,5
55.8,0,27.8,120.0,74.3,73.5,268.0,1,2.5,6.1,3.4,8.4,96.2,4,0,1,1,0,0,0,0,0,0,0,0,0,0,0,0,0,0,1,0,0,5
52.3,0,25.5,141.2,79.3,82.8,215.0,0,5.7,6.6,0.6,7.4,85.7,2,0,0,1,0,0,0,0,0,0,0,0,0,0,0,0,0,0,0,0,0,5
54.8,0,21.8,144.6,75.2,92.7,307.6,1,4.0,6.3,2.7,7.3,75.1,4,0,1,1,0,0,0,0,0,0,0,0,0,0,0,0,0,0,0,1,0,5
64.6,1,24.3,152.9,73.0,85.3,264.4,1,4.9,7.0,1.0,5.1,77.5,3,0,1,0,0,0,0,0,0,0,0,0,0,0,0,0,0,0,1,0,0,5
74.7,0,20.5,129.8,73.6,87.4,313.5,0,4.5,8.0,2.2,6.2,81.0,1,0,1,0,0,0,0,0,0,0,0,0,0,0,0,0,0,0,1,0,0,5
66.0,0,23.6,151.7,75.8,87.3,282.3,1,3.8,9.0,6.3,6.3,72.6,1,0,1,0,0,0,0,0,0,0,0,0,0,0,0,0,0,0,0,1,0,5
55.4,0,23.1,133.2,81.7,84.6,255.7,1,3.5,7.9,2.8,5.3,66.2,2,0,1,1,0,0,0,0,0,0,0,0,0,0,0,0,0,0,1,1,0,5
72.2,1,17.6,144.2,77.2,100.7,273.7,1,3.7,7.4,0.4,5.0,88.9,2,0,1,0,0,0,0,0,0,0,0,0,0,0,0,0,0,0,0,1,0,5
58.0,1,24.0,145.5,76.8,91.7,286.5,1,3.5,6.2,0.1,5.2,95.4,2,0,1,1,0,0,0,0,0,0,0,0,0,0,0,0,0,0,0,0,0,5
75.6,0,27.5,138.9,76.1,78.0,236.5,1,4.2,7.5,8.4,7.5,76.4,2,0,0,1,0,0,0,0,0,0,0,0,0,0,0,0,0,0,1,0,0,5
59.1,0,22.0,130.4,81.0,81.4,295.2,1,3.9,6.6,2.3,5.3,99.2,4,0,1,1,0,0,0,0,0,0,0,0,0,0,0,0,0,0,1,1,0,5
79.5,0,23.1,159.6,77.0,96.7,215.0,0,3.0,8.3,0.8,7.1,83.7,1,0,1,1,0,0,0,0,0,0,0,0,0,0,0,0,0,0,1,0,0,5
78.6,1,24.5,136.1,78.4,95.0,260.5,0,3.6,6.3,2.1,6.7,64.0,2,0,1,0,0,0,0,0,0,0,0,0,0,0,0,0,0,0,0,0,0,5
56.9,1,24.2,168.0,78.9,90.1,300.8,1,2.1,8.8,0.3,6.8,76.0,2,0,1,0,0,0,0,0,0,0,0,0,0,0,0,0,0,0,1,0,0,5
67.0,0,23.5,156.8,77.4,100.5,255.1,1,2.0,8.1,1.6,5.5,100.0,4,0,1,1,0,0,0,0,0,0,0,0,0,0,0,0,0,0,0,1,0,5
55.1,0,24.4,146.3,74.9,95.1,292.0,0,5.2,6.4,0.7,5.3,117.1,2,0,1,1,0,0,0,0,0,0,0,0,0,0,0,0,0,0,1,0,0,5
60.2,0,24.2,173.5,81.9,80.0,222.7,0,5.2,8.1,2.4,5.3,80.7,2,0,1,1,0,0,0,0,0,0,0,0,0,0,0,0,0,0,0,0,0,5
62.8,1,22.6,137.2,72.5,91.3,275.6,1,4.4,7.3,3.2,4.5,100.3,1,0,1,1,0,0,0,0,0,0,0,0,0,0,0,0,0,0,1,0,0,5
69.0,1,20.9,134.3,77.1,82.0,290.1,1,5.5,7.6,8.8,5.6,92.9,3,0,1,1,0,0,0,0,0,0,0,0,0,0,0,0,0,0,1,0,0,5
62.0,1,28.3,178.1,70.4,90.4,269.7,0,5.8,6.5,0.3,6.8,90.7,2,0,1,0,0,0,0,0,0,0,0,0,0,0,0,0,0,0,1,1,0,5
59.8,0,21.1,135.6,70.7,101.1,223.8,1,5.3,8.7,2.4,6.8,96.2,2,0,1,1,0,0,0,0,0,0,0,0,0,0,0,0,0,0,1,1,0,5
61.8,1,29.5,120.0,79.8,99.6,215.0,1,7.1,6.7,0.8,9.3,92.8,1,0,1,0,0,0,0,0,0,0,0,0,0,0,0,0,0,0,0,0,0,5
59.2,0,22.8,157.4,73.9,81.3,244.6,1,2.2,6.2,5.9,9.1,85.3,1,0,0,1,0,0,0,0,0,0,0,0,0,0,0,0,0,0,1,1,0,5
61.4,0,22.5,131.2,74.4,86.3,319.3,1,1.1,6.6,0.2,6.1,100.0,4,0,0,1,0,0,0,0,0,0,0,0,0,0,0,0,0,0,1,0,0,5
48.9,1,23.6,149.4,71.8,71.0,262.6,1,7.2,6.8,3.0,5.8,88.7,2,0,0,1,0,0,0,0,0,0,0,0,0,0,0,0,0,0,1,1,0,5
54.8,1,24.7,130.9,84.7,99.6,249.0,0,3.3,7.9,0.8,5.2,74.9,4,0,1,1,0,0,0,0,0,0,0,0,0,0,0,0,0,0,0,0,0,5
42.5,1,25.0,140.5,66.0,94.8,231.8,0,-0.2,6.7,0.9,7.0,90.8,2,0,1,0,0,0,0,0,0,0,0,0,0,0,0,0,0,0,0,1,0,5
56.4,1,22.4,173.3,71.3,94.8,226.3,0,3.5,6.1,0.6,6.0,92.0,2,0,1,1,0,0,0,0,0,0,0,0,0,0,0,0,0,0,1,0,0,5
63.9,1,22.0,142.8,79.5,86.0,220.5,0,2.0,7.2,3.0,6.2,82.8,4,0,1,0,0,0,0,0,0,0,0,0,0,0,0,0,0,0,1,1,0,5
58.0,0,25.4,142.4,83.7,91.8,233.1,0,1.1,6.4,10.7,4.7,99.8,2,0,1,1,0,0,0,0,0,0,0,0,0,0,0,0,0,0,1,0,0,5
56.8,1,20.1,152.4,82.1,96.5,253.9,0,1.9,7.0,1.4,6.1,81.6,1,0,0,1,0,0,0,0,0,0,0,0,0,0,0,0,0,0,0,0,0,5
56.1,1,19.4,129.9,78.9,92.0,280.2,1,3.6,8.4,1.8,7.8,81.0,2,0,1,1,0,0,0,0,0,0,0,0,0,0,0,0,0,0,0,0,0,5
69.1,1,27.2,135.5,79.9,95.7,215.0,1,2.9,6.6,2.1,8.9,74.4,2,0,0,1,0,0,0,0,0,0,0,0,0,0,0,0,0,0,1,0,0,5
62.7,1,25.8,132.6,80.3,79.5,215.6,1,3.3,7.2,0.0,4.2,81.2,2,0,0,0,0,0,0,0,0,0,0,0,0,0,0,0,0,0,1,0,0,5
84.0,1,22.2,160.7,72.5,92.8,215.0,1,5.1,7.5,2.9,6.0,72.7,2,0,1,0,0,0,0,0,0,0,0,0,0,0,0,0,0,0,0,1,0,5
66.0,1,21.6,162.6,78.6,99.4,274.0,1,3.3,7.8,0.9,6.6,64.0,4,0,1,1,0,0,0,0,0,0,0,0,0,0,0,0,0,0,1,1,0,5
51.0,1,23.8,128.0,79.1,99.4,265.1,1,2.1,7.6,4.9,7.1,100.5,2,0,1,0,0,0,0,0,0,0,0,0,0,0,0,0,0,0,1,0,0,5
61.8,1,22.5,141.5,64.4,84.4,244.5,1,3.9,6.4,4.4,4.0,89.5,3,0,1,1,0,0,0,0,0,0,0,0,0,0,0,0,0,0,1,1,0,5
51.4,0,19.5,151.2,82.5,88.0,242.9,1,4.4,7.6,7.3,6.9,88.0,2,0,1,0,0,0,0,0,0,0,0,0,0,0,0,0,0,0,0,1,0,5
59.7,0,22.2,141.0,80.7,89.8,282.9,1,6.5,5.9,5.6,6.0,80.8,2,0,1,1,0,0,0,0,0,0,0,0,0,0,0,0,0,0,1,0,0,5
73.5,0,19.6,147.8,80.4,80.3,260.0,1,2.5,7.4,1.0,6.6,94.4,2,0,1,1,0,0,0,0,0,0,0,0,0,0,0,0,0,0,1,0,0,5
74.0,0,22.1,159.0,77.6,110.5,250.9,1,6.1,5.2,0.8,5.8,80.5,1,0,1,1,0,0,0,0,0,0,0,0,0,0,0,0,0,0,1,0,0,5
57.6,1,23.4,170.0,74.2,89.7,282.2,0,4.5,7.6,2.1,6.1,88.5,1,0,1,1,0,0,0,0,0,0,0,0,0,0,0,0,0,0,1,1,0,5
63.0,1,25.7,162.8,85.5,82.5,282.3,1,4.1,5.6,1.1,5.7,96.2,2,0,1,1,0,0,0,0,0,0,0,0,0,0,0,0,0,0,1,0,0,5
66.9,1,24.3,149.1,81.6,86.6,235.1,0,2.6,6.0,3.7,5.7,78.2,3,0,1,0,0,0,0,0,0,0,0,0,0,0,0,0,0,0,1,0,0,5
61.8,1,22.2,163.9,75.6,95.0,274.4,1,5.3,6.2,0.9,8.9,79.8,2,0,0,1,0,0,0,0,0,0,0,0,0,0,0,0,0,0,1,0,0,5
72.1,0,21.1,144.7,78.7,102.8,232.0,1,4.2,6.7,0.5,6.9,79.9,4,0,1,1,0,0,0,0,0,0,0,0,0,0,0,0,0,0,1,0,0,5
57.1,0,24.4,141.5,81.5,85.0,241.9,0,5.0,7.3,2.0,6.0,82.4,1,0,1,1,0,0,0,0,0,0,0,0,0,0,0,0,0,0,1,1,0,5
61.8,0,27.0,133.2,75.2,91.3,290.5,1,3.7,6.4,3.0,6.9,90.5,2,0,1,1,0,0,0,0,0,0,0,0,0,0,0,0,0,0,0,1,0,5
65.5,0,23.4,129.1,76.7,104.6,291.3,0,3.5,8.7,2.9,7.6,87.9,2,0,1,1,0,0,0,0,0,0,0,0,0,0,0,0,0,0,0,1,0,5
65.9,1,19.4,160.1,76.6,89.5,227.5,0,6.5,8.5,1.9,6.8,87.4,1,0,1,1,0,0,0,0,0,0,0,0,0,0,0,0,0,0,0,1,0,5
74.4,0,24.0,171.0,77.8,77.7,286.2,0,4.3,8.9,0.1,6.4,79.0,3,0,0,1,0,0,0,0,0,0,0,0,0,0,0,0,0,0,1,1,0,5
65.9,1,24.7,141.8,81.0,82.5,251.1,1,3.8,6.0,11.2,6.3,103.6,2,0,1,0,0,0,0,0,0,0,0,0,0,0,0,0,0,0,1,1,0,5
54.7,0,27.0,128.1,74.7,88.8,255.1,1,3.7,7.0,1.1,8.0,85.6,2,0,1,1,0,0,0,0,0,0,0,0,0,0,0,0,0,0,1,1,0,5
67.3,0,25.5,167.8,70.3,82.9,267.6,1,4.3,6.5,7.8,6.9,91.7,1,0,1,0,0,0,0,0,0,0,0,0,0,0,0,0,0,0,1,1,0,5
74.6,0,24.4,139.9,67.6,85.3,313.1,0,3.5,7.3,0.4,6.4,71.5,1,0,1,1,0,0,0,0,0,0,0,0,0,0,0,0,0,0,1,0,0,5
43.9,1,21.0,186.7,75.2,93.3,249.8,1,3.2,5.8,0.1,7.1,65.1,1,0,1,1,0,0,0,0,0,0,0,0,0,0,0,0,0,0,1,0,0,5
74.8,1,25.7,131.7,76.3,86.5,243.6,1,3.2,7.3,4.1,8.0,92.4,4,0,1,1,0,0,0,0,0,0,0,0,0,0,0,0,0,0,1,0,0,5
69.8,1,24.3,146.4,74.9,79.0,258.8,1,4.2,5.4,4.9,8.6,74.9,3,0,1,1,0,0,0,0,0,0,0,0,0,0,0,0,0,0,1,1,0,5
62.9,1,24.8,153.6,76.2,101.7,282.6,1,4.3,7.4,0.3,9.8,83.3,1,0,1,0,0,0,0,0,0,0,0,0,0,0,0,0,0,0,0,0,0,5
68.2,0,24.6,171.1,76.6,97.8,292.9,0,3.1,7.1,4.0,6.5,93.7,3,0,1,0,0,0,0,0,0,0,0,0,0,0,0,0,0,0,1,0,0,5
73.1,0,27.3,151.8,81.8,88.4,260.3,1,0.8,6.7,2.2,8.0,93.4,1,0,1,1,0,0,0,0,0,0,0,0,0,0,0,0,0,0,1,1,0,5
61.1,1,23.5,141.1,77.1,82.8,215.0,1,5.4,7.7,0.4,8.5,104.1,4,0,1,1,0,0,0,0,0,0,0,0,0,0,0,0,0,0,1,0,0,5
56.3,0,22.9,128.5,70.3,82.7,227.7,0,5.2,7.6,1.0,9.4,99.4,2,0,1,1,0,0,0,0,0,0,0,0,0,0,0,0,0,0,0,0,0,5
67.4,1,24.5,133.1,78.3,78.9,306.5,1,3.9,7.5,1.9,8.0,92.2,3,0,1,1,0,0,0,0,0,0,0,0,0,0,0,0,0,0,1,1,0,5
64.0,1,23.6,140.9,77.4,86.6,244.9,1,1.1,6.2,0.8,9.1,64.0,3,0,1,0,0,0,0,0,0,0,0,0,0,0,0,0,0,0,0,1,0,5
58.9,1,28.2,163.8,77.6,88.2,298.8,1,2.3,7.2,2.5,6.8,76.1,4,0,0,1,0,0,0,0,0,0,0,0,0,0,0,0,0,0,0,0,0,5
60.0,1,22.8,149.3,70.5,91.8,215.0,0,2.1,6.3,0.0,7.5,95.7,3,0,1,0,0,0,0,0,0,0,0,0,0,0,0,0,0,0,1,0,0,5
60.4,0,20.9,133.9,81.8,86.0,287.1,0,3.4,6.6,2.1,8.1,97.2,1,0,1,1,0,0,0,0,0,0,0,0,0,0,0,0,0,0,1,0,0,5
54.6,0,21.9,150.5,75.9,90.9,251.5,1,3.3,6.6,0.0,6.5,64.0,1,0,1,1,0,0,0,0,0,0,0,0,0,0,0,0,0,0,1,0,0,5
81.6,0,27.9,131.8,74.8,90.0,274.1,1,4.2,7.2,0.3,4.2,79.6,2,0,0,0,0,0,0,0,0,0,0,0,0,0,0,0,0,0,0,0,0,5
53.6,1,26.6,131.5,84.2,97.3,253.2,1,2.4,6.8,0.6,5.2,76.3,4,0,1,1,0,0,0,0,0,0,0,0,0,0,0,0,0,0,1,1,0,5
60.0,0,24.2,131.6,72.0,80.3,248.6,1,5.8,8.3,7.7,7.8,84.0,3,0,1,1,0,0,0,0,0,0,0,0,0,0,0,0,0,0,0,0,0,5
57.3,0,22.4,128.8,66.0,66.7,281.4,0,5.2,7.7,1.9,7.2,98.2,4,0,1,0,0,0,0,0,0,0,0,0,0,0,0,0,0,0,1,0,0,5
72.6,0,23.5,142.2,79.3,86.4,239.7,0,5.6,6.0,2.0,5.8,95.5,2,0,1,1,0,0,0,0,0,0,0,0,0,0,0,0,0,0,1,1,0,5
64.2,0,24.1,153.4,77.2,94.6,268.5,1,7.4,7.7,0.4,7.9,71.2,2,0,1,1,0,0,0,0,0,0,0,0,0,0,0,0,0,0,0,0,0,5
59.5,1,29.3,187.0,80.3,96.1,232.9,0,2.3,7.6,3.3,6.5,103.3,2,0,1,1,0,0,0,0,0,0,0,0,0,0,0,0,0,0,1,0,0,5
59.2,1,25.7,141.7,77.0,90.7,257.0,0,2.5,6.1,1.1,5.2,80.1,1,0,1,1,0,0,0,0,0,0,0,0,0,0,0,0,0,0,1,0,0,5
68.2,0,22.1,155.3,69.3,96.0,241.9,1,2.2,6.9,7.1,8.7,99.7,3,0,1,0,0,0,0,0,0,0,0,0,0,0,0,0,0,0,0,1,0,5
67.3,0,17.6,133.6,81.2,82.5,266.3,1,3.7,6.5,3.2,8.1,74.6,1,0,1,1,0,0,0,0,0,0,0,0,0,0,0,0,0,0,1,0,0,5
53.2,1,29.2,164.6,78.7,95.1,335.6,1,3.6,5.0,2.4,4.3,93.8,1,0,1,0,0,0,0,0,0,0,0,0,0,0,0,0,0,0,1,0,0,5
65.4,1,24.0,120.0,85.1,105.1,287.1,1,5.6,6.7,0.2,8.7,112.6,3,0,1,1,0,0,0,0,0,0,0,0,0,0,0,0,0,0,0,0,0,5
60.5,1,21.6,131.3,71.8,85.5,235.6,1,3.2,7.6,5.4,7.1,75.8,4,0,1,1,0,0,0,0,0,0,0,0,0,0,0,0,0,0,1,1,0,5
51.7,0,18.1,153.9,77.2,86.1,261.1,0,3.2,7.8,2.2,6.2,90.8,3,0,1,1,0,0,0,0,0,0,0,0,0,0,0,0,0,0,0,0,0,5
75.0,1,20.4,151.2,77.5,99.6,282.7,0,1.9,6.8,3.8,9.5,98.3,2,0,1,1,0,0,0,0,0,0,0,0,0,0,0,0,0,0,1,0,0,5
55.5,1,26.5,178.8,69.3,74.1,252.6,0,-1.2,7.7,5.8,6.0,108.0,4,0,1,1,0,0,0,0,0,0,0,0,0,0,0,0,0,0,0,0,0,5
58.3,1,24.0,152.2,71.8,90.7,244.9,0,1.5,7.9,1.9,4.4,81.0,2,0,1,1,0,0,0,0,0,0,0,0,0,0,0,0,0,0,1,1,0,5
57.8,0,22.9,148.5,77.6,94.8,276.4,1,5.1,5.8,0.7,6.3,74.2,1,0,1,0,0,0,0,0,0,0,0,0,0,0,0,0,0,0,1,1,0,5
68.0,1,23.4,143.1,75.5,96.3,317.6,1,5.0,8.9,0.3,9.7,64.0,1,0,1,0,0,0,0,0,0,0,0,0,0,0,0,0,0,0,1,0,0,5
59.9,1,23.5,131.8,74.4,89.7,240.6,1,3.6,7.4,1.1,6.0,95.2,1,0,1,0,0,0,0,0,0,0,0,0,0,0,0,0,0,0,1,1,0,5
57.9,1,22.4,165.5,77.2,83.4,289.7,1,2.9,6.3,2.2,6.5,72.3,2,0,1,1,0,0,0,0,0,0,0,0,0,0,0,0,0,0,1,0,0,5
51.4,1,24.9,125.8,69.5,76.0,278.5,0,0.3,6.3,0.3,5.6,84.2,1,0,1,0,0,0,0,0,0,0,0,0,0,0,0,0,0,0,1,1,0,5
58.2,1,21.8,125.3,74.5,92.3,266.6,0,6.0,7.0,2.5,7.1,71.3,3,0,1,1,0,0,0,0,0,0,0,0,0,0,0,0,0,0,0,0,0,5
70.1,1,23.0,130.9,69.5,74.2,236.6,0,4.6,7.5,0.8,5.5,87.6,4,0,1,1,0,0,0,0,0,0,0,0,0,0,0,0,0,0,0,0,0,5
